SKU / Barcode,Product Name,Variant / Option,Shop,Platform,Units Sold,Revenue (RM),Avg Selling Price (RM),Min Unit Price (RM),Max Unit Price (RM),Distinct Orders,First Sale,Last Sale,Name Variants Merged
"4901140905377","Iwatani Windproof Portable Camping Stove Butane Gas Tafumaru CB-ODX-1(Standard) & BC-ODX-JR (Junior) Tough Maru","Tafumaru Olive","Elite Camp","Shopee",16,5984.00,374.00,369.00,379.00,16,2025-04-01,2025-06-23,2
"4901140905346","Iwatani Portable Korean BBQ Yakimaru Smokeless Grill Yakiniku Stove Butane Gas Camping CB-SLG-1","Yakimaru Stove","Elite Camp","Shopee",15,5165.00,344.33,339.00,359.00,11,2025-04-01,2025-06-16,2
"4901140905353","Iwatani Cooking Torch CB-TC-CKGR Butane Gas Torch Culinary Burner Fire Gun Lighter Flamethrower","Culinary Torch","Elite Camp","Shopee",31,4867.00,157.00,157.00,157.00,21,2025-04-01,2025-06-19,1
"4901140905391","Iwatani Windproof Portable Camping Stove Butane Gas Tafumaru CB-ODX-1(Standard) & BC-ODX-JR (Junior) Tough Maru","Tafumaru Black","Elite Camp","Shopee",12,4468.00,372.33,369.00,379.00,12,2025-04-05,2025-06-15,2
"4901140905933","Iwatani Tatsujin Slim III Portable Gas Stove Outdoor Camping Dapur Gas Takoyaki Emergency CB-SS-50 Hot Sandwich Grill","Tatsujin Stove Black","Elite Camp","Shopee",22,4204.00,191.09,187.00,217.00,12,2025-04-01,2025-06-24,1
"Iwatani-Gas-CB-250-ML-6can","(order separately) Iwatani Butane Gas Cartridge Refill Canister Portable Stove CB-250-OR Cassette","6 Cans","Elite Camp","Shopee",40,1988.00,49.70,49.70,49.70,37,2025-04-22,2025-06-28,1
"4902778129494","Auto Lead Rotation Uni Kuru Toga Roulette Model Mechanical Pencil (0.5mm)","Gun Metallic Black","Japan Stationery","Shopee",56,1922.50,34.33,33.70,69.00,56,2025-05-03,2025-06-28,1
"4901140904868","Iwatani Windproof Portable Camping Stove Butane Gas Tafumaru CB-ODX-1 & BC-ODX-JR Junior Tough Maru","Tafumaru Jr Olive","Elite Camp","Shopee",5,1875.00,375.00,369.00,379.00,5,2025-04-24,2025-06-15,1
"4901140905384","Iwatani Windproof Portable Camping Stove Butane Gas Tafumaru CB-ODX-1(Standard) & BC-ODX-JR (Junior) Tough Maru","Tafumaru Jr Black","Elite Camp","Shopee",5,1855.00,371.00,369.00,379.00,5,2025-04-01,2025-06-09,2
"4901140898136","LIMITED Iwatani Camping Windproof Portable Stove CB-VT-1","Stove + Casing","Elite Camp","Shopee",12,1764.00,147.00,147.00,147.00,11,2025-04-14,2025-06-22,1
"4903419818944","Original Lihit Lab Pen / Pencil Case - Smart Fit Compact Type","Black","Japan Stationery","Shopee",46,1743.40,37.90,37.90,37.90,46,2025-04-10,2025-06-27,1
"6975498002604","Olight Warrior X3 & X4 Rechargeable Tactical Flashlight Waterproof Torchlight Compact Torch Flash","X4 Matte Black","Japan Stationery","Shopee",4,1676.00,419.00,419.00,419.00,4,2025-04-21,2025-06-14,1
"5702015868043","LEGO Boost Creative Toolbox 17101 Fun Robot Building Set and Educational Coding Kit for Kids","Creative Toolbox","Japan Stationery","Shopee",1,1599.00,1599.00,1599.00,1599.00,1,2025-06-07,2025-06-07,1
"4589946135497","DOD Folding Wagon, Large Capacity 100kg, 150 L, Foldable Compact Camping Trolley Heavy duty Troli","Beige","Elite Camp","Shopee",2,1598.00,799.00,799.00,799.00,2,2025-04-02,2025-06-16,1
"4901140905322","Iwatani Portable Grill Stove Aburiya Outdoor Skewer Yakitori BBQ Butane Gas Camping  CB-ABR-2","","Elite Camp","Shopee",4,1548.00,387.00,387.00,387.00,4,2025-04-06,2025-04-16,1
"4903419818937","Original Lihit Lab Pen / Pencil Case - Smart Fit Compact Type","Blue","Japan Stationery","Shopee",36,1364.40,37.90,37.90,37.90,36,2025-04-04,2025-06-30,1
"4902506185365","Japan Version Pentel Graph Gear 1000 Drafting Mech Pencil PG1015 0.3 0.4 0.5 0.7 0.9mm Graphgear 1000","0.5mm","Japan Stationery","Shopee",39,1364.10,34.98,34.90,37.90,39,2025-04-11,2025-05-10,2
"4902778129487","Auto Lead Rotation Uni Kuru Toga Roulette Model Mechanical Pencil (0.5mm)","Silver","Japan Stationery","Shopee",37,1282.20,34.65,33.70,69.00,37,2025-05-04,2025-06-30,1
"6977261690855","Olight Warrior X3 & X4 Rechargeable Tactical Flashlight Waterproof Torchlight Compact Torch Flash","X4 Flat Dark Earth","Japan Stationery","Shopee",3,1257.00,419.00,419.00,419.00,3,2025-04-11,2025-05-24,1
"4902506172891","Japan Version Pentel Graph Gear 500 Drafting Mech Pencil 0.3 0.4 0.5 0.7 0.9mm PG513 PG514 PG515 PG517 PG519","0.5mm","Japan Stationery","Shopee",53,1245.50,23.50,23.50,23.50,50,2025-04-02,2025-06-29,1
"6972378121615","Olight Marauder 2 14000 Lumens Super Powerful Flashlight Waterproof Rechargeable Powerbank Emergency Shockproof Torch Li","","Elite Camp","Shopee",1,1197.00,1197.00,1197.00,1197.00,1,2025-06-02,2025-06-02,1
"6975498001096","Olight Baton 3 (Pro) (Pro Max) Rechargeable Water Proof Magnetic Flash Light Camping Hiking Emergency EDC Torch Light","Baton3ProMAX-ODGreen","Elite Camp","Shopee",4,1108.00,277.00,277.00,277.00,3,2025-05-14,2025-06-20,1
"4901140905377","Iwatani Windproof Portable Camping Stove Butane Gas Tafumaru  Tough Maru CB-ODX-1BC-ODX-JR","Color:Tafumaru Olive","Elite Camp","Lazada",3,1063.70,354.57,322.00,370.85,2,2025-05-03,2025-06-05,1
"4903419818913","Original Lihit Lab Pen / Pencil Case - Smart Fit Compact Type","Red","Japan Stationery","Shopee",27,1023.30,37.90,37.90,37.90,27,2025-04-04,2025-06-30,1
"6975498006169","Olight Seeker 4 Pro/Mini Waterproof Rechargeable Flashlight Camping Hiking UV Emergency Compact","S4 Pro -MidnightBlue","Japan Stationery","Shopee",2,938.00,469.00,469.00,469.00,2,2025-05-14,2025-06-27,1
"4902778344118","Uni Mitsubishi LAMY Safari JETSTREAM Inside Debut Ballpoint Pen 0.5/0.7mm L7B0 L7A9 L717 L712 L718 L714 L716 LM17EF LM17","0.7mm Black","Japan Stationery","Shopee",18,912.60,50.70,50.70,50.70,13,2025-04-10,2025-06-14,1
"4902778199480","Uni Kuru Toga Pipe Slide Automatic Lead Rotation Mechanical Pencil","Black","Japan Stationery","Shopee",42,842.70,20.06,19.70,35.00,39,2025-04-30,2025-06-18,2
"6975498007357","Olight Baton 3 (Pro) (Pro Max) Rechargeable Water Proof Magnetic Flash Light Camping Hiking Emergency EDC Torch Light","Baton3ProMAX-Orange","Elite Camp","Shopee",3,831.00,277.00,277.00,277.00,3,2025-05-22,2025-06-15,1
"4014519790648","Uni Mitsubishi LAMY Safari JETSTREAM Inside Debut Ballpoint Pen 0.5/0.7mm L7B0 L7A9 L717 L712 L718 L714 L716 LM17EF LM17","Vista","Japan Stationery","Shopee",5,828.50,165.70,165.70,165.70,5,2025-04-04,2025-05-31,1
"4589946144147","DOD Multi-Kitchen Table Simply Pull Up to Complete Shelves No Wobble Locking Mechanism","Tan","Elite Camp","Shopee",1,799.00,799.00,799.00,799.00,1,2025-06-09,2025-06-09,1
"4901681688760","Original Japan Zebra Mildliner Double Sided Highlighter Set - Pack of 5 Colors","WKT7-5C-OT | 2025 WKT7-5C-OT","Japan Stationery","Shopee",31,797.70,25.73,23.70,27.90,31,2025-04-02,2025-06-28,1
"6975498005209","Olight Warrior 3S Tactical Flashlight with Proximity Sensor Rechargeable Camping Hiking Torchlight Torch Flash","Regal Blue","Elite Camp","Shopee",2,794.00,397.00,397.00,397.00,2,2025-04-27,2025-05-31,1
"4589946145878","DOD Yadokari Tent T6-662 Camping Hiking Khemah Japan","Yadokari Tent Mat","Elite Camp","Shopee",1,790.00,790.00,790.00,790.00,1,2025-04-17,2025-04-17,1
"6975498003038","Olight Baton 4 Powerful EDC Flashlight 1300 Lumens Rechargeable Water Proof  Flash Light Camping Hiking Torch Light","Premium Black","Elite Camp","Shopee",2,774.00,387.00,387.00,387.00,2,2025-06-17,2025-06-21,1
"6975498006435","Olight Baton 4 Powerful EDC Flashlight 1300 Lumens Rechargeable Water Proof Camping Hiking Torch","Premium Regal Blue","Japan Stationery","Shopee",2,774.00,387.00,387.00,387.00,2,2025-05-17,2025-05-30,1
"4902778344019","Uni Mitsubishi LAMY Safari JETSTREAM Inside Debut Ballpoint Pen 0.5/0.7mm L7B0 L7A9 L717 L712 L718 L714 L716 LM17EF LM17","0.5mm Black","Japan Stationery","Shopee",15,760.50,50.70,50.70,50.70,8,2025-04-10,2025-06-21,1
"X001184JVB","rOtring 600 3-in-1 Multi Function Ballpoint Pen (Black, Red ink) Mechanical Pencil (0.5mm) Full Metal rotring","Black (3-in-1)","Japan Stationery","Shopee",2,738.00,369.00,369.00,369.00,2,2025-05-21,2025-06-01,1
"4902506188397","Japan Version Pentel Graph Gear 1000 Drafting Mech Pencil PG1015 0.3 0.4 0.5 0.7 0.9mm Graphgear","0.7mm","Japan Stationery","Shopee",20,725.00,36.25,34.90,37.90,19,2025-04-24,2025-05-23,1
"4901140905322","Iwatani Portable Grill Stove Aburiya Outdoor Skewer Wire Mesh Yakitori BBQ Butane Gas Dapur Camping CB-ABR-1 / CB-ABR-2","","Elite Camp","Lazada",2,718.45,359.23,355.51,362.94,2,2025-04-04,2025-05-12,1
"4902778267745","Jetstream 4+1 Metal Edition - Mitsubishi Uni 4 Color (0.5mm) & Mechanical Pencil (0.5mm)","Gun metallic","Japan Stationery","Shopee",9,717.30,79.70,79.70,79.70,8,2025-04-15,2025-06-20,1
"3501179044552","rOtring Trio 3in1 / Quattro 4in1 Gravity Mechanism Multi Function Pen Graphite","Quattro 4in1Graphite","Japan Stationery","Shopee",3,717.00,239.00,239.00,239.00,3,2025-05-07,2025-06-21,1
"4976742257735","Henkel Loctite Waterproof Spray Protective Camping Tent Water Repellant Spray DBS-420 DBL-380 DBB380","DBL-380 Super Strong","Elite Camp","Shopee",10,697.00,69.70,69.70,69.70,7,2025-04-09,2025-05-16,1
"4014519790686","Uni Mitsubishi LAMY Safari JETSTREAM Inside Debut Ballpoint Pen 0.5/0.7mm L7B0 L7A9 L717 L712 L718 L714 L716 LM17EF LM17","Umbra","Japan Stationery","Shopee",4,662.80,165.70,165.70,165.70,4,2025-04-15,2025-06-14,1
"4901140905391","Iwatani Windproof Portable Camping Stove Butane Gas Tafumaru  Tough Maru CB-ODX-1BC-ODX-JR","Color:Tafumaru Black","Elite Camp","Lazada",2,662.48,331.24,312.30,350.18,2,2025-04-02,2025-04-04,1
"4901140905933","Iwatani Tatsujin Slim III Portable Gas Stove Outdoor Camping Dapur Gas Teppanyaki Sukiyaki Takoyaki Emergency CB-SS-50","Tatsujin Stove Black","Elite Camp","Lazada",3,654.68,218.23,212.00,221.34,2,2025-05-06,2025-05-15,1
"6975498000549","Olight Marauder Mini Search and Rescue Camping Hiking Emergency Flashlight Waterproof Torchlight Compact Torch Flash","Midnight Blue","Japan Stationery","Shopee",1,637.00,637.00,637.00,637.00,1,2025-06-04,2025-06-04,1
"6975498000983","Olight Marauder Mini Search and Rescue Camping Hiking Emergency Flashlight Waterproof Torchlight Compact Torch Flash","Color Family:OD Green","Japan Stationery","Lazada",1,637.00,637.00,637.00,637.00,1,2025-05-11,2025-05-11,1
"6975498000983","Olight Marauder Mini Search and Rescue Camping Hiking Emergency Flashlight Waterproof Torchlight Compact Torch Flash","OD Green","Elite Camp","Shopee",1,627.00,627.00,627.00,627.00,1,2025-05-17,2025-05-17,1
"6972378121875","Olight Baton 3 (Pro) (Pro Max) Rechargeable Water Proof Magnetic Flash Light Camping Hiking Emergency EDC Torch Light","Baton3-Black","Elite Camp","Shopee",3,621.00,207.00,207.00,207.00,3,2025-05-01,2025-05-19,1
"6975498007852","Olight Seeker 4 Pro/Mini Waterproof Rechargeable Flashlight Camping Fishing UV Emergency Torch","S4 Mini -StellarBlue","Elite Camp","Shopee",2,594.00,297.00,297.00,297.00,1,2025-05-06,2025-05-06,1
"6975498000549","Olight Marauder Mini Search and Rescue Camping Hiking Emergency Flashlight Waterproof Torchlight Compact Torch Flash","Color Family:Midnight Blue","Japan Stationery","Lazada",1,560.56,560.56,560.56,560.56,1,2025-05-19,2025-05-19,1
"6975498000433","Olight Baton 3 (Pro) (Pro Max) Rechargeable Water Proof Magnetic Flash Light Camping Hiking Emergency EDC Torch Light","Baton 3 Pro MAX,Black (NW Light)","Japan Stationery","Shopee",2,554.00,277.00,277.00,277.00,2,2025-04-11,2025-04-26,1
"4901681491940","Original Japan Zebra Mildliner Double Sided Highlighter Set - Pack of 5 Colors","WKT7-5C-NTC","Japan Stationery","Shopee",25,550.80,22.03,21.70,30.00,25,2025-05-05,2025-06-30,1
"4589946148466","DoD 10L Water Tank Jiminy Portable Container  Camping Dispenser Outdoor Gimini WT3-863","Beige","Elite Camp","Shopee",2,538.00,269.00,269.00,269.00,2,2025-05-05,2025-05-23,1
"4902505572791","Pilot Custom 74 Black Fountain Pen Handmade in Japan","Black,Fine","Japan Stationery","Shopee",1,537.00,537.00,537.00,537.00,1,2025-05-09,2025-05-09,1
"X001173J1X","rOtring 600 Special Color Edition Full Metal Drafting Pencil (0.5 mm), Ballpoint Pen, Blue / Red / Green rotring","Green (Pencil 0.5mm)","Japan Stationery","Shopee",4,508.00,127.00,127.00,127.00,4,2025-04-15,2025-05-16,1
"4901681491933","Original Japan Zebra Mildliner Double Sided Highlighter Set - Pack of 5 Colors","WKT7-5C-YC","Japan Stationery","Shopee",23,507.40,22.06,21.70,30.00,23,2025-05-07,2025-06-30,1
"3501179044477","rOtring 800 Ballpoint pen / Pencil - Premium Office Gift Executive Signature Pen","800 Pencil 0.5 Black","Japan Stationery","Shopee",2,498.00,249.00,249.00,249.00,2,2025-04-15,2025-04-27,1
"4014519790662","Uni Mitsubishi LAMY Safari JETSTREAM Inside Debut Ballpoint Pen 0.5/0.7mm L7B0 L7A9 L717 L712 L718 L714 L716 LM17EF LM17","Red","Japan Stationery","Shopee",3,497.10,165.70,165.70,165.70,3,2025-04-05,2025-05-21,1
"4902778302323","Uni Mitsubishi Smudge-Proof Lead with Metal Case 0.3/0.5 mm UL-SM-0.3 UL-SM-0.5","HB (0.5)","Japan Stationery","Shopee",10,497.00,49.70,49.70,49.70,10,2025-04-15,2025-06-16,1
"6975498002291","Olight Seeker 4 Pro/Mini Waterproof Rechargeable Flashlight Camping Hiking Fishing UV Emergency Compact","Color:S4 Pro - Matte Black","Japan Stationery","Lazada",1,492.19,492.19,492.19,492.19,1,2025-06-28,2025-06-28,1
"4901681813339","Zebra Sarasa Clip & Sarasa Grand Moomin Japan Limited Edition Gel Ballpoint Pen 0.5mm JJ29-MM-BK1","Green Black (Black)","Japan Stationery","Shopee",5,489.50,97.90,97.90,97.90,5,2025-05-06,2025-06-05,1
"6975498002291","Olight Seeker 4 Pro/Mini Waterproof Rechargeable Flashlight Camping Fishing UV Emergency Torch","S4 Pro - Matte Black","Elite Camp","Shopee",1,487.00,487.00,487.00,487.00,1,2025-05-06,2025-05-06,1
"6975498006152","Olight Seeker 4 Pro/Mini Waterproof Rechargeable Flashlight Camping Fishing UV Emergency Torch","S4 Pro - Orange","Elite Camp","Shopee",1,487.00,487.00,487.00,487.00,1,2025-06-20,2025-06-20,1
"4902778244043","Uni Kuru Toga Advance Automatic Lead Rotation (2X speed) Mechanical Pencil (0.7mm)","Navy Blue (0.7mm)","Japan Stationery","Shopee",18,480.60,26.70,26.70,26.70,18,2025-04-08,2025-06-30,1
"4902778326138","Uni Kurutoga KS & Switch & Replacement Lead 25-02 Limited Edition M3KS1P.WPC M5KS1P.CCM M5KS1P.MCA M5KS1P.SBM","0.5 Choco Mint","Japan Stationery","Shopee",17,479.40,28.20,28.20,28.20,17,2025-04-05,2025-06-30,1
"6975498002291","Olight Seeker 4 Pro/Mini Waterproof Rechargeable Flashlight Camping Hiking UV Emergency Compact","S4 Pro - Matte Black","Japan Stationery","Shopee",1,469.00,469.00,469.00,469.00,1,2025-06-27,2025-06-27,1
"6975498001300","Olight Baton 3 (Pro) (Pro Max) Rechargeable Water Proof Magnetic Flash Light Camping Hiking Emergency EDC Torch Light","Baton3Pro-Black","Elite Camp","Shopee",2,454.00,227.00,227.00,227.00,2,2025-05-13,2025-05-28,1
"6975498001348","Olight Baton 3 (Pro) (Pro Max) Rechargeable Water Proof Magnetic Flash Light Camping Hiking Emergency EDC Torch Light","Baton3Pro-DessertTan","Elite Camp","Shopee",2,454.00,227.00,227.00,227.00,2,2025-05-13,2025-06-30,1
"4902778244036","Uni Kuru Toga Advance Automatic Lead Rotation (2X speed) Mechanical Pencil (0.7mm)","White (0.7mm)","Japan Stationery","Shopee",17,453.90,26.70,26.70,26.70,16,2025-04-02,2025-06-30,1
"6975498005605","Olight Javelot & Javelot Mini & Javelot Pro Waterproof Flashlight Rechargeable Emergency Camping","Javelot OD Green","Japan Stationery","Shopee",1,449.00,449.00,449.00,449.00,1,2025-05-17,2025-05-17,1
"3501179042589","rOtring Rapid Pro Full Metal Drafting Pencil (0.5, 0.7, 2.0 mm) Ballpoint Pen (1.0mm) Black/Silver RapidPro rotring","RP Pencil 0.5 Black","Japan Stationery","Shopee",3,441.00,147.00,147.00,147.00,3,2025-04-15,2025-05-21,1
"6975498006497","Olight Seeker 4 Pro/Mini Waterproof Rechargeable Flashlight Camping Fishing UV Emergency Torch","S4 Mini Ti (LIMITED)","Elite Camp","Shopee",1,439.00,439.00,439.00,439.00,1,2025-06-08,2025-06-08,1
"6977261690384","Olight Arkfeld Pro & Ultra Green Laser & White Light Dual Slim Flashlight Waterproof Torchlight","ultra black","Japan Stationery","Shopee",1,437.00,437.00,437.00,437.00,1,2025-05-20,2025-05-20,1
"4902778255117","Uni Kuru Toga Advance Upgrade Model Mechanical Pencil - 0.3 / 0.5 mm Punch Punched Upgraded","0.5mm White","Japan Stationery","Shopee",11,436.70,39.70,39.70,39.70,11,2025-04-06,2025-04-20,1
"4901140905155","Iwatani Tatsujin Slim III Portable Gas Stove Outdoor Camping Dapur Gas Takoyaki Emergency CB-SS-50 Hot Sandwich Grill","Yakiniku Plate (L)","Elite Camp","Shopee",3,414.00,138.00,138.00,138.00,3,2025-05-06,2025-06-28,1
"6972378126917","Olight i5T Plus EOS Rechargeable Tail-switch EDC Flashlight Camping Hiking Torchlight Small Portable","Orange","Elite Camp","Shopee",3,411.00,137.00,137.00,137.00,3,2025-04-16,2025-06-23,1
"3501179044545","rOtring Trio 3in1 / Quattro 4in1 Gravity Mechanism Multi Function Pen Graphite","Trio 3in1 Silver","Japan Stationery","Shopee",3,411.00,137.00,137.00,137.00,3,2025-04-06,2025-05-21,1
"24x Iwatani-Gas-CB-250","[order separately][bulk order] Iwatani Butane Gas Cartridge Refill Canister Portable Cassette","24 Cans","Elite Camp","Shopee",2,399.40,199.70,199.70,199.70,2,2025-05-20,2025-06-15,1
"6975498000518","Olight Warrior 3S Tactical Flashlight with Proximity Sensor Rechargeable Camping Hiking Torchlight Torch Flash","Camouflage","Elite Camp","Shopee",1,397.00,397.00,397.00,397.00,1,2025-05-18,2025-05-18,1
"4902778255131","Uni Kuru Toga Advance Upgrade Model Mechanical Pencil - 0.3 / 0.5 mm Punch Punched Upgraded","0.5mm Red","Japan Stationery","Shopee",10,397.00,39.70,39.70,39.70,10,2025-04-15,2025-06-14,1
"4901681155376","Zebra Sharbo X LT3 Nuance Color Series Japan Limited Edition P-SB22-NC-MG P-SB22-NC-SGP P-SB22-NC-EG P-SB22-NC-SBB","Cigar Pink","Japan Stationery","Shopee",2,394.00,197.00,197.00,197.00,2,2025-05-09,2025-06-25,1
"4902778199497","Uni Kuru Toga Pipe Slide Automatic Lead Rotation Mechanical Pencil","Blue","Japan Stationery","Shopee",19,389.60,20.51,19.70,35.00,18,2025-04-13,2025-06-30,2
"6975498003908","Olight Baton 4 Powerful EDC Flashlight 1300 Lumens Rechargeable Water Proof  Flash Light Camping Hiking Torch Light","Premium White","Elite Camp","Shopee",1,387.00,387.00,387.00,387.00,1,2025-04-27,2025-04-27,1
"6975498006411","Olight Baton 4 Powerful EDC Flashlight 1300 Lumens Rechargeable Water Proof  Flash Light Camping Hiking Torch Light","Premium OD Green","Elite Camp","Shopee",1,387.00,387.00,387.00,387.00,1,2025-05-12,2025-05-12,1
"6975498003908","Olight Baton 4 Powerful EDC Flashlight 1300 Lumens Rechargeable Water Proof Camping Hiking Torch","Premium White","Japan Stationery","Shopee",1,387.00,387.00,387.00,387.00,1,2025-04-14,2025-04-14,1
"6975498006411","Olight Baton 4 Powerful EDC Flashlight 1300 Lumens Rechargeable Water Proof Camping Hiking Torch","Premium OD Green","Japan Stationery","Shopee",1,387.00,387.00,387.00,387.00,1,2025-06-24,2025-06-24,1
"4902778129494","Auto Lead Rotation Uni Kuru Toga Roulette Model Mechanical Pencil (0.5mm)","Color family:Gun Metallic Black | Color:Gun Metallic Black","Japan Stationery","Lazada",10,383.08,38.31,31.63,43.09,10,2025-04-26,2025-06-28,1
"6975498007043","Olight Obulb Pro S Multi-Color Wireless Bulb Light Camping Portable Waterproof Sleeping Night light","Grey","Elite Camp","Shopee",3,381.00,127.00,127.00,127.00,3,2025-04-14,2025-05-28,1
"3501179044439","rOtring 600 Full Metal Drafting Pencil (0.3, 0.5, 0.7, 2.0 mm) Ballpoint Pen (1.0 mm) rotring","Pencil 0.5mm Black","Japan Stationery","Shopee",3,381.00,127.00,127.00,127.00,3,2025-04-02,2025-04-09,1
"X001173J31","rOtring 600 Full Metal Drafting Pencil (0.3, 0.5, 0.7, 2.0 mm) Ballpoint Pen (1.0 mm) rotring","Pencil 0.7mm Silver","Japan Stationery","Shopee",3,381.00,127.00,127.00,127.00,3,2025-04-11,2025-06-26,1
"4903419818920","Original Lihit Lab Pen / Pencil Case - Smart Fit Compact Type","Green","Japan Stationery","Shopee",10,379.00,37.90,37.90,37.90,10,2025-04-04,2025-06-18,1
"4902778320921","Uni Mitsubishi Jetstream Prime Light Touch Ink 3-Color Ballpoint Pen 0.5mm SXE3LPR05.46 SXE3LPR05.39 SXE3LPR05.51 SXE3LP","Ivy Green","Japan Stationery","Shopee",3,377.10,125.70,125.70,125.70,3,2025-04-30,2025-06-20,1
"4901140905131","Iwatani Tatsujin Slim III Portable Gas Stove Outdoor Camping Dapur Gas Takoyaki Emergency CB-SS-50 Hot Sandwich Grill","Amiyaki Plate","Elite Camp","Shopee",2,376.00,188.00,188.00,188.00,2,2025-04-29,2025-06-28,1
"4902505367250","Pilot Iroshizuku Fountain Pen Ink 50 ml INK-50-AS","AS-Morning Glory","Japan Stationery","Shopee",6,372.00,62.00,62.00,62.00,6,2025-04-08,2025-06-04,1
"4902778220900","Uni Kuru Toga Advance Automatic Lead Rotation (2X rotation speed) Mechanical Pencil (0.5mm)","Black","Japan Stationery","Shopee",15,370.50,24.70,24.70,24.70,15,2025-04-03,2025-06-30,1
"6975498006237","Olight Javelot & Javelot Mini & Javelot Pro Waterproof Flashlight Rechargeable Emergency Camping","Javelot Mini Bronze","Japan Stationery","Shopee",1,369.00,369.00,369.00,369.00,1,2025-05-06,2025-05-06,1
"4902505679230","Pilot Kire-Na Marker Pen 5-Color Set with Ruler Limited Edition SKIWR24-1-5C1 SKIWR24-1-5C2","5C 02","Japan Stationery","Shopee",12,368.40,30.70,30.70,30.70,11,2025-04-11,2025-06-07,1
"4902506185358","Japan Version Pentel Graph Gear 1000 Drafting Mech Pencil PG1015 0.3 0.4 0.5 0.7 0.9mm Graphgear","0.3mm","Japan Stationery","Shopee",10,365.00,36.50,35.90,37.90,8,2025-05-11,2025-06-23,1
"6972378124524","Olight i1R 2 Rechargeable Keychain Flashlight i1R2 Pro imorse Instant Camping Hiking Torchlight Small Portable Mini","Color:i1R 2 PRO - Black","Japan Stationery","Lazada",5,361.19,72.24,70.31,79.95,2,2025-04-21,2025-05-07,1
"4977114211614","Platinum Pro-Use 171 Drafting Pencil Metal Grip Professional Mechanical Pencil (0.3mm 0.5mm 0.7mm 0.9mm)","0.5mm Dark Blue","Japan Stationery","Shopee",4,358.80,89.70,89.70,89.70,3,2025-05-20,2025-06-06,1
"4902778319833","Uni Mitsubishi Jetstream Prime 3&1 Ballpoint Pen 0.5/0.7mm SXE3350005.45 SXE3350005.66 SXE3350005D.9","Rose Pink 0.5","Japan Stationery","Shopee",2,351.40,175.70,175.70,175.70,2,2025-04-10,2025-05-20,1
"6975498005070","Olight Warrior Mini 3 Rechargeable Tactical Flashlight Waterproof Torchlight Camping Hiking Compact Torch Flash","Dessert Tan","Elite Camp","Shopee",1,349.00,349.00,349.00,349.00,1,2025-06-27,2025-06-27,1
"4902778220870","Uni Kuru Toga Advance Automatic Lead Rotation (2X rotation speed) Mechanical Pencil (0.5mm)","White","Japan Stationery","Shopee",14,345.80,24.70,24.70,24.70,13,2025-04-10,2025-06-30,1
"6977261690834","Olight Oclip & oclip Pro Rechargable EDC Flashlight White & Red Light","Pro - Orange","Japan Stationery","Shopee",2,338.00,169.00,169.00,169.00,2,2025-04-01,2025-05-07,1
"6975498001478","Olight Arkfeld Green Laser & White Light Dual Slim Flashlight Waterproof Torchlight Camping Hiking Compact Torch Flash","Color Family:PinwheelGunMetalGrey","Elite Camp","Lazada",1,334.19,334.19,334.19,334.19,1,2025-06-09,2025-06-09,1
"4014519790624","Uni Mitsubishi LAMY Safari JETSTREAM Inside Debut Ballpoint Pen 0.5/0.7mm L7B0 L7A9 L717 L712 L718 L714 L716 LM17EF LM17","Dark Dusk","Japan Stationery","Shopee",2,331.40,165.70,165.70,165.70,2,2025-05-21,2025-05-23,1
"6975498000662","Olight Arkfeld Green Laser/UV & White Light Dual Slim Flashlight Waterproof Torchlight Camping Hiking Compact TorchFlash","Orange","Japan Stationery","Shopee",1,329.00,329.00,329.00,329.00,1,2025-04-09,2025-04-09,1
"6972378127624","Olight Arkfeld Green Laser & White Light Dual Slim Flashlight Waterproof Torchlight Camping Hiking Compact Torch Flash","Variation1:OD Green","Japan Stationery","Lazada",1,329.00,329.00,329.00,329.00,1,2025-05-11,2025-05-11,1
"4903419821074","Original Lihit Lab Pen / Pencil Case – Large Double Book Type","Black","Japan Stationery","Shopee",5,328.50,65.70,65.70,65.70,5,2025-04-23,2025-06-09,1
"6975498001652","Olight imini 2 Rechargeable Mini Flashlight Instant Activation Camping Hiking Torchlight Small Portable","Black","Elite Camp","Shopee",4,328.00,82.00,67.00,87.00,3,2025-04-27,2025-06-19,1
"YAKI-PLATE","Accessory for Iwatani Portable Korean BBQ Yakimaru Smokeless Grill Yakiniku Stove Outdoor Butane Gas Stove Camping","Yakimaru Plate","Elite Camp","Shopee",4,328.00,82.00,82.00,82.00,1,2025-06-21,2025-06-21,1
"4953571073101","Soto Compact Camping Stove ST-310 Outdoor Hiking Wild Camping Regulator Burner Gas Stove ST310","Silver","Elite Camp","Shopee",1,327.00,327.00,327.00,327.00,1,2025-04-02,2025-04-02,1
"4902778621400","Uni Mitsubishi Hi-Uni GRCT Mechanical Pencil Refill Leads 0.3/0.5 mm HU033002H HU03300H HU03300HB HU03300B","2B (0.5)","Japan Stationery","Shopee",17,321.30,18.90,18.90,18.90,15,2025-04-07,2025-06-26,1
"4901480287461","Kokuyo Harinacs Staplerless Stapler Gun-Type Paper Press 10 Sheets SLN-MSH110D SLN-MSH110G SLN-MSH110LB SLN-MSH110W","Blue","Japan Stationery","Shopee",7,321.30,45.90,45.90,45.90,4,2025-05-07,2025-06-22,1
"4902668669000","Zebra DelGuard Jujutsu Kaisen LIMITED EDITION Mechanical Pencil 0.5 mm HH4001","Delguard/Gojo","Japan Stationery","Shopee",6,319.80,53.30,53.30,53.30,6,2025-04-10,2025-06-13,2
"4902778267721","Jetstream 4+1 Metal Edition - Mitsubishi Uni 4 Color (0.5mm) & Mechanical Pencil (0.5mm)","Pink Gold","Japan Stationery","Shopee",4,318.80,79.70,79.70,79.70,4,2025-05-23,2025-06-22,1
"3501179001814","rOtring 800+ Mechanical Pencil + Stylus (Mech Pencil 0.5mm, 0.7mm) Ipad Iphone Android Tab rotring","0.5mm Black","Japan Stationery","Shopee",1,317.00,317.00,317.00,317.00,1,2025-04-18,2025-04-18,1
"6972378124524","Olight i1R 2 Rechargeable Keychain Flashlight i1R2 Pro imorse Instant Camping Hiking Torchlight Small Portable Mini","i1R 2 PRO - Black","Elite Camp","Shopee",4,316.00,79.00,79.00,79.00,4,2025-04-06,2025-04-25,1
"4901770686516","Metacil Non sharpening Metal Pencil (Metal Body) for Artist Drawing, Sketching SUN-STAR Stylish Japan premium","Black","Japan Stationery","Shopee",7,314.30,44.90,39.70,57.90,6,2025-04-02,2025-06-18,1
"4902506185303","Japan Version Pentel Graph Gear 1000 Drafting Mech Pencil PG1015 0.3 0.4 0.5 0.7 0.9mm Graphgear 1000","0.3mm","Japan Stationery","Shopee",9,314.10,34.90,34.90,34.90,9,2025-04-15,2025-05-02,2
"X000SU63FD","rOtring 800+ Mechanical Pencil + Stylus (Mech Pencil 0.5mm, 0.7mm) Ipad Iphone Android Tab rotring","Color family:0.5mm Silver","Japan Stationery","Lazada",1,314.00,314.00,314.00,314.00,1,2025-05-04,2025-05-04,1
"4902505380549","Pilot Iroshizuku Fountain Pen Ink 50 ml INK-50-AS","TT-Azalea","Japan Stationery","Shopee",5,310.00,62.00,62.00,62.00,5,2025-04-09,2025-06-14,1
"4902505679223","Pilot Kire-Na Marker Pen 5-Color Set with Ruler Limited Edition SKIWR24-1-5C1 SKIWR24-1-5C2","5C 01","Japan Stationery","Shopee",10,307.00,30.70,30.70,30.70,10,2025-04-02,2025-05-03,1
"4901140905384","Iwatani Windproof Portable Camping Stove Butane Gas Tafumaru  Tough Maru CB-ODX-1BC-ODX-JR","Color:Tafumaru Jr Black","Elite Camp","Lazada",1,305.36,305.36,305.36,305.36,1,2025-04-09,2025-04-09,1
"6975498005049","Olight Oclip & oclip Pro Rechargable EDC Flashlight White & Red Light","Green","Japan Stationery","Shopee",2,300.00,150.00,150.00,150.00,2,2025-05-26,2025-05-29,1
"4901681416615","Original Japan Zebra Mildliner Double Sided Highlighter Set - Pack of 5 Colors","WKT7-5C-N","Japan Stationery","Shopee",13,298.70,22.98,20.90,23.90,13,2025-04-02,2025-06-09,1
"4902778309575","Kuru Toga Switch Alpha Gel Automatic Lead Rotation Mechanical Pencil (0.5mm) Uni Kurutoga","0.5mm Opal Green","Japan Stationery","Shopee",6,298.20,49.70,49.70,49.70,6,2025-04-06,2025-05-13,1
"4902778130094","Mitsubishi Uni PUREMALT EDITION Jetstream 4 Color & Mechanical Pencil Pure Malt","Pure Malt 4+1","Japan Stationery","Shopee",4,296.70,74.17,67.00,95.70,4,2025-04-08,2025-04-19,1
"4903419832759","Original Lihit Lab Pen / Pencil Case - Book Type XL (Double)","Black","Japan Stationery","Shopee",4,294.80,73.70,73.70,73.70,3,2025-04-03,2025-06-05,1
"3501179042602","rOtring Rapid Pro Full Metal Drafting Pencil (0.5, 0.7, 2.0 mm) Ballpoint Pen (1.0mm) Black/Silver RapidPro rotring","RP Pencil 2.0 Black","Japan Stationery","Shopee",2,294.00,147.00,147.00,147.00,2,2025-04-09,2025-06-06,1
"3501179042558","rOtring Rapid Pro Full Metal Drafting Pencil (0.5, 0.7, 2.0 mm) Ballpoint Pen (1.0mm) Black/Silver RapidPro rotring","RP Pencil 0.5 Silver","Japan Stationery","Shopee",2,294.00,147.00,147.00,147.00,2,2025-04-15,2025-06-27,1
"4901681813322","Zebra Sarasa Clip & Sarasa Grand Moomin Japan Limited Edition Gel Ballpoint Pen 0.5mm JJ29-MM-BK1","Dark Blue (Black)","Japan Stationery","Shopee",3,293.70,97.90,97.90,97.90,3,2025-05-05,2025-05-07,1
"4902778326466","Uni Kurutoga KS & Switch & Replacement Lead 25-02 Limited Edition M3KS1P.WPC M5KS1P.CCM M5KS1P.MCA M5KS1P.SBM","0.3 Whipped Cream","Japan Stationery","Shopee",10,282.00,28.20,28.20,28.20,9,2025-04-11,2025-06-27,1
"4901681384518","Zebra ClickArt Pen Fine Liner Marker Water Based Set 12pcs 36pcs 48 pcs limited edition Click Art","Complete Set -36pcs","Japan Stationery","Shopee",1,279.00,279.00,279.00,279.00,1,2025-05-04,2025-05-04,1
"4902778301470","Uni Mitsubishi Kuro Toga Dive Mechanical Pencil 0.5 mm M5-5000 1P","Type:Abyss Blue","Japan Stationery","Lazada",1,279.00,279.00,279.00,279.00,1,2025-05-05,2025-05-05,1
"4902778043417","Mitsubishi Uni Jetstream 4 Color (0.5mm/0.7mm) & Mechanical Pencil (0.5mm) Limited Edition Multi","Black","Japan Stationery","Shopee",7,277.90,39.70,39.70,39.70,7,2025-04-05,2025-06-28,1
"4902778255124","Uni Kuru Toga Advance Upgrade Model Mechanical Pencil - 0.3 / 0.5 mm Punch Punched Upgraded","0.5mm Navy","Japan Stationery","Shopee",7,277.90,39.70,39.70,39.70,7,2025-04-06,2025-04-26,1
"6972378120137","Olight i3E EOS LED Keychain Mono Output Flashlight Torchlight Camping Hiking Compact Torch Flash","Color:Black | Variation1:Black","Japan Stationery","Lazada",7,277.28,39.61,37.00,42.19,6,2025-04-02,2025-06-17,1
"6972378121882","Olight Baton 3 (Pro) (Pro Max) Rechargeable Water Proof Magnetic Flash Light Camping Hiking Emergency EDC Torch Light","Baton3Premium-Black","Elite Camp","Shopee",1,277.00,277.00,277.00,277.00,1,2025-05-12,2025-05-12,1
"6975498007463","Olight Baton 3 (Pro) (Pro Max) Rechargeable Water Proof Magnetic Flash Light Camping Hiking Emergency EDC Torch Light","Baton 3 Pro MAX,Orange (NW Light)","Japan Stationery","Shopee",1,277.00,277.00,277.00,277.00,1,2025-04-15,2025-04-15,1
"4901681886463","Zebra DelGuard Original Anti-break Core Mechanical Pencil Basic (0.5mm)","White","Japan Stationery","Shopee",13,269.10,20.70,20.70,20.70,11,2025-04-04,2025-06-28,1
"4901480380643","KOKUYO Dotliner Glue Tape Standard, Long, Hold, Long50, Power (refill or tape set) TA-DM400-08N D400-08N","Blue,Refill L50(10mm*50m)","Japan Stationery","Shopee",9,267.30,29.70,29.70,29.70,7,2025-04-03,2025-06-19,1
"6975498006428","Olight Baton 4 Powerful EDC Flashlight 1300 Lumens Rechargeable Water Proof  Flash Light Camping Hiking Torch Light","Regal Blue","Elite Camp","Shopee",1,267.00,267.00,267.00,267.00,1,2025-04-06,2025-04-06,1
"4902506188403","Japan Version Pentel Graph Gear 1000 Drafting Mech Pencil PG1015 0.3 0.4 0.5 0.7 0.9mm Graphgear","0.9mm","Japan Stationery","Shopee",7,262.30,37.47,34.90,37.90,4,2025-04-24,2025-06-07,1
"4902506188380","Japan Version Pentel Graph Gear 1000 Drafting Mech Pencil PG1015 0.3 0.4 0.5 0.7 0.9mm Graphgear","0.4mm","Japan Stationery","Shopee",7,262.30,37.47,34.90,37.90,6,2025-05-05,2025-06-14,1
"3501178523058","Rotring 500 Drafting Mechanical Pencil Black Body (0.35mm, 0.5mm, 0.7mm) rotring","0.5mm","Japan Stationery","Shopee",3,261.00,87.00,87.00,87.00,3,2025-04-04,2025-04-15,1
"4005556268924","Original Ravensburger Minecraft: Builders & Biome Board Game Strategy","Builder & Biom","Japan Stationery","Shopee",1,257.00,257.00,257.00,257.00,1,2025-05-07,2025-05-07,1
"4901480380636","KOKUYO Dotliner Glue Tape Standard, Long, Hold, Long50, Power (refill or tape set) TA-DM400-08N D400-08N","Blue,Long50 (10mm*50m)","Japan Stationery","Shopee",7,256.90,36.70,36.70,36.70,7,2025-04-03,2025-05-21,1
"4902505681271","Pilot Lightive Fountain Pen 2024 Limited Edition Color P-FLT24-1-CLYF P-FLT24-1-CLYM P-FLT24-1-SCAF P-FLT24-1-SCAM","Clay (Fine)","Japan Stationery","Shopee",2,251.40,125.70,125.70,125.70,2,2025-04-01,2025-06-25,1
"4902778320815","Uni Mitsubishi Jetstream Prime Light Touch Ink 3-Color Ballpoint Pen 0.5mm SXE3LPR05.46 SXE3LPR05.39 SXE3LPR05.51 SXE3LP","Cozy Blue","Japan Stationery","Shopee",2,251.40,125.70,125.70,125.70,2,2025-04-03,2025-05-05,1
"6975498005285","Olight Diffuse 700 Lumens EDC Pocket Flashlight Compact Waterproof Gift Camping Pocket Torch Light","OD Green","Elite Camp","Shopee",2,250.00,125.00,125.00,125.00,2,2025-06-17,2025-06-28,1
"4902778272404","Uni Mitsubishi Mechanical Pencil Refill Leads 0.3/0.4/0.5/0.7/0.9 mm UL-S-0.3-25 1P","2B (0.5)","Japan Stationery","Shopee",28,249.20,8.90,8.90,8.90,21,2025-04-28,2025-06-25,1
"3501179044491","rOtring 800 Ballpoint pen / Pencil - Premium Office Gift Executive Signature Pen","800 Pencil 0.5 Silve","Japan Stationery","Shopee",1,249.00,249.00,249.00,249.00,1,2025-04-15,2025-04-15,1
"4895151500068","rOtring 800 Ballpoint pen / Pencil - Premium Office Gift Executive Signature Pen","800 Pen Silver BP","Japan Stationery","Shopee",1,249.00,249.00,249.00,249.00,1,2025-04-20,2025-04-20,1
"4895151500051","rOtring 800 Ballpoint pen / Pencil - Premium Office Gift Executive Signature Pen","800 Pen Black BP","Japan Stationery","Shopee",1,249.00,249.00,249.00,249.00,1,2025-05-17,2025-05-17,1
"3501179044484","rOtring 800 Ballpoint pen / Pencil - Premium Office Gift Executive Signature Pen","800 Pencil 0.7 Silve","Japan Stationery","Shopee",1,249.00,249.00,249.00,249.00,1,2025-06-26,2025-06-26,1
"4902778309568","Kuru Toga Switch Alpha Gel Automatic Lead Rotation Mechanical Pencil (0.5mm) Uni Kurutoga","0.5mm Cotton Pink","Japan Stationery","Shopee",5,248.50,49.70,49.70,49.70,5,2025-04-24,2025-06-22,1
"4902505433313","Pilot Iroshizuku Fountain Pen Ink 50 ml INK-50-AS","KM-Cosmos","Japan Stationery","Shopee",4,248.00,62.00,62.00,62.00,4,2025-04-30,2025-06-16,1
"4901480332413","KOKUYO Dotliner Glue Tape Standard, Long, Hold, Long50, Power (refill or tape set) TA-DM400-08N D400-08N","Transparent,Standard (8.4mm*16m)","Japan Stationery","Shopee",11,240.90,21.90,21.90,21.90,6,2025-04-11,2025-06-04,1
"4902778267714","Jetstream 4+1 Metal Edition - Mitsubishi Uni 4 Color (0.5mm) & Mechanical Pencil (0.5mm)","Ice Silver","Japan Stationery","Shopee",3,239.10,79.70,79.70,79.70,3,2025-05-08,2025-06-09,1
"4902778090596","Mitsubishi Uni Multi Function Pen 4-in-1: 3 Color & Mechanical Pencil Pure Malt Premium","3+1 Premium","Japan Stationery","Shopee",1,237.00,237.00,237.00,237.00,1,2025-04-23,2025-04-23,1
"4902505676536","Pilot Neox Graphite Mechanical Pencil Refill 0.3/0.4/0.5/0.7/0.9mm HRFG-03-H -HB -B -2B HRFG-04-H -HB -B -2B HRFG-05-2H","2B 0.5","Japan Stationery","Shopee",20,234.00,11.70,11.70,11.70,12,2025-04-04,2025-06-27,1
"4901480151830","KOKUYO Dotliner Glue Tape Standard, Long, Hold, Long50, Power (refill or tape set) TA-DM400-08N D400-08N","Blue,Refill Standard","Japan Stationery","Shopee",13,232.70,17.90,17.90,17.90,2,2025-05-08,2025-06-24,1
"4902778153383","Uni Kuru Toga Disney Edition - Automatic Lead Rotation Mechanical Pencil","Minnie (0.5mm Pink)","Japan Stationery","Shopee",8,231.20,28.90,28.90,28.90,7,2025-04-02,2025-06-25,1
"6975498001324","Olight Baton 3 (Pro) (Pro Max) Rechargeable Water Proof Magnetic Flash Light Camping Hiking Emergency EDC Torch Light","Baton3Pro-ODGreen","Elite Camp","Shopee",1,227.00,227.00,227.00,227.00,1,2025-05-05,2025-05-05,1
"4901681853571","Zebra DelGuard Metal Grip Type-Lx Anti-break Core Mechanical Pencil (0.5mm)","White  Eraser Bonus","Japan Stationery","Shopee",5,225.00,45.00,45.00,45.00,4,2025-04-10,2025-06-07,1
"4902778183892","Uni Kuru Toga Basic - Automatic Lead Rotation Mechanical Pencil (0.5mm)","Violet","Japan Stationery","Shopee",10,217.00,21.70,21.70,21.70,9,2025-04-04,2025-05-12,1
"4902778199473","Uni Kuru Toga Pipe Slide Automatic Lead Rotation Mechanical Pencil","Pink","Japan Stationery","Shopee",11,216.70,19.70,19.70,19.70,10,2025-04-02,2025-06-15,2
"4901140905209","Iwatani Tatsujin Slim III Portable Gas Stove Outdoor Camping Dapur Gas Takoyaki Emergency CB-SS-50 Hot Sandwich Grill","Cooking Bowl","Elite Camp","Shopee",2,214.00,107.00,107.00,107.00,2,2025-04-13,2025-04-14,1
"4901681886494","Zebra DelGuard Honeycomb Edition Anti-break Core Mechanical Pencil (0.5mm)","Honeycomb Grey","Japan Stationery","Shopee",8,213.60,26.70,26.70,26.70,8,2025-04-05,2025-06-10,1
"6972378120779","Olight i1R 2 Rechargeable Keychain Flashlight i1R2 Pro imorse Instant Camping Hiking Torchlight Small Portable Mini","i1R 2 Eos - Black","Elite Camp","Shopee",3,207.00,69.00,69.00,69.00,3,2025-05-14,2025-05-27,1
"6972378121950","Olight Baton 3 (Pro) (Pro Max) Rechargeable Water Proof Magnetic Flash Light Camping Hiking Emergency EDC Torch Light","Baton3-Red","Elite Camp","Shopee",1,207.00,207.00,207.00,207.00,1,2025-06-21,2025-06-21,1
"6972378121875","Olight Baton 3 (Pro) (Pro Max) Rechargeable Water Proof Magnetic Flash Light Camping Hiking Emergency EDC Torch Light","Baton 3,Black","Japan Stationery","Shopee",1,207.00,207.00,207.00,207.00,1,2025-04-23,2025-04-23,1
"6972378121950","Olight Baton 3 (Pro) (Pro Max) Rechargeable Water Proof Magnetic Flash Light Camping Hiking Emergency EDC Torch Light","Baton 3,Red","Japan Stationery","Shopee",1,207.00,207.00,207.00,207.00,1,2025-06-10,2025-06-10,1
"4902778322277","Uni Mitsubishi Uniball ZENTO Basic Standard Flow Gel Pens 0.38/0.5mm UBNZS38.15 UBNZS38 UBNZS05","Flow Jade 0.5","Japan Stationery","Shopee",4,202.80,50.70,50.70,50.70,3,2025-05-07,2025-05-10,1
"4902778322253","Uni Mitsubishi Uniball ZENTO Basic Standard Flow Gel Pens 0.38/0.5mm UBNZS38.15 UBNZS38 UBNZS05","Flow Fluorite 0.38","Japan Stationery","Shopee",4,202.80,50.70,50.70,50.70,4,2025-05-08,2025-05-24,1
"4902778322260","Uni Mitsubishi Uniball ZENTO Basic Standard Flow Gel Pens 0.38/0.5mm UBNZS38.15 UBNZS38 UBNZS05","Flow Agate 0.38","Japan Stationery","Shopee",4,202.80,50.70,50.70,50.70,4,2025-05-15,2025-05-24,1
"4902778129487","Auto Lead Rotation Uni Kuru Toga Roulette Model Mechanical Pencil (0.5mm)","Color family:Silver","Japan Stationery","Lazada",5,202.42,40.48,37.90,43.09,5,2025-05-04,2025-06-05,1
"4901681416707","Original Japan Zebra Mildliner Double Sided Highlighter Set - Pack of 5 Colors","Blue Pack","Japan Stationery","Shopee",11,200.90,18.26,17.90,18.70,11,2025-04-06,2025-06-27,1
"4902506343925","Pentel Smash Drafting Mechanical Pencil - 0.5 mm","Black","Japan Stationery","Shopee",4,198.80,49.70,49.70,49.70,4,2025-04-04,2025-06-03,1
"4902778271995","Kuru Toga Switch Alpha Gel Automatic Lead Rotation Mechanical Pencil (0.5mm) Uni Kurutoga","0.5mm Black","Japan Stationery","Shopee",4,198.80,49.70,49.70,49.70,4,2025-04-04,2025-05-27,1
"4902778043561","Uni Shift Pipe Lock Retractable Mechanical Pencils 0.3/0.5/0.7/0.9 mm M31010.26 M41010.26 M51010.26 M51010.24 M71010.26","0.5mm, Silver","Japan Stationery","Shopee",4,198.80,49.70,49.70,49.70,4,2025-04-15,2025-06-05,1
"4902778043592","Uni Shift Pipe Lock Retractable Mechanical Pencils 0.3/0.5/0.7/0.9 mm M31010.26 M41010.26 M51010.26 M51010.24 M71010.26","0.9mm, Silver","Japan Stationery","Shopee",4,198.80,49.70,49.70,49.70,4,2025-04-29,2025-06-06,1
"4901770709710","Metacil Non sharpening Metal Pencil (Metal Body) for Artist Drawing, Sketching SUN-STAR Stylish Japan premium","Metallic Blue","Japan Stationery","Shopee",5,198.50,39.70,39.70,39.70,5,2025-05-21,2025-06-22,1
"4955414924021","Staedtler 925-15 Drafting Mechanical Pencil Plastic Body Light Weight (0.3, 0.5, 0.7, 0.9)","0.7mm","Japan Stationery","Shopee",6,196.20,32.70,32.70,32.70,5,2025-04-18,2025-06-17,1
"4901681813346","Zebra Sarasa Clip & Sarasa Grand Moomin Japan Limited Edition Gel Ballpoint Pen 0.5mm JJ29-MM-BK1","Cassis Black (Black)","Japan Stationery","Shopee",2,195.80,97.90,97.90,97.90,2,2025-04-24,2025-05-06,1
"4901681813315","Zebra Sarasa Clip & Sarasa Grand Moomin Japan Limited Edition Gel Ballpoint Pen 0.5mm JJ29-MM-BK1","Matte Black (Black)","Japan Stationery","Shopee",2,195.80,97.90,97.90,97.90,2,2025-05-06,2025-05-06,1
"4902778183915","Uni Kuru Toga Basic - Automatic Lead Rotation Mechanical Pencil (0.5mm)","Baby Pink","Japan Stationery","Shopee",9,195.30,21.70,21.70,21.70,7,2025-04-02,2025-04-30,1
"4902778028179","Uni Kuru Toga Basic - Automatic Lead Rotation Mechanical Pencil (0.5mm)","Black","Japan Stationery","Shopee",9,195.30,21.70,21.70,21.70,9,2025-04-04,2025-05-05,1
"4901681581047","Original Japan Zebra Mildliner Double Sided Highlighter Set - Pack of 5 Colors","WKT7-5C-HC-N","Japan Stationery","Shopee",9,194.10,21.57,20.90,23.90,9,2025-04-02,2025-06-25,1
"4006856505733","Rotring Tikky Hi-Polymer Pencil Lead (0.3 0.35 0.5 0.7 0.9 1.0 2.0 mm 2H H HB B 2B)","0.7mm HB","Japan Stationery","Shopee",15,193.50,12.90,12.90,12.90,2,2025-04-01,2025-05-16,1
"4901681570294","Zebra DelGuard ER Anti-break Core Mechanical Pencil (0.5mm) - Eraser Edition","Silver","Japan Stationery","Shopee",5,188.50,37.70,37.70,37.70,5,2025-04-18,2025-05-26,1
"4902505374777","Pilot Iroshizuku Fountain Pen Ink 50 ml INK-50-AS","FS-Winter General","Japan Stationery","Shopee",3,186.00,62.00,62.00,62.00,3,2025-04-07,2025-05-15,1
"4902505380563","Pilot Iroshizuku Fountain Pen Ink 50 ml INK-50-AS","YB-Wild Grape","Japan Stationery","Shopee",3,186.00,62.00,62.00,62.00,3,2025-04-23,2025-05-30,1
"4901681853557","Zebra DelGuard Metal Grip Type-Lx Anti-break Core Mechanical Pencil (0.5mm)","Blue  Eraser Bonus","Japan Stationery","Shopee",4,180.00,45.00,45.00,45.00,3,2025-05-04,2025-06-12,1
"4902506314352","Pentel Super Multi 8 0.7 mm Ballpoint Pen 2 mm Lead Holder (japan import) Multi8 PH803","Pen with Refill Set","Japan Stationery","Shopee",1,179.70,179.70,179.70,179.70,1,2025-06-06,2025-06-06,1
"4903419843953","Hinemo Lihit Lab Stand Pen Pouch Reversible","Small Beige","Japan Stationery","Shopee",2,179.40,89.70,89.70,89.70,2,2025-04-11,2025-06-12,1
"4902805421676","Midori Premium Brass Ruler 15cm Made in Japan","Brass","Japan Stationery","Shopee",2,179.40,89.70,89.70,89.70,2,2025-05-21,2025-06-22,1
"4977114211621","Platinum Pro-Use 171 Drafting Pencil Metal Grip Professional Mechanical Pencil (0.3mm 0.5mm 0.7mm 0.9mm)","0.7mm Black","Japan Stationery","Shopee",2,179.40,89.70,89.70,89.70,2,2025-06-05,2025-06-07,1
"X00144C0RR","rOtring 600 Gift Set Special Color Edition Full Metal Drafting Pencil (0.5 mm)","Red","Japan Stationery","Shopee",1,179.00,179.00,179.00,179.00,1,2025-04-15,2025-04-15,1
"4971516029372","Ohto CR01 Ceramic Roller Pen Japan Signature Business Water Based","Camouflage Black","Japan Stationery","Shopee",1,179.00,179.00,179.00,179.00,1,2025-06-24,2025-06-24,1
"4901681432301","Zebra Justfit Mojini Line Non Smear Highlighter - 3 Color or 5 Color Set","5pcs Pack","Japan Stationery","Shopee",6,178.20,29.70,29.70,29.70,6,2025-04-18,2025-06-11,1
"4901770709727","Metacil Non sharpening Metal Pencil (Metal Body) for Artist Drawing, Sketching SUN-STAR Stylish Japan premium","Refill Pack","Japan Stationery","Shopee",6,178.20,29.70,29.70,29.70,5,2025-05-21,2025-06-22,1
"4902778319888","Uni Mitsubishi Jetstream Prime 3&1 Ballpoint Pen 0.5/0.7mm SXE3350005.45 SXE3350005.66 SXE3350005D.9","Smokey Green 0.7","Japan Stationery","Shopee",1,175.70,175.70,175.70,175.70,1,2025-04-10,2025-04-10,1
"3501178523072","Rotring 500 Drafting Mechanical Pencil Black Body (0.35mm, 0.5mm, 0.7mm) rotring","0.7mm","Japan Stationery","Shopee",2,174.00,87.00,87.00,87.00,2,2025-04-01,2025-05-17,1
"3501179042602","rOtring Rapid Pro Full Metal Drafting Pencil (0.5, 0.7, 2.0 mm) Ballpoint Pen (1.0mm) Black/Silver RapidPro rotring","Color family:Pencil 2.0mm Black","Japan Stationery","Lazada",1,171.60,171.60,171.60,171.60,1,2025-05-07,2025-05-07,1
"4901480353975","Kokuyo Mark+ Two Tone Color Marker PM-MT100-5S","Dual Tone MT100-5S","Japan Stationery","Shopee",4,170.00,42.50,42.50,42.50,4,2025-04-16,2025-05-24,1
"4901140904936","Iwatani Tatsujin Slim III Portable Gas Stove Outdoor Camping Dapur Gas Takoyaki Emergency CB-SS-50 Hot Sandwich Grill","Hot Sandwich Grill","Elite Camp","Shopee",1,168.00,168.00,168.00,168.00,1,2025-06-28,2025-06-28,1
"4902778199480","Uni Kuru Toga Pipe Slide Automatic Lead Rotation Mechanical Pencil 0.5mm","Color:Black | Color family:Black","Japan Stationery","Lazada",8,167.97,21.00,19.70,24.36,8,2025-05-03,2025-06-04,1
"4955414924458","Staedtler All Black 925 Drafting Mechanical Pencil Metal Body(0.3, 0.5, 2.0)","2.0mm","Japan Stationery","Shopee",2,167.40,83.70,83.70,83.70,2,2025-04-11,2025-04-15,1
"4955414924434","Staedtler All Black 925 Drafting Mechanical Pencil Metal Body(0.3, 0.5, 2.0)","0.3mm","Japan Stationery","Shopee",2,167.40,83.70,83.70,83.70,2,2025-04-15,2025-06-12,1
"4014519790655","Uni Mitsubishi LAMY Safari JETSTREAM Inside Debut Ballpoint Pen 0.5/0.7mm L7B0 L7A9 L717 L712 L718 L714 L716 LM17EF LM17","Yellow","Japan Stationery","Shopee",1,165.70,165.70,165.70,165.70,1,2025-04-05,2025-04-05,1
"4902778318980","Uni Mitsubishi Jetstream × Karimoku Multi-functional 4&1 Ballpoint Pen Limited Edition MSXE5KF05.CGB MSXE5KF05.CGG","Indigo Blue Green","Japan Stationery","Shopee",1,165.70,165.70,165.70,165.70,1,2025-05-19,2025-05-19,1
"4902778319055","Uni Mitsubishi Jetstream × Karimoku Multi-functional 4&1 Ballpoint Pen Limited Edition MSXE5KF05.CGB MSXE5KF05.CGG","Blue Green","Japan Stationery","Shopee",1,165.70,165.70,165.70,165.70,1,2025-05-19,2025-05-19,1
"4902778318973","Uni Mitsubishi Jetstream × Karimoku Multi-functional 4&1 Ballpoint Pen Limited Edition MSXE5KF05.CGB MSXE5KF05.CGG","Pink","Japan Stationery","Shopee",1,165.70,165.70,165.70,165.70,1,2025-05-19,2025-05-19,1
"4902778322109","Uni Mitsubishi Uniball ZENTO Basic Standard Flow Gel Pens 0.38/0.5mm UBNZS38.15 UBNZS38 UBNZS05","Std Ivory 0.5","Japan Stationery","Shopee",10,164.00,16.40,15.20,17.20,10,2025-05-23,2025-06-22,1
"4902778267738","Jetstream 4+1 Metal Edition - Mitsubishi Uni 4 Color (0.5mm) & Mechanical Pencil (0.5mm)","Dark Green","Japan Stationery","Shopee",2,159.40,79.70,79.70,79.70,2,2025-04-15,2025-06-20,1
"3501179117027","rOtring 600 Full Metal Drafting Pencil (0.3, 0.5, 0.7, 2.0 mm) Ballpoint Pen (1.0 mm) rotring","Pencil 0.35mm Silver","Japan Stationery","Shopee",1,159.00,159.00,159.00,159.00,1,2025-05-24,2025-05-24,1
"4902778164181","0.7mm Refill for Mitsubishi Jetstream Prime Pen SXR-200-07 (0.7mm) (D1 refill size)","Red","Japan Stationery","Shopee",12,156.00,13.00,13.00,13.00,5,2025-04-20,2025-06-26,1
"4902506314031","Pentel Graph 1000 for Pro Drafting Pencil (0.3mm, 0.4mm, 0.5mm, 0.7mm, 0.9mm)","0.5mm","Japan Stationery","Shopee",3,155.10,51.70,51.70,51.70,3,2025-04-15,2025-04-30,1
"4967576649025","Iris Ohyama Portable Stove Gas Cassette Camping Stove IGC-E1","White","Elite Camp","Shopee",1,155.00,155.00,155.00,155.00,1,2025-06-15,2025-06-15,1
"4902505680786","Pilot Dr.GRIP CL PlayBorder x Neox GRAPHITE Collaboration Limited Edition Mechanical Pencil 0.3/0.5","Blue 0.5","Japan Stationery","Shopee",5,153.50,30.70,30.70,30.70,4,2025-04-25,2025-06-25,1
"4902778322161","Uni Mitsubishi Uniball ZENTO Basic Standard Flow Gel Pens 0.38/0.5mm UBNZS38.15 UBNZS38 UBNZS05","Basic Black 0.5","Japan Stationery","Shopee",10,152.00,15.20,15.20,15.20,10,2025-05-08,2025-05-22,1
"4902778028186","Uni Kuru Toga Basic - Automatic Lead Rotation Mechanical Pencil (0.5mm)","Silver","Japan Stationery","Shopee",7,151.90,21.70,21.70,21.70,6,2025-04-04,2025-06-14,1
"4901991655025","Tombow Mono Zero Metal Type EH-KUMS Retractable Eraser","Black","Japan Stationery","Shopee",7,151.90,21.70,21.70,21.70,7,2025-04-15,2025-06-01,1
"4901681698028","Delguard Type Lx0.5 City Color Series P-MA86-CC-DOR P-MA86-CC-CGR P-MA86-CC-FW P-MA86-CC-MNV","Cloud Gray","Japan Stationery","Shopee",2,151.40,75.70,75.70,75.70,2,2025-04-11,2025-04-22,1
"4901681698011","Delguard Type Lx0.5 City Color Series P-MA86-CC-DOR P-MA86-CC-CGR P-MA86-CC-FW P-MA86-CC-MNV","Dusk Orange","Japan Stationery","Shopee",2,151.40,75.70,75.70,75.70,2,2025-04-22,2025-06-02,1
"4901681698035","Delguard Type Lx0.5 City Color Series P-MA86-CC-DOR P-MA86-CC-CGR P-MA86-CC-FW P-MA86-CC-MNV","Fog White","Japan Stationery","Shopee",2,151.40,75.70,75.70,75.70,2,2025-04-28,2025-06-16,1
"4902506172891","Japan Version Pentel Graph Gear 500 Drafting Mech Pencil 0.3 0.4 0.5 0.7 0.9mm PG513 PG514 PG515 PG517 PG519","Size:0.5mm","Japan Stationery","Lazada",6,150.64,25.11,22.40,27.59,6,2025-04-06,2025-06-19,1
"6975498002703","Olight Oclip Rechargable EDC Flashlight  White & Red Light","Black","Elite Camp","Shopee",1,150.00,150.00,150.00,150.00,1,2025-04-30,2025-04-30,1
"6975498005483","Olight Oclip Rechargable EDC Flashlight  White & Red Light","Orange","Elite Camp","Shopee",1,150.00,150.00,150.00,150.00,1,2025-06-18,2025-06-18,1
"6975498005483","Olight Oclip & oclip Pro Rechargable EDC Flashlight White & Red Light","Orange","Japan Stationery","Shopee",1,150.00,150.00,150.00,150.00,1,2025-05-08,2025-05-08,1
"6975498006329","Olight Oclip & oclip Pro Rechargable EDC Flashlight White & Red Light","Copper","Japan Stationery","Shopee",1,150.00,150.00,150.00,150.00,1,2025-05-27,2025-05-27,1
"4977114924651","Special Edition Platinum Pro-Use 171 Red, Violet, Navy Drafting Pencil Metal Grip Professional Mechanical Pencil (0.5mm)","Wine Red","Japan Stationery","Shopee",1,149.70,149.70,149.70,149.70,1,2025-04-15,2025-04-15,1
"4902506172952","Japan Version Pentel Graph Gear 500 Drafting Mech Pencil 0.3 0.4 0.5 0.7 0.9mm PG513 PG514 PG515 PG517 PG519","0.7mm","Japan Stationery","Shopee",5,149.50,29.90,29.90,29.90,5,2025-05-03,2025-06-15,1
"4902778280393","Kuru Toga Switch Alpha Gel Automatic Lead Rotation Mechanical Pencil (0.5mm) Uni Kurutoga","0.5mm Yellow","Japan Stationery","Shopee",3,149.10,49.70,49.70,49.70,3,2025-05-03,2025-05-05,1
"4902778043554","Uni Shift Pipe Lock Retractable Mechanical Pencils 0.3/0.5/0.7/0.9 mm M31010.26 M41010.26 M51010.26 M51010.24 M71010.26","0.4mm, Silver","Japan Stationery","Shopee",3,149.10,49.70,49.70,49.70,3,2025-05-22,2025-06-06,1
"4902778273302","Uni Jetstream Edge Ballpoint Pen - 0.28 mm Uniball Extra Fine Tip Pen Mitsubishi (SXN-1003-28) Premium Japan","Black & Red","Japan Stationery","Shopee",5,148.50,29.70,29.70,29.70,5,2025-04-02,2025-06-07,1
"4902668669154","Uni-Ball One Jujutsu Kaisen JAPAN LIMITED EDITION Gel Pen 0.38 mm HH4031","UniballOne/Gojo","Japan Stationery","Shopee",4,147.60,36.90,36.90,36.90,4,2025-05-27,2025-06-15,1
"4901480346595","Kokuyo Pen Case Pen Stand Neo Critz Shelf F-VBF210B F-VBF210D F-VBF210S","Black","Japan Stationery","Shopee",1,147.50,147.50,147.50,147.50,1,2025-06-22,2025-06-22,1
"4902506335715","Pentel Orenz Nero Mechanical Drafting Pencil (0.2mm, 0.3mm, 0.5mm) Spring loaded Metal Auto Feed","Size:0.3mm","Japan Stationery","Lazada",1,147.00,147.00,147.00,147.00,1,2025-06-24,2025-06-24,1
"4902778716144","Uniball Mitsubishi Uni Multi Function Pen 2 Color & Mechanical Pencil Pure Malt Premium (Wood)","Color family:Wood","Japan Stationery","Lazada",1,145.90,145.90,145.90,145.90,1,2025-04-07,2025-04-07,1
"4901991065329","Tombow Monograph Mechanical Pencil 10th Anniversary Japan Limited Edition","Matte Purple","Japan Stationery","Shopee",7,144.90,20.70,20.70,20.70,7,2025-04-06,2025-06-30,1
"4901991065312","Tombow Monograph Mechanical Pencil 10th Anniversary Japan Limited Edition","Matte Pink","Japan Stationery","Shopee",7,144.90,20.70,20.70,20.70,7,2025-04-10,2025-05-07,1
"4902778272435","Uni Mitsubishi Mechanical Pencil Refill Leads 0.3/0.4/0.5/0.7/0.9 mm UL-S-0.3-25 1P","2B (0.3)","Japan Stationery","Shopee",16,142.40,8.90,8.90,8.90,10,2025-04-28,2025-06-24,1
"4902778251294","Jetstream Uni-Ball RE+ Ballpoint Pen Set","Gun Metallic","Japan Stationery","Shopee",4,142.20,35.55,35.55,35.55,4,2025-04-14,2025-06-26,1
"4902505641459","Pilot Iroshizuku Fountain Pen Ink Cartridges Refill (6 Cartridges) 0.8 ml IRF-6S-AS","TAK-Bamboo Charcoal","Japan Stationery","Shopee",3,141.00,47.00,47.00,47.00,2,2025-04-13,2025-06-07,1
"4902778326039","Uni Kurutoga KS & Switch & Replacement Lead 25-02 Limited Edition M3KS1P.WPC M5KS1P.CCM M5KS1P.MCA M5KS1P.SBM","0.5 Strawberry M","Japan Stationery","Shopee",5,141.00,28.20,28.20,28.20,5,2025-04-25,2025-06-14,1
"4955414927626","Staedtler Avant Garde Premium 4 in 1 Function - 3 Color Ball Point Pen (0.7mm) + Mechanical Pencil (0.5mm) + Pencil Case","G-Champaign Gold","Japan Stationery","Shopee",1,139.70,139.70,139.70,139.70,1,2025-04-23,2025-04-23,1
"4955414927152","Staedtler Avant Garde Premium 4 in 1 Function - 3 Color Ball Point Pen (0.7mm) + Mechanical Pencil (0.5mm) + Pencil Case","SWH-Snow White","Japan Stationery","Shopee",1,139.70,139.70,139.70,139.70,1,2025-05-05,2025-05-05,1
"4971516026067","Ohto Bloom 3-in-1 2 Color 0.7 mm Ballpoint Multi Pen + 0.5 mm Pencil Premium Japan","Denim Blue","Japan Stationery","Shopee",1,139.70,139.70,139.70,139.70,1,2025-05-10,2025-05-10,1
"4955414927756","Staedtler Avant Garde Premium 4 in 1 Function - 3 Color Ball Point Pen (0.7mm) + Mechanical Pencil (0.5mm) + Pencil Case","TG-Titanium Grey","Japan Stationery","Shopee",1,139.70,139.70,139.70,139.70,1,2025-05-12,2025-05-12,1
"4955414927329","Staedtler Avant Garde Premium 4 in 1 Function - 3 Color Ball Point Pen (0.7mm) + Mechanical Pencil (0.5mm) + Pencil Case","BB-Blast Black","Japan Stationery","Shopee",1,139.70,139.70,139.70,139.70,1,2025-05-22,2025-05-22,1
"4902778198490","Uni Jetstream Prime 2 Color Ballpoint Multi Pen (0.7mm) & Mechanical Pencil","Silver","Japan Stationery","Shopee",1,139.70,139.70,139.70,139.70,1,2025-06-27,2025-06-27,1
"4902778229620","Refill for Mitsubishi Multi Function Jetstream Pen SXR-600-05 (0.5mm) and SXR-600-07 (0.7mm) G2 refill","Black 0.5mm","Japan Stationery","Shopee",4,139.60,34.90,34.90,34.90,2,2025-06-22,2025-06-29,1
"4901480287454","Kokuyo Harinacs Staplerless Stapler Gun-Type Paper Press 10 Sheets SLN-MSH110D SLN-MSH110G SLN-MSH110LB SLN-MSH110W","Green","Japan Stationery","Shopee",3,137.70,45.90,45.90,45.90,3,2025-04-29,2025-06-22,1
"4901480287485","Kokuyo Harinacs Staplerless Stapler Gun-Type Paper Press 10 Sheets SLN-MSH110D SLN-MSH110G SLN-MSH110LB SLN-MSH110W","White","Japan Stationery","Shopee",3,137.70,45.90,45.90,45.90,3,2025-05-13,2025-06-22,1
"4955414925202","Staedtler 925-25 Drafting Mechanical Pencil Metal Body (0.3mm, 0.5mm, 0.7mm, 0.9mm,1.3mm, 2.0mm)","2.0mm","Japan Stationery","Shopee",2,137.40,68.70,68.70,68.70,2,2025-04-07,2025-04-13,1
"4955414926872","Staedtler 925 -35 Drafting Mechanical Pencil Metal Body(0.3, 0.5, 0.7, 0.9, 2.0)","0.3mm","Japan Stationery","Shopee",2,137.40,68.70,68.70,68.70,2,2025-04-07,2025-05-24,1
"4955414925257","Staedtler 925-25 Drafting Mechanical Pencil Metal Body (0.3mm, 0.5mm, 0.7mm, 0.9mm,1.3mm, 2.0mm)","0.5mm","Japan Stationery","Shopee",2,137.40,68.70,68.70,68.70,2,2025-04-14,2025-04-24,1
"4901140905179","Iwatani Tatsujin Slim III Portable Gas Stove Outdoor Camping Dapur Gas Takoyaki Emergency CB-SS-50 Hot Sandwich Grill","Teppanyaki Plate","Elite Camp","Shopee",1,137.00,137.00,137.00,137.00,1,2025-06-28,2025-06-28,1
"3501179044538","rOtring Trio 3in1 / Quattro 4in1 Gravity Mechanism Multi Function Pen Graphite","Trio 3in1 Black","Japan Stationery","Shopee",1,137.00,137.00,137.00,137.00,1,2025-05-14,2025-05-14,1
"4902506337184","Pentel Smash Drafting Mechanical Pencil - 0.5 mm","Gun Metallic","Japan Stationery","Shopee",2,135.80,67.90,67.90,67.90,2,2025-05-29,2025-06-30,1
"4901991032178","Tombow Mono Graph Multi -2 Color Pen + Mechanical Pencil + Twist Eraser","Mono","Japan Stationery","Shopee",4,134.80,33.70,33.70,33.70,4,2025-04-10,2025-05-15,1
"4901991032192","Tombow Mono Graph Multi -2 Color Pen + Mechanical Pencil + Twist Eraser","Black","Japan Stationery","Shopee",4,134.80,33.70,33.70,33.70,4,2025-04-25,2025-06-23,1
"6975498001652","Olight imini 2 Rechargeable Mini Flashlight Instant Activation Camping Hiking Torchlight Small Portable","Black","Japan Stationery","Shopee",2,134.00,67.00,67.00,67.00,1,2025-06-23,2025-06-23,1
"6975498004417","Olight imini 2 Rechargeable Mini Flashlight Instant Activation Camping Hiking Torchlight Small Portable","Orange","Japan Stationery","Shopee",2,134.00,67.00,67.00,67.00,1,2025-06-25,2025-06-25,1
"4901681384518","Zebra ClickArt Pen Fine Liner Marker Water Based Set 12pcs 36pcs 48 pcs limited edition Click Art","Color:Complete Set -36pcs","Japan Stationery","Lazada",1,134.00,134.00,134.00,134.00,1,2025-06-05,2025-06-05,1
"4902505677656","Pilot The Dr.Grip Black Accent Mechanical Pencil 0.3/0.5mm HTDGB-15-MB  -MW -DL -DO -DPU HTDGB-13-MB -MW","Matte Black 0.5","Japan Stationery","Shopee",2,131.40,65.70,65.70,65.70,2,2025-05-15,2025-06-01,1
"4902506406620","Japan Pentel Ain Mechanical Pencil Lead 0.2/0.3/0.4/0.5/0.7/0.9/1.3 mm","0.5 H","Japan Stationery","Shopee",11,130.90,11.90,11.90,11.90,5,2025-04-27,2025-06-17,1
"4955414924038","Staedtler 925-15 Drafting Mechanical Pencil Plastic Body Light Weight (0.3, 0.5, 0.7, 0.9)","0.9mm","Japan Stationery","Shopee",4,130.80,32.70,32.70,32.70,4,2025-04-22,2025-06-24,1
"4902778164167","0.5mm Refill for Mitsubishi Jetstream Prime Pen SXR-200-05 (0.5mm) (D1 refill size)","Blue","Japan Stationery","Shopee",10,130.00,13.00,13.00,13.00,4,2025-04-04,2025-06-15,1
"4902778322123","Uni Mitsubishi Uniball ZENTO Basic Standard Flow Gel Pens 0.38/0.5mm UBNZS38.15 UBNZS38 UBNZS05","Std Adobe 0.38","Japan Stationery","Shopee",8,129.60,16.20,15.20,17.20,8,2025-05-08,2025-06-26,1
"4902778716144","Mitsubishi Uni Multi Function Pen 2 Color & Mechanical Pencil Pure Malt Premium","2+1 Wood","Japan Stationery","Shopee",1,129.00,129.00,129.00,129.00,1,2025-06-06,2025-06-06,1
"6975498007067","Olight Obulb Pro S Multi-Color Wireless Bulb Light Camping Portable Waterproof Sleeping Night light","Orange","Elite Camp","Shopee",1,127.00,127.00,127.00,127.00,1,2025-06-10,2025-06-10,1
"3026981142666","rOtring 600 Special Color Edition Full Metal Drafting Pencil (0.5 mm), Ballpoint Pen, Blue / Red / Green rotring","Blue (Pencil 0.5mm)","Japan Stationery","Shopee",1,127.00,127.00,127.00,127.00,1,2025-04-07,2025-04-07,1
"3026981142642","rOtring 600 Special Color Edition Full Metal Drafting Pencil (0.5 mm), Ballpoint Pen, Blue / Red / Green rotring","Red (Pencil 0.5mm)","Japan Stationery","Shopee",1,127.00,127.00,127.00,127.00,1,2025-04-08,2025-04-08,1
"6975498007074","Olight Obulb Pro S Multi-Color Wireless Bulb Light Camping Portable Waterproof Sleeping Night light","Blue","Japan Stationery","Shopee",1,127.00,127.00,127.00,127.00,1,2025-04-11,2025-04-11,1
"3501179044453","rOtring 600 Full Metal Drafting Pencil (0.3, 0.5, 0.7, 2.0 mm) Ballpoint Pen (1.0 mm) rotring","Pencil 0.5mm Silver","Japan Stationery","Shopee",1,127.00,127.00,127.00,127.00,1,2025-04-15,2025-04-15,1
"3026981142635","rOtring 600 Special Color Edition Full Metal Drafting Pencil (0.5 mm), Ballpoint Pen, Blue / Red / Green rotring","Green Ballpoint Pen","Japan Stationery","Shopee",1,127.00,127.00,127.00,127.00,1,2025-04-20,2025-04-20,1
"X000U0L0KT","rOtring 600 Special Color Edition Full Metal Drafting Pencil (0.5 mm), Ballpoint Pen, Blue / Red / Green rotring","Red Ballpoint Pen","Japan Stationery","Shopee",1,127.00,127.00,127.00,127.00,1,2025-04-20,2025-04-20,1
"4902778309117","Mitsubishi Pencil Jetstream Karimoku 4&1 Multi-Function Pen Steel 0.5 MSXE5-KF-05 Jet Stream","Sunset Orange","Japan Stationery","Shopee",1,127.00,127.00,127.00,127.00,1,2025-06-05,2025-06-05,1
"4902778309124","Mitsubishi Pencil Jetstream Karimoku 4&1 Multi-Function Pen Steel 0.5 MSXE5-KF-05 Jet Stream","Steel Blue","Japan Stationery","Shopee",1,127.00,127.00,127.00,127.00,1,2025-06-05,2025-06-05,1
"3501179044422","rOtring 600 Full Metal Drafting Pencil (0.3, 0.5, 0.7, 2.0 mm) Ballpoint Pen (1.0 mm) rotring","Pencil 0.7mm Black","Japan Stationery","Shopee",1,127.00,127.00,127.00,127.00,1,2025-06-16,2025-06-16,1
"6975498005483","Olight Oclip Rechargable EDC Flashlight  White & Red Light","Color:Orange","Japan Stationery","Lazada",1,127.00,127.00,127.00,127.00,1,2025-05-05,2025-05-05,1
"4901480343839","Kokuyo Enpitsu Thick Lead Mechanical Pencil Metal or Rubber Grip Sharp - Type M or MX Writing","Type:Metal Grip 0.7mm","Japan Stationery","Lazada",2,125.78,62.89,62.89,62.89,2,2025-04-03,2025-05-23,1
"4902778320884","Uni Mitsubishi Jetstream Prime Light Touch Ink 3-Color Ballpoint Pen 0.5mm SXE3LPR05.46 SXE3LPR05.39 SXE3LPR05.51 SXE3LP","Cloudy White","Japan Stationery","Shopee",1,125.70,125.70,125.70,125.70,1,2025-04-26,2025-04-26,1
"4902778320907","Uni Mitsubishi Jetstream Prime Light Touch Ink 3-Color Ballpoint Pen 0.5mm SXE3LPR05.46 SXE3LPR05.39 SXE3LPR05.51 SXE3LP","Cotton Pink","Japan Stationery","Shopee",1,125.70,125.70,125.70,125.70,1,2025-04-30,2025-04-30,1
"4901681416714","Original Japan Zebra Mildliner Double Sided Highlighter Set - Pack of 5 Colors","WKT7-5C-NC-N","Japan Stationery","Shopee",6,125.40,20.90,20.90,20.90,6,2025-05-20,2025-06-28,1
"4562263605751","Refill for rOtring Pen for 600 800 Rapid Pro series Jumbo Giant, Black, S0 195-390 G2","Pack of 5","Japan Stationery","Shopee",1,125.00,125.00,125.00,125.00,1,2025-04-09,2025-04-09,1
"4901480374079","Kokuyo Hasa-003 High Quality Scissors For Paper And Crafts, Fine Pointed Kai Blade Black HASA-001 HASA-002 HASA-003","Powerful Long","Japan Stationery","Shopee",1,125.00,125.00,125.00,125.00,1,2025-05-21,2025-05-21,1
"4901991065299","Tombow Monograph Mechanical Pencil 10th Anniversary Japan Limited Edition","Matte Navy","Japan Stationery","Shopee",6,124.20,20.70,20.70,20.70,6,2025-04-12,2025-05-16,1
"4902505390562","Pilot Iroshizuku Fountain Pen Ink 50 ml INK-50-AS","YG-Wild Chestnut","Japan Stationery","Shopee",2,124.00,62.00,62.00,62.00,2,2025-04-08,2025-05-04,1
"4901681886715","Zebra Sarasa Nano Snoopy Collaboration Vintage Single 0.3mm/0.38mm","Blue Gray 0.3mm","Japan Stationery","Shopee",8,124.00,15.50,15.50,15.50,8,2025-04-11,2025-05-18,1
"4902505367267","Pilot Iroshizuku Fountain Pen Ink 50 ml INK-50-AS","AJ-Hydrangea","Japan Stationery","Shopee",2,124.00,62.00,62.00,62.00,2,2025-04-15,2025-05-02,1
"4902505636042","Pilot Iroshizuku Fountain Pen Ink 50 ml INK-50-AS","SU-Jade","Japan Stationery","Shopee",2,124.00,62.00,62.00,62.00,2,2025-04-15,2025-06-14,1
"4902505433337","Pilot Iroshizuku Fountain Pen Ink 50 ml INK-50-AS","CHK-Bamboo Grove","Japan Stationery","Shopee",2,124.00,62.00,62.00,62.00,2,2025-04-23,2025-06-22,1
"4902505374784","Pilot Iroshizuku Fountain Pen Ink 50 ml INK-50-AS","KS-Drizzle","Japan Stationery","Shopee",2,124.00,62.00,62.00,62.00,2,2025-05-01,2025-05-02,1
"4902505374746","Pilot Iroshizuku Fountain Pen Ink 50 ml INK-50-AS","KJ-Peacock","Japan Stationery","Shopee",2,124.00,62.00,62.00,62.00,2,2025-05-28,2025-06-10,1
"4902505374760","Pilot Iroshizuku Fountain Pen Ink 50 ml INK-50-AS","SHR-Fresh Green","Japan Stationery","Shopee",2,124.00,62.00,62.00,62.00,2,2025-05-31,2025-06-14,1
"4902505453618","Pilot Iroshizuku Fountain Pen Ink 50 ml INK-50-AS","SNK-Deep Sea","Japan Stationery","Shopee",2,124.00,62.00,62.00,62.00,2,2025-06-14,2025-06-21,1
"4902778220894","Uni Kuru Toga Advance Automatic Lead Rotation (2X rotation speed) Mechanical Pencil (0.5mm)","Green","Japan Stationery","Shopee",5,123.50,24.70,24.70,24.70,5,2025-04-07,2025-05-14,1
"4902778220887","Uni Kuru Toga Advance Automatic Lead Rotation (2X rotation speed) Mechanical Pencil (0.5mm)","Navy","Japan Stationery","Shopee",5,123.50,24.70,24.70,24.70,5,2025-04-09,2025-06-08,1
"4902805422871","Midori Aluminum Extendable Ruler 30cm 11.8 inches Made in Japan","Brown Anodized","Japan Stationery","Shopee",2,123.40,61.70,61.70,61.70,2,2025-04-03,2025-04-24,1
"4902778322055","Uni Mitsubishi Uniball ZENTO Basic Standard Flow Gel Pens 0.38/0.5mm UBNZS38.15 UBNZS38 UBNZS05","Basic Red 0.38","Japan Stationery","Shopee",8,121.60,15.20,15.20,15.20,8,2025-04-28,2025-06-14,1
"4901480317830","Kokuyo Adult Campus Notebook A5 Grid Ruled 40 Sheets ノ-104S5-D ノ-4S5-D ノ-201S5N-D ノ-108S5-D ノ-8S5-D ス-T153S5-D","Size:B5 80S","Japan Stationery","Lazada",5,120.15,24.03,22.32,26.60,2,2025-05-06,2025-06-09,1
"4901480375595","Kokuyo C2 Tray Type Pencil Case Pen Case F-VBF140-7 F-VBF122-7","Ash Black Small","Japan Stationery","Shopee",2,120.00,60.00,60.00,60.00,2,2025-05-08,2025-05-12,1
"4902506314338","Pentel Super Multi 8 0.7 mm Ballpoint Pen 2 mm Lead Holder (japan import) Multi8 PH803","Pen Only","Japan Stationery","Shopee",1,119.70,119.70,119.70,119.70,1,2025-06-26,2025-06-26,1
"4902506172921","Japan Version Pentel Graph Gear 500 Drafting Mech Pencil 0.3 0.4 0.5 0.7 0.9mm PG513 PG514 PG515 PG517 PG519","0.3mm","Japan Stationery","Shopee",4,119.60,29.90,29.90,29.90,4,2025-05-24,2025-06-18,1
"4902778120705","Mitsubishi Uni Jetstream 4 Color (0.5mm/0.7mm) & Mechanical Pencil (0.5mm) Limited Edition Multi","Red Bordeaux","Japan Stationery","Shopee",3,119.10,39.70,39.70,39.70,3,2025-04-05,2025-06-08,1
"4902778043424","Mitsubishi Uni Jetstream 4 Color (0.5mm/0.7mm) & Mechanical Pencil (0.5mm) Limited Edition Multi","Silver","Japan Stationery","Shopee",3,119.10,39.70,39.70,39.70,3,2025-05-10,2025-06-08,1
"4902778120620","Mitsubishi Uni Jetstream 4 Color (0.5mm/0.7mm) & Mechanical Pencil (0.5mm) Limited Edition Multi","Navy Blue","Japan Stationery","Shopee",3,119.10,39.70,39.70,39.70,3,2025-05-31,2025-06-06,1
"4901770709703","Metacil Non sharpening Metal Pencil (Metal Body) for Artist Drawing, Sketching SUN-STAR Stylish Japan premium","Red","Japan Stationery","Shopee",3,119.10,39.70,39.70,39.70,3,2025-06-10,2025-06-21,1
"4902505673818","Limited Edition Anna Sui x Acro Collaboration Oil-based Ballpoint Pen SIlver Line Gold Line (0.5mm)","Gold Black","Japan Stationery","Shopee",1,119.00,119.00,119.00,119.00,1,2025-05-07,2025-05-07,1
"4902778258767","Uni Jetstream Edge Ballpoint Pen - 0.28 mm Uniball Extra Fine Tip Pen Mitsubishi (SXN-1003-28) Premium Japan","Navy","Japan Stationery","Shopee",4,118.80,29.70,29.70,29.70,4,2025-04-18,2025-06-09,1
"4902778198230","Mitsubishi Uni Jetstream 2 Ink Color & Mechanical Pencil (0.5mm / 0.7mm)","0.5mm Black","Japan Stationery","Shopee",4,118.80,29.70,29.70,29.70,2,2025-05-13,2025-05-20,1
"4902778199497","Uni Kuru Toga Pipe Slide Automatic Lead Rotation Mechanical Pencil 0.5mm","Color family:Blue","Japan Stationery","Lazada",6,118.48,19.75,19.50,20.18,6,2025-04-04,2025-05-30,1
"4903419843724","Lihit Lab ALTNA A7773-24 Tote Bag","Black","Japan Stationery","Shopee",2,118.00,59.00,59.00,59.00,2,2025-06-05,2025-06-15,1
"4902506412652","Pentel Orenz AT Dual Grip Mechanical Pencil - 0.5 mm Japan Premium Gifts","Dark Grey","Japan Stationery","Shopee",1,117.90,117.90,117.90,117.90,1,2025-06-05,2025-06-05,1
"4902778267714","Jetstream 4+1 Metal Edition - Mitsubishi Uni 4 Color (0.5mm) & Mechanical Pencil (0.5mm)","Color family:Ice Silver","Japan Stationery","Lazada",1,117.90,117.90,117.90,117.90,1,2025-06-02,2025-06-02,1
"4902506412669","Pentel Orenz AT Dual Grip Mechanical Pencil - 0.5 mm Japan Premium Gifts","Color:Silver","Japan Stationery","Lazada",1,117.90,117.90,117.90,117.90,1,2025-05-30,2025-05-30,1
"4902505676437","Pilot Neox Graphite Mechanical Pencil Refill 0.3/0.4/0.5/0.7/0.9mm HRFG-03-H -HB -B -2B HRFG-04-H -HB -B -2B HRFG-05-2H","2B 0.3","Japan Stationery","Shopee",10,117.00,11.70,11.70,11.70,5,2025-04-16,2025-06-11,1
"4902505676475","Pilot Neox Graphite Mechanical Pencil Refill 0.3/0.4/0.5/0.7/0.9mm HRFG-03-H -HB -B -2B HRFG-04-H -HB -B -2B HRFG-05-2H","2B 0.4","Japan Stationery","Shopee",10,117.00,11.70,11.70,11.70,2,2025-05-05,2025-06-11,1
"4901770686523","Metacil Non sharpening Metal Pencil (Metal Body) for Artist Drawing, Sketching SUN-STAR Stylish Japan premium","Color family:White","Japan Stationery","Lazada",2,116.75,58.38,57.90,58.85,2,2025-04-08,2025-05-02,1
"4955414926957","Staedtler 925 -35 Drafting Mechanical Pencil Metal Body(0.3, 0.5, 0.7, 0.9, 2.0)","Size:2.0mm","Japan Stationery","Lazada",2,115.50,57.75,54.85,60.65,2,2025-04-05,2025-04-28,1
"4902778561362","Uni Mitsubishi Hi-Uni GRCT Mechanical Pencil Refill Leads 0.3/0.5 mm HU033002H HU03300H HU03300HB HU03300B","4B (0.5)","Japan Stationery","Shopee",6,113.40,18.90,18.90,18.90,4,2025-05-05,2025-06-18,1
"4902778326114","Uni Kurutoga KS & Switch & Replacement Lead 25-02 Limited Edition M3KS1P.WPC M5KS1P.CCM M5KS1P.MCA M5KS1P.SBM","0.5 Cookie Cream","Japan Stationery","Shopee",4,112.80,28.20,28.20,28.20,4,2025-04-11,2025-06-28,1
"4902778326091","Uni Kurutoga KS & Switch & Replacement Lead 25-02 Limited Edition M3KS1P.WPC M5KS1P.CCM M5KS1P.MCA M5KS1P.SBM","0.5 Matcha","Japan Stationery","Shopee",4,112.80,28.20,28.20,28.20,4,2025-04-16,2025-06-14,1
"4901140904752","Iwatani Tatsujin Slim III Portable Gas Stove Outdoor Camping Dapur Gas Takoyaki Emergency CB-SS-50 Hot Sandwich Grill","Hard Case","Elite Camp","Shopee",1,108.00,108.00,108.00,108.00,1,2025-04-28,2025-04-28,1
"4902505661730","Limited Edition Pilot Frixion Ball3 Slim Tri-color Pen Erasable 0.38mm","Sunflower 3pcs Set","Japan Stationery","Shopee",4,108.00,27.00,27.00,27.00,1,2025-04-17,2025-04-17,1
"4901480151908","KOKUYO Dotliner Glue Tape Standard, Long, Hold, Long50, Power (refill or tape set) TA-DM400-08N D400-08N","Blue,Standard (8.4mm*16m)","Japan Stationery","Shopee",4,107.60,26.90,26.90,26.90,4,2025-04-06,2025-05-23,1
"4901681886487","Zebra DelGuard Honeycomb Edition Anti-break Core Mechanical Pencil (0.5mm)","Honeycomb Blue","Japan Stationery","Shopee",4,106.80,26.70,26.70,26.70,4,2025-04-23,2025-06-28,1
"4901681648184","Zebra DelGuard Checked Edition Anti-break Core Mechanical Pencil (0.5mm)","Checked Purple","Japan Stationery","Shopee",4,106.80,26.70,26.70,26.70,4,2025-05-03,2025-06-18,1
"4902778244036","Uni Kuru Toga Advance Automatic Lead Rotation (2X speed) Mechanical Pencil 0.7mm","Color family:White","Japan Stationery","Lazada",3,106.29,35.43,33.70,38.89,3,2025-04-29,2025-05-10,1
"6975498000327","Olight i1R 2 Rechargeable Keychain Flashlight i1R2 Pro imorse Instant Camping Hiking Torchlight Small Portable Mini","Color:iMorse","Japan Stationery","Lazada",1,105.68,105.68,105.68,105.68,1,2025-05-11,2025-05-11,1
"4902778164143","0.5mm Refill for Mitsubishi Jetstream Prime Pen SXR-200-05 (0.5mm) (D1 refill size)","Black","Japan Stationery","Shopee",8,104.00,13.00,13.00,13.00,7,2025-04-04,2025-05-10,1
"4901991065305","Tombow Monograph Mechanical Pencil 10th Anniversary Japan Limited Edition","Matte Gray","Japan Stationery","Shopee",5,103.50,20.70,20.70,20.70,5,2025-04-06,2025-06-17,1
"4901681886418","Zebra DelGuard Original Anti-break Core Mechanical Pencil Basic (0.5mm)","Black","Japan Stationery","Shopee",5,103.50,20.70,20.70,20.70,5,2025-04-15,2025-06-09,1
"4971516011872","Ohto Wooden Mechanical Pencil Lead Holder - 2.0 mm","Color family:Natural Wood","Japan Stationery","Lazada",3,101.65,33.88,33.88,33.89,1,2025-04-07,2025-04-07,1
"4902505648991","Pilot ILMILY 3rd Color to Color A2 Kumi Limited Edition Ballpoint Pen & Marker 0.4mm イルミリーCTC BP 04 B-GY イルミリーCTC BP 04","Emerald-Mint (Pen)","Japan Stationery","Shopee",8,101.60,12.70,12.70,12.70,6,2025-04-01,2025-06-29,1
"4902505649004","Pilot ILMILY 3rd Color to Color A2 Kumi Limited Edition Ballpoint Pen & Marker 0.4mm イルミリーCTC BP 04 B-GY イルミリーCTC BP 04","Grape-Lavender (Pen)","Japan Stationery","Shopee",8,101.60,12.70,12.70,12.70,7,2025-04-01,2025-05-23,1
"4902505674679","Pilot ILMILY 3rd Color to Color A2 Kumi Limited Edition Ballpoint Pen & Marker 0.4mm イルミリーCTC BP 04 B-GY イルミリーCTC BP 04","Sepia-Nemophila (Pen","Japan Stationery","Shopee",8,101.60,12.70,12.70,12.70,5,2025-04-01,2025-05-18,1
"4902505649035","Pilot ILMILY 3rd Color to Color A2 Kumi Limited Edition Ballpoint Pen & Marker 0.4mm イルミリーCTC BP 04 B-GY イルミリーCTC BP 04","Night Sakura (Pen)","Japan Stationery","Shopee",8,101.60,12.70,12.70,12.70,6,2025-04-01,2025-05-18,1
"4902805656122","Midori Eraser Dust Mini Cleaner (Car) and Mini Cleaner II (Round)","Car Pink","Japan Stationery","Shopee",3,101.10,33.70,33.70,33.70,3,2025-05-04,2025-06-01,1
"4901480351643","Kokuyo Gloo Strong, Clean, Disappearing Adhesive Glue Stick Turbo G321N-1P G322N-1P G323N-1P G301N-1P","Orange - Medium 22g","Japan Stationery","Shopee",6,100.20,16.70,16.70,16.70,5,2025-04-10,2025-06-10,1
"4902778301302","Refill for Mitsubishi Multi Function Jetstream Pen SXR-80-05 (0.5mm)","Black (Pack of 5pcs)","Japan Stationery","Shopee",5,99.50,19.90,19.90,19.90,5,2025-05-07,2025-06-13,1
"4903419842055","Original Lihit Lab Pen / Pencil Case - Book Type","Green","Japan Stationery","Shopee",2,99.40,49.70,49.70,49.70,2,2025-04-19,2025-06-09,1
"4902778043547","Uni Shift Pipe Lock Retractable Mechanical Pencils 0.3/0.5/0.7/0.9 mm M31010.26 M41010.26 M51010.26 M51010.24 M71010.26","0.3mm, Silver","Japan Stationery","Shopee",2,99.40,49.70,49.70,49.70,2,2025-06-05,2025-06-06,1
"4902778180372","Uniball Mitsubishi Uni Jetstream Stylus 3 Colors Multi Pen (0.5mm) & Stylus (Ag fiber)","Pink","Japan Stationery","Shopee",1,99.00,99.00,99.00,99.00,1,2025-06-04,2025-06-04,1
"4902778220924","Uni Kuru Toga Advance Automatic Lead Rotation (2X rotation speed) Mechanical Pencil (0.5mm)","Light Blue","Japan Stationery","Shopee",4,98.80,24.70,24.70,24.70,4,2025-05-06,2025-06-30,1
"4902778292402","Refill for Mitsubishi Multi Function Jetstream Pen SXR-80-07 (0.7mm)","Green (0.7mm)","Japan Stationery","Shopee",20,98.00,4.90,4.90,4.90,5,2025-05-23,2025-06-29,1
"4901770709697","Metacil Non sharpening Metal Pencil (Metal Body) for Artist Drawing, Sketching SUN-STAR Stylish Japan premium","Metallic Grey","Japan Stationery","Shopee",2,97.60,48.80,39.70,57.90,2,2025-04-24,2025-06-06,1
"YAKI-SAUCE","Accessory for Iwatani Portable Korean BBQ Yakimaru Smokeless Grill Yakiniku Stove Outdoor Butane Gas Stove Camping","Yakimaru WaterSaucer","Elite Camp","Shopee",1,97.00,97.00,97.00,97.00,1,2025-06-03,2025-06-03,1
"6972378124630","Olight i3T Small Flashlight Dual Outpot Slim EDC Camping Hiking Torchlight Small Portable","i3T Plus - OD Green","Elite Camp","Shopee",1,97.00,97.00,97.00,97.00,1,2025-06-19,2025-06-19,1
"4902562449487","Raymay Fujii Handheld Microscope ‎RXT150M Handy Portable Science Student Petit","Green","Elite Camp","Shopee",1,97.00,97.00,97.00,97.00,1,2025-06-29,2025-06-29,1
"4902778327166","JETSTREAM 4&1 BAMBOO 25th Spring Limited Edition Set","Sun Orange","Japan Stationery","Shopee",1,97.00,97.00,97.00,97.00,1,2025-06-21,2025-06-21,1
"4902505661693","Limited Edition Pilot Frixion Ball3 Slim Tri-color Pen Erasable 0.38mm","Marble Soda","Japan Stationery","Shopee",3,96.00,32.00,32.00,32.00,3,2025-04-10,2025-05-28,1
"4977564613358","Plus Twiggy Portable Scissors FitCut Curve","Blue","Japan Stationery","Shopee",4,94.80,23.70,23.70,23.70,4,2025-04-09,2025-06-07,1
"4902778181591","Refill for Mitsubishi Jetstream Pen SXR-5 (0.5mm) SXR-38 SXR-7Multi Function SXN-150 SXN-250","Color family:Black (0.38mm)(5pcs)","Japan Stationery","Lazada",5,94.69,18.94,17.90,23.09,3,2025-04-06,2025-05-05,1
"4902505676550","Pilot Neox Graphite Mechanical Pencil Refill 0.3/0.4/0.5/0.7/0.9mm HRFG-03-H -HB -B -2B HRFG-04-H -HB -B -2B HRFG-05-2H","4B 0.5","Japan Stationery","Shopee",8,93.60,11.70,11.70,11.70,5,2025-04-23,2025-05-30,1
"4902778292396","Refill for Mitsubishi Multi Function Jetstream Pen SXR-80-05 (0.5mm)","Blue (0.5mm)","Japan Stationery","Shopee",19,93.10,4.90,4.90,4.90,7,2025-05-07,2025-06-28,1
"4901480352329","Kokuyo Neocritz Hail Blue Pencil Case Pen Holder F-VBF220-1 F-VBF220-2","Black","Japan Stationery","Shopee",1,92.50,92.50,92.50,92.50,1,2025-04-09,2025-04-09,1
"6975498001652","Olight imini 2 Rechargeable Mini Flashlight Instant Activation Camping Hiking Torchlight Small Portable","Color:Black","Elite Camp","Lazada",1,92.19,92.19,92.19,92.19,1,2025-06-29,2025-06-29,1
"4902778320587","Uni Mitsubishi Uni-ball One F Japan Limited Edition Ballpoint Pen 0.38/0.5mm UMNSFCC38.CP UMNSFCC38.CBR UMNSFCC05.PG","Black Sesame 0.5","Japan Stationery","Shopee",3,92.10,30.70,30.70,30.70,3,2025-04-11,2025-05-08,1
"4902778320563","Uni Mitsubishi Uni-ball One F Japan Limited Edition Ballpoint Pen 0.38/0.5mm UMNSFCC38.CP UMNSFCC38.CBR UMNSFCC05.PG","Rose Milk 0.5","Japan Stationery","Shopee",3,92.10,30.70,30.70,30.70,3,2025-05-07,2025-06-07,1
"4901140905131","Iwatani Tatsujin Slim III Portable Gas Stove Outdoor Camping Dapur Gas Teppanyaki Sukiyaki Takoyaki Emergency CB-SS-50","Amiyaki Plate","Elite Camp","Lazada",1,92.00,92.00,92.00,92.00,1,2025-05-20,2025-05-20,1
"4902778164174","0.7mm Refill for Mitsubishi Jetstream Prime Pen SXR-200-07 (0.7mm) (D1 refill size)","Black","Japan Stationery","Shopee",7,91.00,13.00,13.00,13.00,3,2025-04-05,2025-04-20,1
"4901480334295","Kokuyo Campus Checkle Highlighter Pen with Erasable Pen Marker and Memorizing Sheet Marking Chekku PM-M221N-S PM-M120N-S","OrangeFine+Blue Bold","Japan Stationery","Shopee",7,91.00,13.00,13.00,13.00,4,2025-05-04,2025-06-10,1
"4901681886616","Zebra DelGuard Basic Anti-break Core Mechanical Pencil (0.7mm) 0.7 Japan Premium Stationery Student Gift","Black (0.7mm)","Japan Stationery","Shopee",4,90.80,22.70,22.70,22.70,4,2025-04-08,2025-04-26,1
"4901681886630","Zebra DelGuard Basic Anti-break Core Mechanical Pencil (0.7mm) 0.7 Japan Premium Stationery Student Gift","White (0.7mm)","Japan Stationery","Shopee",4,90.80,22.70,22.70,22.70,3,2025-04-29,2025-06-06,1
"4006856505931","Rotring Tikky Hi-Polymer Pencil Lead (0.3 0.35 0.5 0.7 0.9 1.0 2.0 mm 2H H HB B 2B)","1.0mm HB","Japan Stationery","Shopee",7,90.30,12.90,12.90,12.90,2,2025-04-29,2025-05-30,1
"4901681853540","Zebra DelGuard Metal Grip Type-Lx Anti-break Core Mechanical Pencil (0.5mm)","Black Eraser Bonus","Japan Stationery","Shopee",2,90.00,45.00,45.00,45.00,1,2025-05-17,2025-05-17,1
"4901681853564","Zebra DelGuard Metal Grip Type-Lx Anti-break Core Mechanical Pencil (0.5mm)","Red Eraser Bonus","Japan Stationery","Shopee",2,90.00,45.00,45.00,45.00,2,2025-05-17,2025-06-09,1
"4901681577866","Zebra DelGuard Metal Grip Type-Lx Anti-break Core Mechanical Pencil (0.5mm)","White","Japan Stationery","Shopee",2,90.00,45.00,45.00,45.00,2,2025-06-04,2025-06-15,1
"4977114211607","Platinum Pro-Use 171 Drafting Pencil Metal Grip Professional Mechanical Pencil (0.3mm 0.5mm 0.7mm 0.9mm)","0.3mm Grey","Japan Stationery","Shopee",1,89.70,89.70,89.70,89.70,1,2025-05-09,2025-05-09,1
"4977114211638","Platinum Pro-Use 171 Drafting Pencil Metal Grip Professional Mechanical Pencil (0.3mm 0.5mm 0.7mm 0.9mm)","0.9mm White","Japan Stationery","Shopee",1,89.70,89.70,89.70,89.70,1,2025-06-05,2025-06-05,1
"4901681581030","Original Japan Zebra Mildliner Double Sided Highlighter Set - Pack of 5 Colors","WKT7-N-5C-N","Japan Stationery","Shopee",4,89.60,22.40,20.90,23.90,4,2025-04-02,2025-06-25,1
"6975498002987","Oknife Otacle K1 EDC  6in1 Multi-Purpose Knife","Black","Elite Camp","Shopee",1,89.00,89.00,89.00,89.00,1,2025-05-27,2025-05-27,1
"4902778272398","Uni Mitsubishi Mechanical Pencil Refill Leads 0.3/0.4/0.5/0.7/0.9 mm UL-S-0.3-25 1P","B (0.5)","Japan Stationery","Shopee",10,89.00,8.90,8.90,8.90,6,2025-04-11,2025-06-25,1
"4902778272442","Uni Mitsubishi Mechanical Pencil Refill Leads 0.3/0.4/0.5/0.7/0.9 mm UL-S-0.3-25 1P","HB (0.5)","Japan Stationery","Shopee",10,89.00,8.90,8.90,8.90,7,2025-04-19,2025-06-11,1
"4902505674662","Pilot ILMILY 3rd Color to Color A2 Kumi Limited Edition Ballpoint Pen & Marker 0.4mm イルミリーCTC BP 04 B-GY イルミリーCTC BP 04","Olive-Mimosa (Pen)","Japan Stationery","Shopee",7,88.90,12.70,12.70,12.70,6,2025-04-01,2025-06-29,1
"4955414924434","Staedtler All Black 925 Drafting Mechanical Pencil Metal Body(0.3, 0.5, 2.0)","Size:0.3mm","Japan Stationery","Lazada",1,88.89,88.89,88.89,88.89,1,2025-06-10,2025-06-10,1
"4901480232867","KOKUYO Dotliner Glue Tape Knock, Stamp (refill or tape set) TA-DM480-07NB D480-07N DM480-07NP DM460-08","Stamp Blue","Japan Stationery","Shopee",4,88.00,22.00,22.00,22.00,4,2025-04-29,2025-06-11,1
"4902778121825","Uni Kuru Toga Alpha Gel Automatic Lead Rotation Mechanical Pencil (0.5mm)","Pink","Japan Stationery","Shopee",2,87.40,43.70,43.70,43.70,2,2025-04-25,2025-05-23,1
"4901480339351","Kokuyo Gloo Strong, Clean, Disappearing Adhesive Glue Stick Turbo G321N-1P G322N-1P G323N-1P G301N-1P","Grey M Pack of 3","Japan Stationery","Shopee",2,87.40,43.70,43.70,43.70,2,2025-04-30,2025-05-24,1
"4901681277766","Zebra DelGuard Rubber Grip Type - GR Anti-break Core Mechanical Pencil (0.5mm)","White","Japan Stationery","Shopee",2,87.40,43.70,43.70,43.70,2,2025-05-15,2025-06-10,1
"6975498000082","OLIGHT Gober Kit Safety Light, High Visibility LED Beacon Lights with 4 Lighting Modes, USB-C Rechargeable Flashing","Color family:Orange","Japan Stationery","Lazada",1,87.30,87.30,87.30,87.30,1,2025-04-23,2025-04-23,1
"6975498000068","OLIGHT Gober Kit Safety Light, High Visibility LED Beacon Lights with 4 Lighting Modes, USB-C Rechargeable Flashing","Color family:OD Green","Japan Stationery","Lazada",1,87.30,87.30,87.30,87.30,1,2025-04-23,2025-04-23,1
"YAKI-PLATE","Accessory for Iwatani Portable Korean BBQ Yakimaru Smokeless Grill Yakiniku Stove Outdoor Butane Gas Stove Camping","Yakimaru Plate","Elite Camp","Lazada",1,87.19,87.19,87.19,87.19,1,2025-04-12,2025-04-12,1
"ARI-GRILL","Replacement Grill for Iwatani Portable Stove Aburiya Outdoor Skewer Wire Mesh Yakitori BBQ Butane Gas Camping CB-ABR-AMI","","Elite Camp","Shopee",1,87.00,87.00,87.00,87.00,1,2025-05-13,2025-05-13,1
"6975498007715","Olight imini 2 Rechargeable Mini Flashlight Instant Activation Camping Hiking Torchlight Small Portable","OD Green","Elite Camp","Shopee",1,87.00,87.00,87.00,87.00,1,2025-05-27,2025-05-27,1
"4895151559004","Rotring 500 Special Color Edition Drafting Mechanical Pencil 0.5mm","Blue","Japan Stationery","Shopee",1,87.00,87.00,87.00,87.00,1,2025-04-15,2025-04-15,1
"4895151559011","Rotring 500 Special Color Edition Drafting Mechanical Pencil 0.5mm","Red","Japan Stationery","Shopee",1,87.00,87.00,87.00,87.00,1,2025-04-15,2025-04-15,1
"4902778183885","Uni Kuru Toga Basic - Automatic Lead Rotation Mechanical Pencil (0.5mm)","Navy","Japan Stationery","Shopee",4,86.80,21.70,21.70,21.70,4,2025-04-09,2025-05-29,1
"4902778153376","Uni Kuru Toga Disney Edition - Automatic Lead Rotation Mechanical Pencil","Mickey (0.5mm Red)","Japan Stationery","Shopee",3,86.70,28.90,28.90,28.90,3,2025-04-15,2025-06-18,1
"4902506177995","Pentel Sharp Kerry Mechanical Pencil - 0.5 mm","Green","Japan Stationery","Shopee",1,85.70,85.70,85.70,85.70,1,2025-05-05,2025-05-05,1
"4901480365312","Kokuyo PM-MT200 Mark+ Two Way Color Highlighter Fineliner Marker PM-MT200LG PM-MT200K PM-MT200G PM-MT200DB PM-MT200P","5 Color Set","Japan Stationery","Shopee",2,85.00,42.50,42.50,42.50,2,2025-05-04,2025-06-14,1
"4901681731824","Zebra DelGuard (0.5mm) +2 ink Color (0.7 mm)   - Emulsion Ink Multi Pen Mechanical Pencil+2C","Blue","Japan Stationery","Shopee",1,85.00,85.00,85.00,85.00,1,2025-06-16,2025-06-16,1
"4902505680182","Pilot ILMILY 3rd Color to Color A2 Kumi Limited Edition Ballpoint Pen & Marker 0.4mm イルミリーCTC BP 04 B-GY イルミリーCTC BP 04","Night Sakura (Set)","Japan Stationery","Shopee",3,84.60,28.20,28.20,28.20,2,2025-05-26,2025-06-03,1
"4902505680151","Pilot ILMILY 3rd Color to Color A2 Kumi Limited Edition Ballpoint Pen & Marker 0.4mm イルミリーCTC BP 04 B-GY イルミリーCTC BP 04","Emerald-Mint (Set)","Japan Stationery","Shopee",3,84.60,28.20,28.20,28.20,1,2025-06-03,2025-06-03,1
"4902505680168","Pilot ILMILY 3rd Color to Color A2 Kumi Limited Edition Ballpoint Pen & Marker 0.4mm イルミリーCTC BP 04 B-GY イルミリーCTC BP 04","Cherry-Peach (Set)","Japan Stationery","Shopee",3,84.60,28.20,28.20,28.20,1,2025-06-03,2025-06-03,1
"4901480387680","Kokuyo Campus Checkle Highlighter Pen with Erasable Pen Marker and Memorizing Sheet Marking Chekku PM-M221N-S PM-M120N-S","OrangeBold+Blue Fine","Japan Stationery","Shopee",6,84.00,14.00,14.00,14.00,3,2025-05-15,2025-06-16,1
"4902778156995","Uni Kuru Toga Rubber Grip Automatic Lead Rotation Mechanical Pencil","Pink","Japan Stationery","Shopee",3,83.70,27.90,27.90,27.90,2,2025-04-02,2025-05-03,1
"4902778211380","Uni Nano Diamond Color Erasable Lead - 0.5 mm - Orange Green Red Mint Blue Pink","Lavender","Japan Stationery","Shopee",7,83.30,11.90,11.90,11.90,5,2025-04-04,2025-06-24,1
"4902778211373","Uni Nano Diamond Color Erasable Lead - 0.5 mm - Orange Green Red Mint Blue Pink","Blue","Japan Stationery","Shopee",7,83.30,11.90,11.90,11.90,5,2025-04-10,2025-06-27,1
"4902506406606","Japan Pentel Ain Mechanical Pencil Lead 0.2/0.3/0.4/0.5/0.7/0.9/1.3 mm","0.5 B","Japan Stationery","Shopee",7,83.30,11.90,11.90,11.90,6,2025-05-10,2025-06-13,1
"4902778302392","New Kuru Toga KS Uni Japan Mechanical Pencil Lead Self-rotating M3/5-KS Upgraded Version 0.3mm/0.5mm","0.5 Light Gray","Japan Stationery","Shopee",3,83.10,27.70,27.70,27.70,3,2025-04-05,2025-05-15,1
"4902778309629","New Kuru Toga KS Uni Japan Mechanical Pencil Lead Self-rotating M3/5-KS Upgraded Version 0.3mm/0.5mm","0.5 Coral Pink","Japan Stationery","Shopee",3,83.10,27.70,27.70,27.70,3,2025-05-06,2025-06-30,1
"4901681886425","Zebra DelGuard Original Anti-break Core Mechanical Pencil Basic (0.5mm)","Blue","Japan Stationery","Shopee",4,82.80,20.70,20.70,20.70,4,2025-04-13,2025-06-01,1
"4901480330693","Kokuyo Shellbro Pen Case, Shell-shaped Structure Big Capacity Pencil Case F-VBF190-1","Navy x Blue","Japan Stationery","Shopee",1,82.50,82.50,82.50,82.50,1,2025-05-25,2025-05-25,1
"4901480330686","Kokuyo Shellbro Pen Case, Shell-shaped Structure Big Capacity Pencil Case F-VBF190-1","Black x Orange","Japan Stationery","Shopee",1,82.50,82.50,82.50,82.50,1,2025-06-17,2025-06-17,1
"4902505676543","Pilot Neox Graphite Mechanical Pencil Refill 0.3/0.4/0.5/0.7/0.9mm HRFG-03-H -HB -B -2B HRFG-04-H -HB -B -2B HRFG-05-2H","3B 0.5","Japan Stationery","Shopee",7,81.90,11.70,11.70,11.70,6,2025-05-19,2025-06-26,1
"4901480026930","Kokuyo N-Storage Pencil Case F-VBF250-1","color:Mustard","Japan Stationery","Lazada",1,80.19,80.19,80.19,80.19,1,2025-06-05,2025-06-05,1
"4902778273982","Uni Mitsubishi Mechanical Pencil Refill Leads 0.3/0.4/0.5/0.7/0.9 mm UL-S-0.3-25 1P","2H (0.3)","Japan Stationery","Shopee",9,80.10,8.90,8.90,8.90,3,2025-05-05,2025-06-27,1
"4902778043394","Mitsubishi Uni Jetstream 4 Color (0.5mm/0.7mm) & Mechanical Pencil (0.5mm) Limited Edition Multi","White","Japan Stationery","Shopee",2,79.40,39.70,39.70,39.70,2,2025-04-18,2025-06-08,1
"4902778285794","Uni Kuru Toga Advance Upgrade Model Mechanical Pencil - 0.3 / 0.5 mm Punch Punched Upgraded","0.3mm Ivory","Japan Stationery","Shopee",2,79.40,39.70,39.70,39.70,2,2025-04-22,2025-05-12,1
"4902778131121","Mitsubishi Uni Jetstream 4 Color (0.5mm/0.7mm) & Mechanical Pencil (0.5mm) Limited Edition Multi","Light Blue","Japan Stationery","Shopee",2,79.40,39.70,39.70,39.70,2,2025-05-10,2025-06-06,1
"4902506371645","Pentel Orenz Metal Grip Drafting Mechanical Pencil 0.2mm 0.3mm","0.2mm Turquoise","Japan Stationery","Shopee",2,79.40,39.70,39.70,39.70,1,2025-05-11,2025-05-11,1
"4901480330686","Kokuyo Shellbro Pen Case, Shell-shaped Structure Big Capacity Pencil Case F-VBF190-1","Color:Black x Orange","Japan Stationery","Lazada",1,79.17,79.17,79.17,79.17,1,2025-04-10,2025-04-10,1
"4902778164198","0.7mm Refill for Mitsubishi Jetstream Prime Pen SXR-200-07 (0.7mm) (D1 refill size)","Blue","Japan Stationery","Shopee",6,78.00,13.00,13.00,13.00,5,2025-04-20,2025-06-26,1
"4902505673849","Limited Edition Anna Sui x Acro Collaboration Oil-based Ballpoint Pen SIlver Line Gold Line (0.5mm)","Silver Purple Cat","Japan Stationery","Shopee",2,78.00,39.00,39.00,39.00,2,2025-05-28,2025-06-16,1
"6972378120137","Olight i3E EOS LED Keychain Mono Output Flashlight Torchlight Camping Hiking Compact Torch Flash","Black","Elite Camp","Shopee",2,77.40,38.70,38.70,38.70,2,2025-06-22,2025-06-23,1
"4901681886616","Zebra DelGuard Basic Anti-break Core Mechanical Pencil (0.7mm) 0.7","Color family:Black (0.7mm)","Japan Stationery","Lazada",3,75.88,25.29,22.70,27.89,3,2025-05-05,2025-06-28,1
"4902505680311","Pilot KAKUNO Drowsy Color Kumi Madoromi Color Series Fountain Pen Fine/Medium P-FKA-1-MDPF -MDPM -MDIF -MDIM -MDBNF","Drowsy Blue (Medium)","Japan Stationery","Shopee",1,75.70,75.70,75.70,75.70,1,2025-04-29,2025-04-29,1
"4902505680328","Pilot KAKUNO Drowsy Color Kumi Madoromi Color Series Fountain Pen Fine/Medium P-FKA-1-MDPF -MDPM -MDIF -MDIM -MDBNF","Drowsy Light Blue (F","Japan Stationery","Shopee",1,75.70,75.70,75.70,75.70,1,2025-05-08,2025-05-08,1
"4901681698042","Delguard Type Lx0.5 City Color Series P-MA86-CC-DOR P-MA86-CC-CGR P-MA86-CC-FW P-MA86-CC-MNV","Midnight Navy","Japan Stationery","Shopee",1,75.70,75.70,75.70,75.70,1,2025-05-12,2025-05-12,1
"4902506428004","Pentel Orenz Metal Grip Green Japan Limited Edition 0.5mm Mechanical Penciln XPP1505G2-L1 XC285HB-3P XZEAC065","Turquoise Green","Japan Stationery","Shopee",1,75.70,75.70,75.70,75.70,1,2025-05-19,2025-05-19,1
"4902505680243","Pilot KAKUNO Drowsy Color Kumi Madoromi Color Series Fountain Pen Fine/Medium P-FKA-1-MDPF -MDPM -MDIF -MDIM -MDBNF","P-FKA-1-MDPF","Japan Stationery","Shopee",1,75.70,75.70,75.70,75.70,1,2025-06-24,2025-06-24,1
"4902505680304","Pilot KAKUNO Drowsy Color Kumi Madoromi Color Series Fountain Pen Fine/Medium P-FKA-1-MDPF -MDPM -MDIF -MDIM -MDBNF","Drowsy Blue (Fine)","Japan Stationery","Shopee",1,75.70,75.70,75.70,75.70,1,2025-06-25,2025-06-25,1
"4902778246795","Mitsubishi Uni Jetstream Slim Compact 3 Color (0.38mm / 0.5mm)","Lavender","Japan Stationery","Shopee",2,75.40,37.70,36.70,38.70,2,2025-04-10,2025-04-25,1
"4902778246832","Mitsubishi Uni Jetstream Slim Compact 3 Color (0.38mm / 0.5mm)","White","Japan Stationery","Shopee",2,75.40,37.70,36.70,38.70,2,2025-04-10,2025-05-20,1
"4901681570218","Zebra DelGuard ER Anti-break Core Mechanical Pencil (0.5mm) - Eraser Edition","Black","Japan Stationery","Shopee",2,75.40,37.70,37.70,37.70,2,2025-04-28,2025-04-30,1
"4901480026930","Kokuyo N-Storage Pencil Case F-VBF250-1","Mustard","Japan Stationery","Shopee",1,75.00,75.00,75.00,75.00,1,2025-04-30,2025-04-30,1
"4902778229620","Refill for Mitsubishi Multi Function Jetstream Pen SXR-600-05 (0.5mm) and SXR-600-07 (0.7mm) G2 refill","Variation1:Black 0.5mm","Japan Stationery","Lazada",2,74.99,37.50,37.49,37.50,1,2025-04-26,2025-04-26,1
"6972378120779","Olight i1R 2 Rechargeable Keychain Flashlight i1R2 Pro imorse Instant Camping Hiking Torchlight Small Portable Mini","i1R 2 Eos - Black","Japan Stationery","Shopee",1,74.90,74.90,74.90,74.90,1,2025-04-14,2025-04-14,1
"4902668669161","Uni-Ball One Jujutsu Kaisen JAPAN LIMITED EDITION Gel Pen 0.38 mm HH4031","UniballOne/Geto","Japan Stationery","Shopee",2,73.80,36.90,36.90,36.90,2,2025-05-19,2025-06-05,1
"4903419832735","Original Lihit Lab Pen / Pencil Case - Book Type XL (Double)","Orange","Japan Stationery","Shopee",1,73.70,73.70,73.70,73.70,1,2025-05-05,2025-05-05,1
"4902778246801","Mitsubishi Uni Jetstream Slim Compact 3 Color (0.38mm / 0.5mm)","Baby Pink","Japan Stationery","Shopee",2,73.40,36.70,36.70,36.70,2,2025-04-12,2025-04-25,1
"4902505680540","Pilot Juice Neon Color Series B Kumi Limited Edition Gel Ink Ballpoint Pen 0.5mm LJU-15-6CN 3CNA -3CNB","6 Color","Japan Stationery","Shopee",2,73.40,36.70,36.70,36.70,2,2025-05-18,2025-06-10,1
"4901480323374","KOKUYO Stand Pen Tool Neo Critz Large Size Pencil Case F-VBF180-1 F-VBF181-1","Dot x Navy","Japan Stationery","Shopee",1,72.50,72.50,72.50,72.50,1,2025-06-22,2025-06-22,1
"4901681886630","Zebra DelGuard Basic Anti-break Core Mechanical Pencil (0.7mm) 0.7","Color family:White (0.7mm)","Japan Stationery","Lazada",3,71.48,23.83,20.89,27.89,3,2025-05-05,2025-05-11,1
"4902505602801","Pilot Lightive Fountain Pen 2024 Limited Edition Color P-FLT24-1-CLYF P-FLT24-1-CLYM P-FLT24-1-SCAF P-FLT24-1-SCAM","Converter 70N","Japan Stationery","Shopee",2,71.40,35.70,35.70,35.70,2,2025-04-01,2025-06-25,1
"4902506406941","Japan Pentel Ain Mechanical Pencil Lead 0.2/0.3/0.4/0.5/0.7/0.9/1.3 mm","0.7 HB","Japan Stationery","Shopee",6,71.40,11.90,11.90,11.90,1,2025-04-27,2025-04-27,1
"4902778211359","Uni Nano Diamond Color Erasable Lead - 0.5 mm - Orange Green Red Mint Blue Pink","Red","Japan Stationery","Shopee",6,71.40,11.90,11.90,11.90,6,2025-04-27,2025-06-27,1
"4902778258835","Refill for Jetstream Edge 0.28 mm SXR203-28","Black","Japan Stationery","Shopee",6,71.40,11.90,11.90,11.90,2,2025-05-01,2025-05-06,1
"4902778039939","Mitsubishi Uni Jetstream F Series 2 Color & Mechanical Pencil","Luminous Black","Japan Stationery","Shopee",2,71.40,35.70,35.70,35.70,2,2025-05-12,2025-05-30,1
"4977564613327","Plus Twiggy Portable Scissors FitCut Curve","White","Japan Stationery","Shopee",3,71.10,23.70,23.70,23.70,3,2025-04-10,2025-05-30,1
"4902778251300","Jetstream Uni-Ball RE+ Ballpoint Pen Set","Pearl White","Japan Stationery","Shopee",2,71.10,35.55,35.55,35.55,2,2025-04-14,2025-04-21,1
"4902778237847","Refill for Mitsubishi Multi Function Jetstream Pen SXR-600-05 (0.5mm) and SXR-600-07 (0.7mm) G2 refill","Black 0.38mm","Japan Stationery","Shopee",2,69.80,34.90,34.90,34.90,1,2025-05-17,2025-05-17,1
"4902668669154","Uni-Ball One Jujutsu Kaisen LIMITED EDITION Gel Pen 0.38 mm HH4031","Type:UniballOne/Gojo","Japan Stationery","Lazada",2,69.23,34.62,27.14,42.09,2,2025-05-12,2025-05-15,1
"4901480364803","KOKUYO Enpitsu Sharp Mechanical Pencil Lead - HB / B / 2B ( 0.3 / 0.5 / 0.7 / 0.9 / 1.3 mm ) PSR-2B03-1P PSR-B03-1P","0.5mm HB (40pcs)","Japan Stationery","Shopee",6,69.00,11.50,11.50,11.50,2,2025-04-20,2025-06-27,1
"4902778700297","Uni Pure Malt Glossy Gel Pen - 0.5 mm - Dark / Light Brown Wood Grip Uni-ball","Light Wood","Japan Stationery","Shopee",3,69.00,23.00,23.00,23.00,3,2025-05-14,2025-06-25,1
"4902778700280","Uni Pure Malt Glossy Gel Pen - 0.5 mm - Dark / Light Brown Wood Grip Uni-ball","Dark Wood","Japan Stationery","Shopee",3,69.00,23.00,23.00,23.00,2,2025-05-27,2025-06-10,1
"4902778285787","Uni Kuru Toga Advance Upgrade Model Mechanical Pencil - 0.3 / 0.5 mm Punch Punched Upgraded","0.3mm Black","Japan Stationery","Shopee",1,69.00,69.00,69.00,69.00,1,2025-05-29,2025-05-29,1
"4955414926896","Staedtler 925 -35 Drafting Mechanical Pencil Metal Body(0.3, 0.5, 0.7, 0.9, 2.0)","0.5mm","Japan Stationery","Shopee",1,68.70,68.70,68.70,68.70,1,2025-04-12,2025-04-12,1
"4955414926933","Staedtler 925 -35 Drafting Mechanical Pencil Metal Body(0.3, 0.5, 0.7, 0.9, 2.0)","0.9mm","Japan Stationery","Shopee",1,68.70,68.70,68.70,68.70,1,2025-04-29,2025-04-29,1
"4955414925233","Staedtler 925-25 Drafting Mechanical Pencil Metal Body (0.3mm, 0.5mm, 0.7mm, 0.9mm,1.3mm, 2.0mm)","0.3mm","Japan Stationery","Shopee",1,68.70,68.70,68.70,68.70,1,2025-05-17,2025-05-17,1
"4955414925295","Staedtler 925-25 Drafting Mechanical Pencil Metal Body (0.3mm, 0.5mm, 0.7mm, 0.9mm,1.3mm, 2.0mm)","0.9mm","Japan Stationery","Shopee",1,68.70,68.70,68.70,68.70,1,2025-05-24,2025-05-24,1
"4902778244043","Uni Kuru Toga Advance Automatic Lead Rotation (2X speed) Mechanical Pencil 0.7mm","Color family:Navy Blue","Japan Stationery","Lazada",2,68.58,34.29,33.70,34.88,2,2025-05-10,2025-05-17,1
"4901480351650","Kokuyo Gloo Strong, Clean, Disappearing Adhesive Glue Stick Turbo G321N-1P G322N-1P G323N-1P G301N-1P","Orange - Large 40g","Japan Stationery","Shopee",3,68.10,22.70,22.70,22.70,2,2025-05-20,2025-06-24,1
"4902506335678","Pentel Smash Drafting Mechanical Pencil - 0.5 mm","Grey Blue","Japan Stationery","Shopee",1,67.90,67.90,67.90,67.90,1,2025-05-20,2025-05-20,1
"4903419832742","Original Lihit Lab Pen / Pencil Case - Book Type XL (Double)","Color family:Green","Japan Stationery","Lazada",1,67.70,67.70,67.70,67.70,1,2025-06-18,2025-06-18,1
"4901480339306","Kokuyo Gloo Strong, Clean, Disappearing Adhesive Glue Stick Turbo G321N-1P G322N-1P G323N-1P G301N-1P","Blue - Small 10g","Japan Stationery","Shopee",9,67.50,7.50,7.50,7.50,9,2025-04-17,2025-06-08,1
"4901681424948","Original Mildliner Brush (Zebra) Double-Sided Highlighter Brush - Brush / Extra Fine","WFT8-5C-N","Japan Stationery","Shopee",2,67.40,33.70,33.70,33.70,2,2025-05-23,2025-06-12,1
"6975498007715","Olight imini 2 Rechargeable Mini Flashlight Instant Activation Camping Hiking Torchlight Small Portable","OD Green","Japan Stationery","Shopee",1,67.00,67.00,67.00,67.00,1,2025-06-29,2025-06-29,1
"4902505677670","Pilot The Dr.Grip Black Accent Mechanical Pencil 0.3/0.5mm HTDGB-15-MB  -MW -DL -DO -DPU HTDGB-13-MB -MW","Deep Blue 0.5","Japan Stationery","Shopee",1,65.70,65.70,65.70,65.70,1,2025-04-02,2025-04-02,1
"4902778320754","Uni Mitsubishi Jetstream Lite Limited Edition Ballpoint Pen 0.5mm SXNLS05.SB SXNLS05.WP SXNLS05.28 SXNLS05.39 MSXESL05.C","Midnight Navy","Japan Stationery","Shopee",1,65.70,65.70,65.70,65.70,1,2025-04-25,2025-04-25,1
"4902505677687","Pilot The Dr.Grip Black Accent Mechanical Pencil 0.3/0.5mm HTDGB-15-MB  -MW -DL -DO -DPU HTDGB-13-MB -MW","Deep Orange 0.5","Japan Stationery","Shopee",1,65.70,65.70,65.70,65.70,1,2025-06-01,2025-06-01,1
"4903419821067","Original Lihit Lab Pen / Pencil Case – Large Double Book Type","Blue","Japan Stationery","Shopee",1,65.70,65.70,65.70,65.70,1,2025-06-20,2025-06-20,1
"4901681667314","Zebra Metal Grip Tect 2way 0.5mm (Shake+Press) Dual Function Drafting Mechanical Pencil","Black (0.5mm)","Japan Stationery","Shopee",2,65.40,32.70,32.70,32.70,2,2025-04-23,2025-06-18,1
"4902506185303","Japan Version Pentel Graph Gear 1000 Drafting Mech Pencil PG1015 0.3 0.4 0.5 0.7 0.9mm Graphgear 1000 Limited Edition","Variation3:0.3mm","Japan Stationery","Lazada",2,65.28,32.64,31.90,33.38,2,2025-04-06,2025-04-30,1
"4902778183908","Uni Kuru Toga Basic - Automatic Lead Rotation Mechanical Pencil (0.5mm)","Red","Japan Stationery","Shopee",3,65.10,21.70,21.70,21.70,3,2025-04-01,2025-06-09,1
"4901681231577","Zebra Sarasa Grand Gel Ink Pen Vintage Color Series 0.3mm/0.5mm","Dark Gray,0.5mm","Japan Stationery","Shopee",1,65.00,65.00,65.00,65.00,1,2025-05-25,2025-05-25,1
"4901480375588","Kokuyo C2 Tray Type Pencil Case Pen Case F-VBF140-7 F-VBF122-7","Violet Blue Large","Japan Stationery","Shopee",1,65.00,65.00,65.00,65.00,1,2025-06-04,2025-06-04,1
"4901681231515","Zebra Sarasa Grand Gel Ink Pen Vintage Color Series 0.3mm/0.5mm","Matte Black,0.5mm","Japan Stationery","Shopee",1,65.00,65.00,65.00,65.00,1,2025-06-15,2025-06-15,1
"4901681231539","Zebra Sarasa Grand Gel Ink Pen Vintage Color Series 0.3mm/0.5mm","Red Black,0.5mm","Japan Stationery","Shopee",1,65.00,65.00,65.00,65.00,1,2025-06-15,2025-06-15,1
"4955414926896","Staedtler 925 -35 Drafting Mechanical Pencil Metal Body(0.3, 0.5, 0.7, 0.9, 2.0)","Size:0.5mm","Japan Stationery","Lazada",1,64.89,64.89,64.89,64.89,1,2025-04-16,2025-04-16,1
"4901681382316","Zebra ClickArt Pen Fine Liner Marker Water Based Set 12pcs 36pcs 48 pcs limited edition Click Art","Orange Pack","Japan Stationery","Shopee",1,64.70,64.70,64.70,64.70,1,2025-05-24,2025-05-24,1
"4006856505511","Rotring Tikky Hi-Polymer Pencil Lead (0.3 0.35 0.5 0.7 0.9 1.0 2.0 mm 2H H HB B 2B)","0.5mm 2B","Japan Stationery","Shopee",5,64.50,12.90,12.90,12.90,4,2025-04-02,2025-04-15,1
"4006856505528","Rotring Tikky Hi-Polymer Pencil Lead (0.3 0.35 0.5 0.7 0.9 1.0 2.0 mm 2H H HB B 2B)","0.5mm B","Japan Stationery","Shopee",5,64.50,12.90,12.90,12.90,3,2025-04-15,2025-06-25,1
"4902778028186","Uni Kuru Toga Uni Kurutoga Basic - Lead Rotation Mechanical Pencil (0.5mm)","Color family:Silver","Japan Stationery","Lazada",3,64.49,21.50,21.09,21.70,3,2025-05-10,2025-06-06,1
"4902505661723","Limited Edition Pilot Frixion Ball3 Slim Tri-color Pen Erasable 0.38mm","Firefly","Japan Stationery","Shopee",2,64.00,32.00,32.00,32.00,2,2025-04-19,2025-04-30,1
"4902505380549","Pilot Iroshizuku Fountain Pen Ink 50 ml INK-50-AS","Type:TT-Azalea","Japan Stationery","Lazada",1,63.59,63.59,63.59,63.59,1,2025-06-25,2025-06-25,1
"4902505649011","Pilot ILMILY 3rd Color to Color A2 Kumi Limited Edition Ballpoint Pen & Marker 0.4mm イルミリーCTC BP 04 B-GY イルミリーCTC BP 04","Cherry-Peach (Pen)","Japan Stationery","Shopee",5,63.50,12.70,12.70,12.70,4,2025-04-01,2025-06-29,1
"4901480331829","Kokuyo Soft Ring Dotted Graph Notebook A5|A5|B6|A6|A7 80 Sheets ス-SV508WT-T ス-SV538WT-T ス-SU508WT","A5 Dotted","Japan Stationery","Shopee",2,63.00,31.50,31.50,31.50,1,2025-06-23,2025-06-23,1
"4901480343815","Kokuyo Enpitsu Thick Lead Mechanical Pencil Metal or Rubber Grip Sharp - Type M or MX Writing","Type:Metal Grip 0.9mm","Japan Stationery","Lazada",1,62.89,62.89,62.89,62.89,1,2025-06-20,2025-06-20,1
"4901681416738","Original Japan Zebra Mildliner Double Sided Highlighter Set - Pack of 5 Colors","WKT7-5C-RC-N","Japan Stationery","Shopee",3,62.70,20.90,20.90,20.90,3,2025-06-06,2025-06-10,1
"4902778272411","Uni Mitsubishi Mechanical Pencil Refill Leads 0.3/0.4/0.5/0.7/0.9 mm UL-S-0.3-25 1P","HB (0.3)","Japan Stationery","Shopee",7,62.30,8.90,8.90,8.90,5,2025-05-01,2025-06-25,1
"4901480298917","Kokuyo Karu Easy Cut Tape Dispenser Handy Type Small Large T-SM200D T-SM200W T-SM300LB T-SM300P T-SM300W","Color:White Small","Japan Stationery","Lazada",2,62.17,31.09,28.00,34.17,2,2025-05-04,2025-05-11,1
"4902505686481","Pilot S3 Mechanical Pencil Neox Graphite Mini Japan Limited Edition HPS-30R-TMNL3 HPS-30R-TBE3 HPS-30R-TBE4 HPS-30R-TAL4","Trans Beige  0.4","Japan Stationery","Shopee",3,62.10,20.70,20.70,20.70,3,2025-05-21,2025-06-25,1
"4902505686511","Pilot S3 Mechanical Pencil Neox Graphite Mini Japan Limited Edition HPS-30R-TMNL3 HPS-30R-TBE3 HPS-30R-TBE4 HPS-30R-TAL4","Trans Mid Blue 0.5","Japan Stationery","Shopee",3,62.10,20.70,20.70,20.70,3,2025-06-08,2025-06-19,1
"4902505686504","Pilot S3 Mechanical Pencil Neox Graphite Mini Japan Limited Edition HPS-30R-TMNL3 HPS-30R-TBE3 HPS-30R-TBE4 HPS-30R-TAL4","Trans Baby Pink 0.4","Japan Stationery","Shopee",3,62.10,20.70,20.70,20.70,3,2025-06-18,2025-06-25,1
"4902505380556","Pilot Iroshizuku Fountain Pen Ink 50 ml INK-50-AS","MO-Maple","Japan Stationery","Shopee",1,62.00,62.00,62.00,62.00,1,2025-04-18,2025-04-18,1
"4902505367298","Pilot Iroshizuku Fountain Pen Ink 50 ml INK-50-AS","TY-Moonlit Night","Japan Stationery","Shopee",1,62.00,62.00,62.00,62.00,1,2025-05-05,2025-05-05,1
"4902505374753","Pilot Iroshizuku Fountain Pen Ink 50 ml INK-50-AS","SY-Shoro Mushroom","Japan Stationery","Shopee",1,62.00,62.00,62.00,62.00,1,2025-05-09,2025-05-09,1
"4902505636028","Pilot Iroshizuku Fountain Pen Ink 50 ml INK-50-AS","HA-Flower Raft","Japan Stationery","Shopee",1,62.00,62.00,62.00,62.00,1,2025-05-15,2025-05-15,1
"4902505390548","Pilot Iroshizuku Fountain Pen Ink 50 ml INK-50-AS","Type:FG-Winter Persimmon","Japan Stationery","Lazada",1,62.00,62.00,62.00,62.00,1,2025-05-15,2025-05-15,1
"4902505453618","Pilot Iroshizuku Fountain Pen Ink 50 ml INK-50-AS","Type:SNK-Deep Sea","Japan Stationery","Lazada",1,62.00,62.00,62.00,62.00,1,2025-05-15,2025-05-15,1
"4902505374746","Pilot Iroshizuku Fountain Pen Ink 50 ml INK-50-AS","Type:KJ-Peacock","Japan Stationery","Lazada",1,62.00,62.00,62.00,62.00,1,2025-05-15,2025-05-15,1
"4902778153383","Uni Kuru Toga Disney Edition - Automatic Lead Rotation Mechanical Pencil (0.5mm)","Color family:0.5mm Minnie Pink","Japan Stationery","Lazada",2,61.43,30.72,28.84,32.59,2,2025-04-06,2025-06-08,1
"4901480339276","Kokuyo Gloo Strong, Clean, Disappearing Adhesive Glue Stick Turbo G321N-1P G322N-1P G323N-1P G301N-1P","Grey - Small 10g","Japan Stationery","Shopee",8,60.00,7.50,7.50,7.50,6,2025-04-17,2025-06-08,1
"4901681231515","Zebra Sarasa Grand Gel Ink Pen Vintage Color Series 0.3mm/0.5mm","Size:0.5mm, Color:Matte Black","Japan Stationery","Lazada",1,60.00,60.00,60.00,60.00,1,2025-04-07,2025-04-07,1
"4902506172938","Japan Version Pentel Graph Gear 500 Drafting Mech Pencil 0.3 0.4 0.5 0.7 0.9mm PG513 PG514 PG515 PG517 PG519","0.4mm","Japan Stationery","Shopee",2,59.80,29.90,29.90,29.90,2,2025-04-28,2025-05-05,1
"4902778313893","Uni Jetstream Lite Freshers Set 2025 Lite 4 & 1 Multi pen 4 color + Mechanical Pencil MSXE5L5.05.1 SXRL8005.24","Grass Green","Japan Stationery","Shopee",1,59.70,59.70,59.70,59.70,1,2025-05-01,2025-05-01,1
"4902778301333","Refill for Mitsubishi Multi Function Jetstream Pen SXR-80-07 (0.7mm)","Black (Pack of 6pcs)","Japan Stationery","Shopee",3,59.70,19.90,19.90,19.90,1,2025-05-31,2025-05-31,1
"4902778313886","Uni Jetstream Lite Freshers Set 2025 Lite 4 & 1 Multi pen 4 color + Mechanical Pencil MSXE5L5.05.1 SXRL8005.24","Mellow White","Japan Stationery","Shopee",1,59.70,59.70,59.70,59.70,1,2025-06-11,2025-06-11,1
"4901681812851","Zebra Sarasa Clip & Sarasa Grand Moomin Japan Limited Edition Gel Ballpoint Pen 0.5mm JJ29-MM-BK1","Moomin (Black)","Japan Stationery","Shopee",4,59.60,14.90,14.90,14.90,4,2025-04-15,2025-06-18,1
"4902506406361","Japan Pentel Ain Mechanical Pencil Lead 0.2/0.3/0.4/0.5/0.7/0.9/1.3 mm","0.3 2B","Japan Stationery","Shopee",5,59.50,11.90,11.90,11.90,4,2025-04-15,2025-06-11,1
"4902778273272","Uni Jetstream Edge Ballpoint Pen - 0.28 mm Uniball Extra Fine Tip Pen Mitsubishi (SXN-1003-28) Premium Japan","Prussian Blue","Japan Stationery","Shopee",2,59.40,29.70,29.70,29.70,1,2025-04-01,2025-04-01,1
"4902805422574","Midori Ruler - Compact Aluminum With Premium Wood 15cm / 6 inches Made in Japan","Al & Light Tea Wood","Japan Stationery","Shopee",2,59.40,29.70,29.70,29.70,2,2025-04-07,2025-04-15,1
"4902778198254","Mitsubishi Uni Jetstream 2 Ink Color & Mechanical Pencil (0.5mm / 0.7mm)","0.7mm Black","Japan Stationery","Shopee",2,59.40,29.70,29.70,29.70,2,2025-05-12,2025-06-28,1
"4902778164310","Refill for Mitsubishi Multi Function Jetstream Pen SXR-80-38 (0.38mm) Extra Fine","Red (0.38mm)","Japan Stationery","Shopee",10,59.00,5.90,5.90,5.90,1,2025-05-13,2025-05-13,1
"4901991065367","Tombow Monograph Mechanical Pencil 10th Anniversary Japan Limited Edition","Gray","Japan Stationery","Shopee",5,58.50,11.70,11.70,11.70,5,2025-04-01,2025-06-21,1
"4901991065350","Tombow Monograph Mechanical Pencil 10th Anniversary Japan Limited Edition","Navy","Japan Stationery","Shopee",5,58.50,11.70,11.70,11.70,4,2025-04-14,2025-06-24,1
"4902505676611","Pilot Neox Graphite Mechanical Pencil Refill 0.3/0.4/0.5/0.7/0.9mm HRFG-03-H -HB -B -2B HRFG-04-H -HB -B -2B HRFG-05-2H","2B 0.9","Japan Stationery","Shopee",5,58.50,11.70,11.70,11.70,2,2025-06-14,2025-06-26,1
"4901480331874","Kokuyo Soft Ring Notebook - Natural - Semi B5|A5 7mm Rule 80 Sheets ス-SV608A-D ス-SV608A-DB ス-SU608A","A5 Navy","Japan Stationery","Shopee",2,58.00,29.00,29.00,29.00,2,2025-06-07,2025-06-14,1
"4901770686530","Metacil Non sharpening Metal Pencil (Metal Body) for Artist Drawing, Sketching SUN-STAR Stylish Japan premium","Navy","Japan Stationery","Shopee",1,57.90,57.90,57.90,57.90,1,2025-04-02,2025-04-02,1
"4977564577506","PLUS Scissors - Fit Cut Curve Premium Titanium Coated","Premium Green","Japan Stationery","Shopee",1,57.90,57.90,57.90,57.90,1,2025-05-25,2025-05-25,1
"4902778153369","Uni Kuru Toga Disney Edition - Automatic Lead Rotation Mechanical Pencil","Donald (0.5mm Blue)","Japan Stationery","Shopee",2,57.80,28.90,28.90,28.90,2,2025-05-04,2025-05-09,1
"4902778220900","Uni Kuru Toga Advance Putaran Automatik (2X kelajuan) Mekanikal Pensil 0.5mm","Color family:Black","Japan Stationery","Lazada",2,57.40,28.70,28.70,28.70,2,2025-05-17,2025-05-27,1
"4901681416707","Zebra Mildliner Double sided Highlighter Set - Pack of 5 Colors","Color family:Blue Pack","Japan Stationery","Lazada",3,57.03,19.01,14.44,23.89,3,2025-04-03,2025-05-22,1
"6975498007920","Olight i3E EOS LED Keychain Mono Output Flashlight Torchlight Camping Hiking Compact Torch Flash","Stellar Blue","Elite Camp","Shopee",1,57.00,57.00,57.00,57.00,1,2025-04-12,2025-04-12,1
"6975498000372","Olight i3E EOS LED Keychain Mono Output Flashlight Torchlight Camping Hiking Compact Torch Flash","Antique Bronze","Elite Camp","Shopee",1,57.00,57.00,57.00,57.00,1,2025-05-24,2025-05-24,1
"4902778621400","Uni Mitsubishi Hi-Uni GRCT Mechanical Pencil Refill Leads 0.3/0.5 mm HU033002H HU03300H HU03300HB HU03300B","Type:2B (0.5)","Japan Stationery","Lazada",3,56.70,18.90,18.90,18.90,1,2025-05-04,2025-05-04,1
"4902505680175","Pilot ILMILY 3rd Color to Color A2 Kumi Limited Edition Ballpoint Pen & Marker 0.4mm イルミリーCTC BP 04 B-GY イルミリーCTC BP 04","Grape-Lavender (Set)","Japan Stationery","Shopee",2,56.40,28.20,28.20,28.20,1,2025-06-03,2025-06-03,1
"4902505680199","Pilot ILMILY 3rd Color to Color A2 Kumi Limited Edition Ballpoint Pen & Marker 0.4mm イルミリーCTC BP 04 B-GY イルミリーCTC BP 04","Olive-Mimosa (Set)","Japan Stationery","Shopee",2,56.40,28.20,28.20,28.20,1,2025-06-03,2025-06-03,1
"4902505680205","Pilot ILMILY 3rd Color to Color A2 Kumi Limited Edition Ballpoint Pen & Marker 0.4mm イルミリーCTC BP 04 B-GY イルミリーCTC BP 04","Sepia-Nemophila (Set","Japan Stationery","Shopee",2,56.40,28.20,28.20,28.20,1,2025-06-03,2025-06-03,1
"4902778319338","Uni Mitsubishi Kurutoga KS Switch Limited Edition  Mechanical Pencil 0.5mm M5KS1P.BRY M51009GG1P.AG M5KSSR1P.BHG ULSF051","Iron Blue","Japan Stationery","Shopee",2,56.40,28.20,28.20,28.20,2,2025-06-08,2025-06-28,1
"4901480304489","Kokuyo Harinacs Staplerless Top Press Type Stapler Paper Press SLN-MPH105B SLN-MPH105G SLN-MPH105P SLN-MPH105W","Green","Japan Stationery","Shopee",1,55.90,55.90,55.90,55.90,1,2025-04-05,2025-04-05,1
"4901681392766","Limited Edition Zebra Blen 3C Snoopy Multi-pen 0.5mm","Yellow","Japan Stationery","Shopee",2,55.80,27.90,27.90,27.90,2,2025-04-22,2025-05-15,1
"4901681392780","Limited Edition Zebra Blen 3C Snoopy Multi-pen 0.5mm","White","Japan Stationery","Shopee",2,55.80,27.90,27.90,27.90,2,2025-05-13,2025-05-23,1
"4901480335407","Kokuyo Campus notebook Notebook Document Storage Cover A4|B5|A5 ノ-611AN-TM ノ-612B-D ノ-613B-D ノ-615B-D","A5-A5 Black","Japan Stationery","Shopee",1,55.50,55.50,55.50,55.50,1,2025-06-26,2025-06-26,1
"4902778309605","New Kuru Toga KS Uni Japan Mechanical Pencil Lead Self-rotating M3/5-KS Upgraded Version 0.3mm/0.5mm","0.5 Black","Japan Stationery","Shopee",2,55.40,27.70,27.70,27.70,2,2025-05-08,2025-06-12,1
"4902778280362","Kuru Toga Switch Alpha Gel Automatic Lead Rotation Mechanical Pencil (0.5mm) Uni Kurutoga","Color:0.3mm Black","Japan Stationery","Lazada",1,54.89,54.89,54.89,54.89,1,2025-05-13,2025-05-13,1
"4901991636000","Refill for Tombow Airpress Pressurized Ballpoint Pen - 0.7 mm","Color:Blue | Color family:Blue","Japan Stationery","Lazada",4,54.09,13.52,12.00,18.09,2,2025-05-23,2025-06-10,1
"4902505661747","Limited Edition Pilot Frixion Ball3 Slim Tri-color Pen Erasable 0.38mm","Wind Bell 3pcs Set","Japan Stationery","Shopee",2,54.00,27.00,27.00,27.00,2,2025-04-02,2025-04-04,1
"4902778181591","Refill for Mitsubishi Jetstream Pen SXR-5 (0.5mm) SXR-38 SXR-7Multi Function SXN-150 SXN-250","Black (0.38mm)(5pcs)","Japan Stationery","Shopee",3,53.70,17.90,17.90,17.90,3,2025-04-16,2025-05-28,1
"4901991032505","Tombow Monograph Mechanical Pencil 10th Anniversary Japan Limited Edition","Navy HB 0.5","Japan Stationery","Shopee",5,53.50,10.70,10.70,10.70,4,2025-04-24,2025-06-21,1
"4902778274293","Uni Mitsubishi Mechanical Pencil Refill Leads 0.3/0.4/0.5/0.7/0.9 mm UL-S-0.3-25 1P","HB (0.9","Japan Stationery","Shopee",6,53.40,8.90,8.90,8.90,2,2025-04-22,2025-06-04,1
"4902778227510","Uni Kuru Toga Advance (0.3mm version) Mechanical Pencil","Baby Pink (0.3mm)","Japan Stationery","Shopee",2,53.40,26.70,26.70,26.70,2,2025-04-29,2025-05-02,1
"4902778273999","Uni Mitsubishi Mechanical Pencil Refill Leads 0.3/0.4/0.5/0.7/0.9 mm UL-S-0.3-25 1P","H (0.3)","Japan Stationery","Shopee",6,53.40,8.90,8.90,8.90,2,2025-05-05,2025-06-25,1
"4902778227503","Uni Kuru Toga Advance (0.3mm version) Mechanical Pencil","Lavender (0.3mm)","Japan Stationery","Shopee",2,53.40,26.70,26.70,26.70,2,2025-05-14,2025-06-17,1
"4902778185650","Uni Kuru Toga Basic - Automatic Lead Rotation Mechanical Pencil (0.7mm) 0.7","Blue (0.7mm)","Japan Stationery","Shopee",2,53.40,26.70,26.70,26.70,2,2025-05-29,2025-06-30,1
"4902668669017","Zebra DelGuard Jujutsu Kaisen LIMITED EDITION Mechanical Pencil 0.5 mm HH4001","Delguard/Geto","Japan Stationery","Shopee",1,53.30,53.30,53.30,53.30,1,2025-04-15,2025-04-15,1
"4902668669024","Zebra DelGuard Jujutsu Kaisen LIMITED EDITION Mechanical Pencil 0.5 mm HH4001","Delguard/Ieiri","Japan Stationery","Shopee",1,53.30,53.30,53.30,53.30,1,2025-04-15,2025-04-15,1
"4902668669031","Zebra DelGuard Jujutsu Kaisen LIMITED EDITION Mechanical Pencil 0.5 mm HH4001","Delguard/Nanami","Japan Stationery","Shopee",1,53.30,53.30,53.30,53.30,1,2025-04-15,2025-04-15,1
"4902668669048","Zebra DelGuard Jujutsu Kaisen LIMITED EDITION Mechanical Pencil 0.5 mm HH4001","Delguard/Haibara","Japan Stationery","Shopee",1,53.30,53.30,53.30,53.30,1,2025-04-15,2025-04-15,1
"4901681416615","Zebra Mildliner Double sided Highlighter Set - Pack of 5 Colors","Color family:WKT7-5C-N","Japan Stationery","Lazada",2,52.99,26.49,23.90,29.09,2,2025-04-09,2025-06-08,1
"4901480352640","KOKUYO Campus Notebook 5pcs Set Color Cover with Dots, Ruled Width 7mm ノ-3CATNX5 ノ-3CDATNX5 ノ-3CBTNX5 ノ-3CDBTNX5","paper_size:5-ColorBlack 7mm 30S","Japan Stationery","Lazada",1,52.69,52.69,52.69,52.69,1,2025-06-24,2025-06-24,1
"4901681886487","Zebra DelGuard Honeycomb Edition Anti-break Core Mechanical Pencil (0.5mm)","Variation:Honeycomb Blue","Japan Stationery","Lazada",2,52.63,26.31,25.93,26.70,2,2025-05-09,2025-06-06,1
"4902505686559","Pilot Lead Refill  Mechanical Pencil Neox Graphite Mini 0.3, 0.4, 0.5 HRFG-03-HB HRFG-0-B HRFGM-04-HB HRFGM-04-HBTAL","Graphite Mini 04 2B","Japan Stationery","Shopee",6,52.20,8.70,8.70,8.70,5,2025-05-18,2025-06-25,1
"4902506314017","Pentel Graph 1000 for Pro Drafting Pencil (0.3mm, 0.4mm, 0.5mm, 0.7mm, 0.9mm)","0.3mm","Japan Stationery","Shopee",1,51.70,51.70,51.70,51.70,1,2025-06-01,2025-06-01,1
"4902506314055","Pentel Graph 1000 for Pro Drafting Pencil (0.3mm, 0.4mm, 0.5mm, 0.7mm, 0.9mm)","0.9mm","Japan Stationery","Shopee",1,51.70,51.70,51.70,51.70,1,2025-06-25,2025-06-25,1
"4006856505535","Rotring Tikky Hi-Polymer Pencil Lead (0.3 0.35 0.5 0.7 0.9 1.0 2.0 mm 2H H HB B 2B)","0.5mm HB","Japan Stationery","Shopee",4,51.60,12.90,12.90,12.90,3,2025-04-15,2025-05-14,1
"4902778363973","Uni Mitsubishi Mechanical Pencil Lead Holder 2.0mm MH500","Red","Japan Stationery","Shopee",2,51.40,25.70,25.70,25.70,2,2025-04-06,2025-06-02,1
"4902506289384","Pentel Vicuna EX - 2 Color (Black/Red) 0.7 mm Ballpoint Multi Pen + 0.5 mm Pencil - Multi Function Pen (White)","Color family:Black","Japan Stationery","Lazada",1,50.89,50.89,50.89,50.89,1,2025-04-06,2025-04-06,1
"4902778319260","Uni Mitsubishi Kurutoga KS Switch Limited Edition  Mechanical Pencil 0.5mm M5KS1P.BRY M51009GG1P.AG M5KSSR1P.BHG ULSF051","Sax Blue","Japan Stationery","Shopee",1,50.70,50.70,50.70,50.70,1,2025-05-03,2025-05-03,1
"4902778326787","Uni Kurutoga KS & Switch & Replacement Lead 25-02 Limited Edition M3KS1P.WPC M5KS1P.CCM M5KS1P.MCA M5KS1P.SBM","0.5 D Chocolate","Japan Stationery","Shopee",1,50.70,50.70,50.70,50.70,1,2025-05-05,2025-05-05,1
"4901681581047","Zebra Mildliner Double sided Highlighter Set - Pack of 5 Colors","Color family:WKT7-5C-HC-N","Japan Stationery","Lazada",2,50.12,25.06,21.03,29.09,2,2025-05-05,2025-05-20,1
"4976742257773","Henkel Loctite Waterproof Spray Protective Camping Tent Water Repellant Spray DBS-420 DBL-380 DBB380","DBS-420 Multipurpose","Elite Camp","Shopee",1,49.70,49.70,49.70,49.70,1,2025-06-20,2025-06-20,1
"4901681536948","Limited Edition Zebra Delguard ER & GR 0.5mm - Eraser and Grip Anti break Core Lead Mechanical Pencil","ER Aqua Green","Japan Stationery","Shopee",1,49.70,49.70,49.70,49.70,1,2025-04-10,2025-04-10,1
"4902778309551","Kuru Toga Switch Alpha Gel Automatic Lead Rotation Mechanical Pencil (0.5mm) Uni Kurutoga","0.5mm Grey","Japan Stationery","Shopee",1,49.70,49.70,49.70,49.70,1,2025-04-12,2025-04-12,1
"4971516011872","Ohto Wooden Mechanical Pencil Lead Holder - 2.0 mm","Natural Wood","Japan Stationery","Shopee",1,49.70,49.70,49.70,49.70,1,2025-04-26,2025-04-26,1
"4902778272008","Kuru Toga Switch Alpha Gel Automatic Lead Rotation Mechanical Pencil (0.5mm) Uni Kurutoga","0.5mm Navy","Japan Stationery","Shopee",1,49.70,49.70,49.70,49.70,1,2025-05-03,2025-05-03,1
"4902778258149","Mitsubishi Uni Jetstream 4 Color (0.5mm/0.7mm) & Mechanical Pencil (0.5mm) Limited Edition Multi","LIMITED Lemon Yellow","Japan Stationery","Shopee",1,49.70,49.70,49.70,49.70,1,2025-05-10,2025-05-10,1
"4901681536986","Limited Edition Zebra Delguard ER & GR 0.5mm - Eraser and Grip Anti break Core Lead Mechanical Pencil","ER Clean Purple","Japan Stationery","Shopee",1,49.70,49.70,49.70,49.70,1,2025-05-12,2025-05-12,1
"4902778280386","Kuru Toga Switch Alpha Gel Automatic Lead Rotation Mechanical Pencil (0.5mm) Uni Kurutoga","0.5mm Dark Olive","Japan Stationery","Shopee",1,49.70,49.70,49.70,49.70,1,2025-05-19,2025-05-19,1
"4901681536825","Limited Edition Zebra Delguard ER & GR 0.5mm - Eraser and Grip Anti break Core Lead Mechanical Pencil","GR Marine Blue","Japan Stationery","Shopee",1,49.70,49.70,49.70,49.70,1,2025-05-23,2025-05-23,1
"4902778089408","Uni Shift Pipe Lock Retractable Mechanical Pencils 0.3/0.5/0.7/0.9 mm M31010.26 M41010.26 M51010.26 M51010.24 M71010.26","0.5mm, Black","Japan Stationery","Shopee",1,49.70,49.70,49.70,49.70,1,2025-06-05,2025-06-05,1
"4902778043585","Uni Shift Pipe Lock Retractable Mechanical Pencils 0.3/0.5/0.7/0.9 mm M31010.26 M41010.26 M51010.26 M51010.24 M71010.26","0.7mm, Silver","Japan Stationery","Shopee",1,49.70,49.70,49.70,49.70,1,2025-06-05,2025-06-05,1
"4902778280379","Kuru Toga Switch Alpha Gel Automatic Lead Rotation Mechanical Pencil (0.5mm) Uni Kurutoga","0.3mm Grey","Japan Stationery","Shopee",1,49.70,49.70,49.70,49.70,1,2025-06-19,2025-06-19,1
"4902506343925","Pentel Smash Drafting Mechanical Pencil - 0.5 mm","Color family:Black","Japan Stationery","Lazada",1,49.70,49.70,49.70,49.70,1,2025-06-03,2025-06-03,1
"4902778309568","Kuru Toga Switch Alpha Gel Automatic Lead Rotation Mechanical Pencil (0.5mm) Uni Kurutoga","Color:0.5mm Cotton Pink","Japan Stationery","Lazada",1,49.70,49.70,49.70,49.70,1,2025-05-29,2025-05-29,1
"4902778309575","Kuru Toga Switch Alpha Gel Automatic Lead Rotation Mechanical Pencil (0.5mm) Uni Kurutoga","Color:0.5mm Opal Green","Japan Stationery","Lazada",1,49.70,49.70,49.70,49.70,1,2025-04-13,2025-04-13,1
"4902778322079","Uni Mitsubishi Uniball ZENTO Basic Standard Flow Gel Pens 0.38/0.5mm UBNZS38.15 UBNZS38 UBNZS05","Std Sea 0.38","Japan Stationery","Shopee",3,49.60,16.53,15.20,17.20,3,2025-05-16,2025-06-22,1
"4901480278650","Kokuyo Campus Notebook B5 A4 A6 Environmentally Friendly Notebook 7mm 6mm Normal-Medium Lines ノ-3ANX3 ノ-4ANX3 ノ-5ANX3","30S-3sets-7mm-PNK-A4","Japan Stationery","Shopee",1,49.50,49.50,49.50,49.50,1,2025-04-03,2025-04-03,1
"4903419843700","Lihit Lab ALTNA A7773-24 Tote Bag","Navy","Japan Stationery","Shopee",1,49.00,49.00,49.00,49.00,1,2025-05-14,2025-05-14,1
"4903419843717","Lihit Lab ALTNA A7773-24 Tote Bag","Green","Japan Stationery","Shopee",1,49.00,49.00,49.00,49.00,1,2025-05-14,2025-05-14,1
"4903419843694","Lihit Lab ALTNA A7773-24 Tote Bag","Red","Japan Stationery","Shopee",1,49.00,49.00,49.00,49.00,1,2025-05-14,2025-05-14,1
"4901480326832","Kokuyo Saxa Titanium Glueless Blade Scissors with Safety Cap HASA-P240D PH240D 240DM","COLOR:Blue","Japan Stationery","Lazada",1,48.88,48.88,48.88,48.88,1,2025-05-19,2025-05-19,1
"4903419842048","Original Lihit Lab Pen / Pencil Case - Book Type","Color family:Orange","Japan Stationery","Lazada",1,48.85,48.85,48.85,48.85,1,2025-05-20,2025-05-20,1
"4902778303467","Uni Jetstream 4in1 Bamboo Multifunction Ballpoint Pen + Pencil 0.5 mm MSXE5-2000B-05","Blue Gray","Japan Stationery","Shopee",1,48.70,48.70,48.70,48.70,1,2025-04-30,2025-04-30,1
"4902778273289","Uni Jetstream Edge Ballpoint Pen - 0.28 mm Uniball Extra Fine Tip Pen Mitsubishi (SXN-1003-28) Premium Japan","Mint Green","Japan Stationery","Shopee",1,48.70,48.70,48.70,48.70,1,2025-06-04,2025-06-04,1
"4901991654080","Tombow Mono Graph Elastomer Eraser Refill (Round)","White","Japan Stationery","Shopee",4,48.00,12.00,12.00,12.00,4,2025-04-24,2025-06-19,1
"4901427193053","Kuretake ZIG Clean Color Real Brush Pen - 6 / 12 / 24 / 36 / 48 / 60 / 90 Color Set","6 Color Set","Japan Stationery","Shopee",1,47.70,47.70,47.70,47.70,1,2025-04-30,2025-04-30,1
"4902778211335","Uni Nano Diamond Color Erasable Lead - 0.5 mm - Orange Green Red Mint Blue Pink","Green","Japan Stationery","Shopee",4,47.60,11.90,11.90,11.90,4,2025-04-14,2025-06-11,1
"4902778211366","Uni Nano Diamond Color Erasable Lead - 0.5 mm - Orange Green Red Mint Blue Pink","Mint Blue","Japan Stationery","Shopee",4,47.60,11.90,11.90,11.90,4,2025-04-22,2025-06-11,1
"4902506406903","Japan Pentel Ain Mechanical Pencil Lead 0.2/0.3/0.4/0.5/0.7/0.9/1.3 mm","0.7 B","Japan Stationery","Shopee",4,47.60,11.90,11.90,11.90,3,2025-04-27,2025-05-24,1
"4902778322130","Uni Mitsubishi Uniball ZENTO Basic Standard Flow Gel Pens 0.38/0.5mm UBNZS38.15 UBNZS38 UBNZS05","Std Lavender 0.38","Japan Stationery","Shopee",3,47.60,15.87,15.20,17.20,3,2025-05-08,2025-06-11,1
"4902505641435","Pilot Iroshizuku Fountain Pen Ink Cartridges Refill (6 Cartridges) 0.8 ml IRF-6S-AS","TY-Moonlit Night","Japan Stationery","Shopee",1,47.00,47.00,47.00,47.00,1,2025-04-01,2025-04-01,1
"4902505641480","Pilot Iroshizuku Fountain Pen Ink Cartridges Refill (6 Cartridges) 0.8 ml IRF-6S-AS","AS-Morning Glory","Japan Stationery","Shopee",1,47.00,47.00,47.00,47.00,1,2025-04-13,2025-04-13,1
"4902505641466","Pilot Iroshizuku Fountain Pen Ink Cartridges Refill (6 Cartridges) 0.8 ml IRF-6S-AS","KO-Deep Blue","Japan Stationery","Shopee",1,47.00,47.00,47.00,47.00,1,2025-04-13,2025-04-13,1
"4902505641527","Pilot Iroshizuku Fountain Pen Ink Cartridges Refill (6 Cartridges) 0.8 ml IRF-6S-AS","MS-Beautyberry","Japan Stationery","Shopee",1,47.00,47.00,47.00,47.00,1,2025-04-13,2025-04-13,1
"4902505641473","Pilot Iroshizuku Fountain Pen Ink Cartridges Refill (6 Cartridges) 0.8 ml IRF-6S-AS","YB-Wild Grape","Japan Stationery","Shopee",1,47.00,47.00,47.00,47.00,1,2025-04-13,2025-04-13,1
"4901480095455","Kokuyo Campus Notebook B5 A4 A6 Environmentally Friendly Notebook 7mm 6mm Normal-Medium Lines ノ-3ANX3 ノ-4ANX3 ノ-5ANX3","50S-3sets-7mm-PNK-B5","Japan Stationery","Shopee",1,46.50,46.50,46.50,46.50,1,2025-06-13,2025-06-13,1
"4901480287447","Kokuyo Harinacs Staplerless Stapler Gun-Type Paper Press 10 Sheets SLN-MSH110D SLN-MSH110G SLN-MSH110LB SLN-MSH110W","Black","Japan Stationery","Shopee",1,45.90,45.90,45.90,45.90,1,2025-04-11,2025-04-11,1
"4902778322178","Uni Mitsubishi Uniball ZENTO Basic Standard Flow Gel Pens 0.38/0.5mm UBNZS38.15 UBNZS38 UBNZS05","Basic Red 0.5","Japan Stationery","Shopee",3,45.60,15.20,15.20,15.20,3,2025-05-27,2025-06-10,1
"4901480369464","Kokuyo Campus Notebook - Semi B5 - 5 mm Graph / 10 mm Square - Pack of 4 Animals","Size:4-Packs Animal Print","Japan Stationery","Lazada",1,45.42,45.42,45.42,45.42,1,2025-05-06,2025-05-06,1
"4901480339320","Kokuyo Gloo Strong, Clean, Disappearing Adhesive Glue Stick Turbo G321N-1P G322N-1P G323N-1P G301N-1P","Blue - Large 40g","Japan Stationery","Shopee",2,45.40,22.70,22.70,22.70,2,2025-04-06,2025-06-24,1
"4901681886623","Zebra DelGuard Basic Anti-break Core Mechanical Pencil (0.7mm) 0.7 Japan Premium Stationery Student Gift","Blue (0.7mm)","Japan Stationery","Shopee",2,45.40,22.70,22.70,22.70,2,2025-04-17,2025-04-21,1
"4901681580293","Zebra DelGuard Basic Anti-break Core Mechanical Pencil (0.7mm) 0.7 Japan Premium Stationery Student Gift","Pink (0.7mm)","Japan Stationery","Shopee",2,45.40,22.70,22.70,22.70,2,2025-05-23,2025-05-24,1
"4901480339290","Kokuyo Gloo Strong, Clean, Disappearing Adhesive Glue Stick Turbo G321N-1P G322N-1P G323N-1P G301N-1P","Grey - Large 40g","Japan Stationery","Shopee",2,45.40,22.70,22.70,22.70,2,2025-06-05,2025-06-17,1
"4901681577811","Zebra DelGuard Metal Grip Type-Lx Anti-break Core Mechanical Pencil (0.5mm)","Black","Japan Stationery","Shopee",1,45.00,45.00,45.00,45.00,1,2025-04-04,2025-04-04,1
"4901480351636","Kokuyo Gloo Strong, Clean, Disappearing Adhesive Glue Stick Turbo G321N-1P G322N-1P G323N-1P G301N-1P","Orange - Small 10g","Japan Stationery","Shopee",6,45.00,7.50,7.50,7.50,6,2025-04-17,2025-06-08,1
"4901480369013","Kokuyo Perpanep Notebook Tsuru Sara Zara 3mm|4mm|5mm|6mm 60 Sheets PER-MT106S3M PER-MT106WT4M PER-MS106WT4M","Tsuru Tsuru,4mm Dot","Japan Stationery","Shopee",1,45.00,45.00,45.00,45.00,1,2025-05-29,2025-05-29,1
"4901480369068","Kokuyo Perpanep Notebook Tsuru Sara Zara 3mm|4mm|5mm|6mm 60 Sheets PER-MT106S3M PER-MT106WT4M PER-MS106WT4M","Zara Zara,4mm Dot","Japan Stationery","Shopee",1,45.00,45.00,45.00,45.00,1,2025-05-29,2025-05-29,1
"4901681577828","Zebra DelGuard Metal Grip Type-Lx Anti-break Core Mechanical Pencil (0.5mm)","Blue","Japan Stationery","Shopee",1,45.00,45.00,45.00,45.00,1,2025-06-01,2025-06-01,1
"4901480368948","Kokuyo Perpanep Notebook Tsuru Sara Zara 3mm|4mm|5mm|6mm 60 Sheets PER-MT106S3M PER-MT106WT4M PER-MS106WT4M","Sara Sara,4mm Squared","Japan Stationery","Shopee",1,45.00,45.00,45.00,45.00,1,2025-06-04,2025-06-04,1
"4901480368962","Kokuyo Perpanep Notebook Tsuru Sara Zara 3mm|4mm|5mm|6mm 60 Sheets PER-MT106S3M PER-MT106WT4M PER-MS106WT4M","Sara Sara,4mm Dot","Japan Stationery","Shopee",1,45.00,45.00,45.00,45.00,1,2025-06-04,2025-06-04,1
"4901681577835","Zebra DelGuard Metal Grip Type-Lx Anti-break Core Mechanical Pencil (0.5mm)","Red","Japan Stationery","Shopee",1,45.00,45.00,45.00,45.00,1,2025-06-04,2025-06-04,1
"4901681577811","Zebra DelGuard Metal Grip Type-Lx Anti-break Core Mechanical Pencil (0.5mm)","Color:Black","Japan Stationery","Lazada",1,44.89,44.89,44.89,44.89,1,2025-04-29,2025-04-29,1
"4902778301319","Refill for Mitsubishi Multi Function Jetstream Pen SXR-80-05 (0.5mm)","color_family:Black (Pack of 6pcs)","Japan Stationery","Lazada",2,44.79,22.39,19.90,24.89,2,2025-04-10,2025-06-02,1
"4548626243587","Uni Mitsubishi Crayon Shin-chan Kuru Toga Mechanical Pencil 0.5mm TK3-4769031","Pajama Balloon","Japan Stationery","Shopee",1,44.70,44.70,44.70,44.70,1,2025-06-05,2025-06-05,1
"4902778274217","Uni Mitsubishi Mechanical Pencil Refill Leads 0.3/0.4/0.5/0.7/0.9 mm UL-S-0.3-25 1P","3B (0.5)","Japan Stationery","Shopee",5,44.50,8.90,8.90,8.90,5,2025-04-11,2025-06-18,1
"4902778292372","Refill for Mitsubishi Multi Function Jetstream Pen SXR-80-05 (0.5mm)","Red (0.5mm)","Japan Stationery","Shopee",9,44.10,4.90,4.90,4.90,4,2025-05-10,2025-06-28,1
"4901681577835","Zebra DelGuard Metal Grip Type Lx - Anti-break Core Mechanical Pencil (0.5mm)","Color family:Red","Japan Stationery","Lazada",1,43.89,43.89,43.89,43.89,1,2025-06-20,2025-06-20,1
"4901681277773","Zebra DelGuard Rubber Grip Type - GR Anti-break Core Mechanical Pencil (0.5mm)","Pink","Japan Stationery","Shopee",1,43.70,43.70,43.70,43.70,1,2025-05-04,2025-05-04,1
"4901681277742","Zebra DelGuard Rubber Grip Type - GR Anti-break Core Mechanical Pencil (0.5mm)","Green","Japan Stationery","Shopee",1,43.70,43.70,43.70,43.70,1,2025-05-07,2025-05-07,1
"4902778121795","Uni Kuru Toga Alpha Gel Automatic Lead Rotation Mechanical Pencil (0.5mm)","Blue","Japan Stationery","Shopee",1,43.70,43.70,43.70,43.70,1,2025-05-23,2025-05-23,1
"4901681277735","Zebra DelGuard Rubber Grip Type - GR Anti-break Core Mechanical Pencil (0.5mm)","Red","Japan Stationery","Shopee",1,43.70,43.70,43.70,43.70,1,2025-05-26,2025-05-26,1
"4902778121771","Uni Kuru Toga Alpha Gel Automatic Lead Rotation Mechanical Pencil (0.5mm)","Red","Japan Stationery","Shopee",1,43.70,43.70,43.70,43.70,1,2025-06-19,2025-06-19,1
"4901681277711","Zebra DelGuard Rubber Grip Type - GR Anti-break Core Mechanical Pencil (0.5mm)","Color family:Black","Japan Stationery","Lazada",1,43.70,43.70,43.70,43.70,1,2025-05-15,2025-05-15,1
"4901681277773","Zebra DelGuard Rubber Grip Type - GR Anti-break Core Mechanical Pencil (0.5mm)","Color family:Pink","Japan Stationery","Lazada",1,43.70,43.70,43.70,43.70,1,2025-05-15,2025-05-15,1
"4902505674693","Pilot ILMILY 3rd Color to Color A2 Kumi Limited Edition Ballpoint Pen & Marker 0.4mm イルミリーCTC BP 04 B-GY イルミリーCTC BP 04","Sepia-Nemophila(Mark","Japan Stationery","Shopee",5,43.50,8.70,8.70,8.70,5,2025-04-01,2025-06-29,1
"4901991655049","Tombow Mono Zero Metal Type EH-KUMS Retractable Eraser","Red","Japan Stationery","Shopee",2,43.40,21.70,21.70,21.70,2,2025-04-12,2025-06-09,1
"4901991655032","Tombow Mono Zero Metal Type EH-KUMS Retractable Eraser","Blue","Japan Stationery","Shopee",2,43.40,21.70,21.70,21.70,2,2025-05-08,2025-05-18,1
"4901681576012","Zebra DelGuard Metal Grip Type-Lx Anti-break Core Mechanical Pencil (0.3mm)","Black","Japan Stationery","Shopee",1,42.70,42.70,42.70,42.70,1,2025-04-06,2025-04-06,1
"4901480381015","Kokuyo Mark+ Two Tone Color Marker PM-MT100-5S","Dual Tone MT100-5S2","Japan Stationery","Shopee",1,42.50,42.50,42.50,42.50,1,2025-04-26,2025-04-26,1
"4901480365374","Kokuyo 2-Way Highlighter Marker 5 Colors Set. Mark+ Gray Type PM-MT201BM PM-MT201GM PM-MT201PM PM-MT201VM","Pack of 5","Japan Stationery","Shopee",1,42.50,42.50,42.50,42.50,1,2025-05-14,2025-05-14,1
"4901681886449","Zebra DelGuard Original Anti-break Core Mechanical Pencil Basic (0.5mm)","Light Blue","Japan Stationery","Shopee",2,41.40,20.70,20.70,20.70,2,2025-05-02,2025-06-20,1
"4902505686528","Pilot S3 Mechanical Pencil Neox Graphite Mini Japan Limited Edition HPS-30R-TMNL3 HPS-30R-TBE3 HPS-30R-TBE4 HPS-30R-TAL4","Trans Beige  0.5","Japan Stationery","Shopee",2,41.40,20.70,20.70,20.70,2,2025-05-25,2025-05-29,1
"4902505686467","Pilot S3 Mechanical Pencil Neox Graphite Mini Japan Limited Edition HPS-30R-TMNL3 HPS-30R-TBE3 HPS-30R-TBE4 HPS-30R-TAL4","Trans Beige  0.3","Japan Stationery","Shopee",2,41.40,20.70,20.70,20.70,2,2025-06-10,2025-06-15,1
"4901480372846","Kokuyo Gloo Strong, Clean, Disappearing Adhesive Glue Stick Turbo G321N-1P G322N-1P G323N-1P G301N-1P","Blue S Pack of 3","Japan Stationery","Shopee",2,41.40,20.70,20.70,20.70,2,2025-06-13,2025-06-17,1
"4902505686498","Pilot S3 Mechanical Pencil Neox Graphite Mini Japan Limited Edition HPS-30R-TMNL3 HPS-30R-TBE3 HPS-30R-TBE4 HPS-30R-TAL4","Trans Aqua Blue 0.4","Japan Stationery","Shopee",2,41.40,20.70,20.70,20.70,2,2025-06-15,2025-06-19,1
"4901681812899","Zebra Sarasa Clip & Sarasa Grand Moomin Japan Limited Edition Gel Ballpoint Pen 0.5mm JJ29-MM-BK1","Black","Japan Stationery","Shopee",1,40.70,40.70,40.70,40.70,1,2025-04-04,2025-04-04,1
"4902778237847","Refill for Mitsubishi Multi Function Jetstream Pen SXR-600-05 (0.5mm) and SXR-600-07 (0.7mm) G2 refill","Size:Black 0.38mm","Japan Stationery","Lazada",1,40.09,40.09,40.09,40.09,1,2025-06-02,2025-06-02,1
"4901480315898","Kokuyo Stapleless Stapler Harinacs Compact Alpha SLN-MSH305B SLN-MSH305DB SLN-MSH305G SLN-MSH305P SLN-MSH305W","Black","Japan Stationery","Shopee",1,40.00,40.00,40.00,40.00,1,2025-04-03,2025-04-03,1
"4901480316154","Kokuyo Campus Checkle Highlighter Pen with Erasable Pen Marker and Memorizing Sheet Marking Chekku PM-M221N-S PM-M120N-S","Orange+Green+White","Japan Stationery","Shopee",2,40.00,20.00,20.00,20.00,2,2025-04-27,2025-06-10,1
"4902778246788","Mitsubishi Uni Jetstream Slim Compact 3 Color (0.38mm / 0.5mm)","Mint Green","Japan Stationery","Shopee",1,40.00,40.00,40.00,40.00,1,2025-05-10,2025-05-10,1
"4902778246863","Mitsubishi Uni Jetstream Slim Compact 3 Color (0.38mm / 0.5mm)","Red Bordeaux","Japan Stationery","Shopee",1,40.00,40.00,40.00,40.00,1,2025-05-27,2025-05-27,1
"4901480315539","Kokuyo Stapleless Stapler Harinacs Compact Alpha SLN-MSH305B SLN-MSH305DB SLN-MSH305G SLN-MSH305P SLN-MSH305W","White","Japan Stationery","Shopee",1,40.00,40.00,40.00,40.00,1,2025-06-16,2025-06-16,1
"4901881274930","Sakura Food Grade Non Toxic Water Soluble Felt Tip Pens - Washable Magic Color Marker Baby Toddler","6 pcs Pack","Japan Stationery","Shopee",1,39.90,39.90,39.90,39.90,1,2025-04-10,2025-04-10,1
"4902778227480","Uni Kuru Toga Advance Automatic Lead Rotation (2X speed) Mechanical Pencil 0.3mm","Color family:White (0.3mm)","Japan Stationery","Lazada",1,39.89,39.89,39.89,39.89,1,2025-04-27,2025-04-27,1
"4902778181607","Refill for Mitsubishi Multi Function Jetstream Pen SXR-80-38 (0.38mm) Extra Fine","Black 0.38 (packof5)","Japan Stationery","Shopee",2,39.80,19.90,19.90,19.90,2,2025-05-03,2025-05-23,1
"4902778301326","Refill for Mitsubishi Multi Function Jetstream Pen SXR-80-07 (0.7mm)","Black (Pack of 5pcs)","Japan Stationery","Shopee",2,39.80,19.90,19.90,19.90,1,2025-05-23,2025-05-23,1
"4902778301319","Refill for Mitsubishi Multi Function Jetstream Pen SXR-80-05 (0.5mm)","Black (Pack of 6pcs)","Japan Stationery","Shopee",2,39.80,19.90,19.90,19.90,2,2025-06-12,2025-06-28,1
"4902506371737","Pentel Orenz Metal Grip Drafting Mechanical Pencil 0.2mm 0.3mm","0.3mm Dark Blue","Japan Stationery","Shopee",1,39.70,39.70,39.70,39.70,1,2025-04-25,2025-04-25,1
"4977564544867","Plus Needle Free Stapler - Needleless Paper Clinch","White","Japan Stationery","Shopee",1,39.70,39.70,39.70,39.70,1,2025-05-01,2025-05-01,1
"4902506371843","Pentel Orenz Metal Grip Mechanical Pencil 0.5mm","Red","Japan Stationery","Shopee",1,39.70,39.70,39.70,39.70,1,2025-05-29,2025-05-29,1
"4902778131114","Mitsubishi Uni Jetstream 4 Color (0.5mm/0.7mm) & Mechanical Pencil (0.5mm) Limited Edition Multi","Green","Japan Stationery","Shopee",1,39.70,39.70,39.70,39.70,1,2025-06-08,2025-06-08,1
"4902778131138","Mitsubishi Uni Jetstream 4 Color (0.5mm/0.7mm) & Mechanical Pencil (0.5mm) Limited Edition Multi","Pink","Japan Stationery","Shopee",1,39.70,39.70,39.70,39.70,1,2025-06-08,2025-06-08,1
"4902778043417","Uniball Mitsubishi Uni Jetstream 4 Color (0.7mm/0.5mm) & Mechanical Pencil (0.5mm)","Color family:Black","Japan Stationery","Lazada",1,39.70,39.70,39.70,39.70,1,2025-05-10,2025-05-10,1
"4902778120620","Uniball Mitsubishi Uni Jetstream 4 Color (0.7mm/0.5mm) & Mechanical Pencil (0.5mm)","Color family:Blue","Japan Stationery","Lazada",1,39.70,39.70,39.70,39.70,1,2025-04-04,2025-04-04,1
"4902778043424","Uniball Mitsubishi Uni Jetstream 4 Color (0.7mm/0.5mm) & Mechanical Pencil (0.5mm)","Color family:Silver","Japan Stationery","Lazada",1,39.70,39.70,39.70,39.70,1,2025-04-04,2025-04-04,1
"4977564575496","PLUS Scissors - Fit Cutting Fluorine Coated","Pink","Japan Stationery","Shopee",2,39.40,19.70,19.70,19.70,2,2025-04-18,2025-05-22,1
"4977564575472","PLUS Scissors - Fit Cutting Fluorine Coated","Green","Japan Stationery","Shopee",2,39.40,19.70,19.70,19.70,2,2025-04-21,2025-05-22,1
"4977564575489","PLUS Scissors - Fit Cutting Fluorine Coated","Yellow","Japan Stationery","Shopee",2,39.40,19.70,19.70,19.70,2,2025-04-24,2025-06-24,1
"4901480345185","Kokuyo Gloo Repositionable Adhesive Glue Tape Set Refill TA-GM410-07 GM400-08 G410-07 G400-08 GM411","Strong Adhesive,Small","Japan Stationery","Shopee",2,39.40,19.70,19.70,19.70,1,2025-04-28,2025-04-28,1
"4901480330990","KOKUYO File Box <NEOS> A4 Vertical/Horizontal 2-Way Type A4-NELF-B A4-NELF-D A4-NELF-DB A4-NELF-DG A4-NELF-R A4-NELF-W","Turquoise Blue","Japan Stationery","Shopee",2,39.40,19.70,19.70,19.70,2,2025-06-01,2025-06-22,1
"4902778199473","Uni Kuru Toga Pipe Slide Automatic Lead Rotation Mechanical Pencil 0.5mm","Color family:Pink","Japan Stationery","Lazada",2,39.40,19.70,19.70,19.70,2,2025-05-01,2025-05-10,1
"4902778292426","Refill for Mitsubishi Multi Function Jetstream Pen SXR-80-07 (0.7mm)","Black (0.7mm)","Japan Stationery","Shopee",8,39.20,4.90,4.90,4.90,4,2025-05-27,2025-06-29,1
"4901480260457","KOKUYO Dotliner Glue Tape Knock, Stamp (refill or tape set) TA-DM480-07NB D480-07N DM480-07NP DM460-08","Knock Blue","Japan Stationery","Shopee",2,39.00,19.50,19.50,19.50,2,2025-05-25,2025-06-09,1
"4902505673832","Limited Edition Anna Sui x Acro Collaboration Oil-based Ballpoint Pen SIlver Line Gold Line (0.5mm)","Silver Black Bouquet","Japan Stationery","Shopee",1,39.00,39.00,39.00,39.00,1,2025-06-16,2025-06-16,1
"4901480324272","KOKUYO Dotliner Glue Tape Standard, Long, Hold, Long50, Power (refill or tape set) TA-DM400-08N D400-08N","Blue,Wide (20mm*16meter)","Japan Stationery","Shopee",1,38.90,38.90,38.90,38.90,1,2025-05-25,2025-05-25,1
"6975498001423","Olight i3E EOS LED Keychain Mono Output Flashlight Torchlight Camping Hiking Compact Torch Flash","Regal Blue","Elite Camp","Shopee",1,38.70,38.70,38.70,38.70,1,2025-06-29,2025-06-29,1
"4902778246849","Mitsubishi Uni Jetstream Slim Compact 3 Color (0.38mm / 0.5mm)","Navy","Japan Stationery","Shopee",1,38.70,38.70,38.70,38.70,1,2025-04-03,2025-04-03,1
"4902778246856","Mitsubishi Uni Jetstream Slim Compact 3 Color (0.38mm / 0.5mm)","Black","Japan Stationery","Shopee",1,38.70,38.70,38.70,38.70,1,2025-04-03,2025-04-03,1
"4902778364772","Uni Mitsubishi Replacement Lead Refill 2.0mm ULN","4B","Japan Stationery","Shopee",3,38.70,12.90,12.90,12.90,2,2025-06-10,2025-06-28,1
"4902778246849","Mitsubishi Uni Jetstream Slim Compact 3 Color (0.38mm / 0.5mm)","Color family:Navy","Japan Stationery","Lazada",1,38.70,38.70,38.70,38.70,1,2025-05-20,2025-05-20,1
"4902505648960","Pilot ILMILY 3rd Color to Color A2 Kumi Limited Edition Ballpoint Pen & Marker 0.4mm イルミリーCTC BP 04 B-GY イルミリーCTC BP 04","Black-Gray (Pen)","Japan Stationery","Shopee",3,38.10,12.70,12.70,12.70,3,2025-04-05,2025-06-29,1
"4902505648977","Pilot ILMILY 3rd Color to Color A2 Kumi Limited Edition Ballpoint Pen & Marker 0.4mm イルミリーCTC BP 04 B-GY イルミリーCTC BP 04","Wine Red-Gray (Pen)","Japan Stationery","Shopee",3,38.10,12.70,12.70,12.70,3,2025-04-05,2025-06-13,1
"4902505648984","Pilot ILMILY 3rd Color to Color A2 Kumi Limited Edition Ballpoint Pen & Marker 0.4mm イルミリーCTC BP 04 B-GY イルミリーCTC BP 04","Navy-Gray (Pen)","Japan Stationery","Shopee",3,38.10,12.70,12.70,12.70,3,2025-04-05,2025-06-13,1
"4955414924038","Staedtler 925-15 Drafting Mechanical Pencil Plastic Body Light Weight (0.3, 0.5, 0.7, 0.9)","Size:0.9mm","Japan Stationery","Lazada",1,37.89,37.89,37.89,37.89,1,2025-04-01,2025-04-01,1
"4902778603413","Uni Mitsubishi Hi-Uni GRCT Mechanical Pencil Refill Leads 0.3/0.5 mm HU033002H HU03300H HU03300HB HU03300B","HB (0.5)","Japan Stationery","Shopee",2,37.80,18.90,18.90,18.90,2,2025-05-02,2025-05-27,1
"4902778542170","Uni Mitsubishi Hi-Uni GRCT Mechanical Pencil Refill Leads 0.3/0.5 mm HU033002H HU03300H HU03300HB HU03300B","3B (0.5)","Japan Stationery","Shopee",2,37.80,18.90,18.90,18.90,1,2025-05-05,2025-05-05,1
"4902778972106","Uni Mitsubishi Hi-Uni GRCT Mechanical Pencil Refill Leads 0.3/0.5 mm HU033002H HU03300H HU03300HB HU03300B","B (0.3)","Japan Stationery","Shopee",2,37.80,18.90,18.90,18.90,2,2025-06-15,2025-06-19,1
"4901681570294","Zebra DelGuard ER Eraser Edition - Anti-break Core Mechanical Pencil (0.5mm)","Color family:Silver","Japan Stationery","Lazada",1,37.70,37.70,37.70,37.70,1,2025-04-21,2025-04-21,1
"4901480298863","Kokuyo Karu Easy Cut Tape Dispenser Handy Type Small Large T-SM200D T-SM200W T-SM300LB T-SM300P T-SM300W","White Large","Japan Stationery","Shopee",1,37.50,37.50,37.50,37.50,1,2025-04-04,2025-04-04,1
"4901480298863","Kokuyo Karu Easy Cut Tape Dispenser Handy Type Small Large T-SM200D T-SM200W T-SM300LB T-SM300P T-SM300W","Color:White Large","Japan Stationery","Lazada",1,37.50,37.50,37.50,37.50,1,2025-05-04,2025-05-04,1
"4901480324265","KOKUYO Dotliner Glue Tape Standard, Long, Hold, Long50, Power (refill or tape set) TA-DM400-08N D400-08N","Blue,Refill Wide","Japan Stationery","Shopee",1,36.90,36.90,36.90,36.90,1,2025-05-23,2025-05-23,1
"4901480364728","KOKUYO Enpitsu Sharp Mechanical Pencil Lead - HB / B / 2B ( 0.3 / 0.5 / 0.7 / 0.9 / 1.3 mm ) PSR-2B03-1P PSR-B03-1P","Option:0.9mm 2B (25pcs)","Japan Stationery","Lazada",3,36.88,12.29,12.28,12.30,1,2025-05-17,2025-05-17,1
"4901480364735","KOKUYO Enpitsu Sharp Mechanical Pencil Lead - HB / B / 2B ( 0.3 / 0.5 / 0.7 / 0.9 / 1.3 mm ) PSR-2B03-1P PSR-B03-1P","Option:1.3mm 2B (10pcs)","Japan Stationery","Lazada",3,36.88,12.29,12.28,12.30,1,2025-05-17,2025-05-17,1
"4901991636444","Tombow Airpress Pressurized Ballpoint Pen - 0.7 mm","Orange","Japan Stationery","Shopee",1,36.70,36.70,36.70,36.70,1,2025-04-25,2025-04-25,1
"4901480217727","KOKUYO Dotliner Glue Tape Standard, Long, Hold, Long50, Power (refill or tape set) TA-DM400-08N D400-08N","Red,Power (10mm*10m)","Japan Stationery","Shopee",1,36.70,36.70,36.70,36.70,1,2025-06-09,2025-06-09,1
"4903419818937","Original Lihit Lab Pen / Pencil Case - Smart Fit Compact Type","Color family:Blue","Japan Stationery","Lazada",1,36.70,36.70,36.70,36.70,1,2025-06-06,2025-06-06,1
"4901480261003","KOKUYO Dotliner Glue Tape Knock, Stamp (refill or tape set) TA-DM480-07NB D480-07N DM480-07NP DM460-08","Knock Refill","Japan Stationery","Shopee",3,36.00,12.00,12.00,12.00,2,2025-06-09,2025-06-21,1
"4902778211342","Uni Nano Diamond Color Erasable Lead - 0.5 mm - Orange Green Red Mint Blue Pink","Pink","Japan Stationery","Shopee",3,35.70,11.90,11.90,11.90,3,2025-04-18,2025-06-19,1
"4902778039946","Mitsubishi Uni Jetstream F Series 2 Color & Mechanical Pencil","Silky Gold","Japan Stationery","Shopee",1,35.70,35.70,35.70,35.70,1,2025-04-25,2025-04-25,1
"4901681782956","Zebra DelGuard Zodiac Anti-break Core Mechanical Pencil Japan Premium Stationery Student Gift","Aries & Taurus","Japan Stationery","Shopee",1,35.70,35.70,35.70,35.70,1,2025-05-17,2025-05-17,1
"4902506406781","Japan Pentel Ain Mechanical Pencil Lead 0.2/0.3/0.4/0.5/0.7/0.9/1.3 mm","0.5 Red","Japan Stationery","Shopee",3,35.70,11.90,11.90,11.90,3,2025-05-24,2025-06-09,1
"4901681782949","Zebra DelGuard Zodiac Anti-break Core Mechanical Pencil Japan Premium Stationery Student Gift","Libra & Scorpio","Japan Stationery","Shopee",1,35.70,35.70,35.70,35.70,1,2025-06-05,2025-06-05,1
"4901681782925","Zebra DelGuard Zodiac Anti-break Core Mechanical Pencil Japan Premium Stationery Student Gift","Gemini & Cancer","Japan Stationery","Shopee",1,35.70,35.70,35.70,35.70,1,2025-06-08,2025-06-08,1
"4901681782963","Zebra DelGuard Zodiac Anti-break Core Mechanical Pencil Japan Premium Stationery Student Gift","Aquarius & Pisces","Japan Stationery","Shopee",1,35.70,35.70,35.70,35.70,1,2025-06-22,2025-06-22,1
"4902778039915","Uniball Mitsubishi Uni Jetstream F Series 2 Color & Mechanical Pencil","Color family:Sugar Pink","Japan Stationery","Lazada",1,35.70,35.70,35.70,35.70,1,2025-06-19,2025-06-19,1
"4902778251317","Jetstream Uni-Ball RE+ Ballpoint Pen Set","Pearl Pink","Japan Stationery","Shopee",1,35.55,35.55,35.55,35.55,1,2025-04-30,2025-04-30,1
"4902778164334","Refill for Mitsubishi Multi Function Jetstream Pen SXR-80-38 (0.38mm) Extra Fine","Blue (0.38mm)","Japan Stationery","Shopee",6,35.40,5.90,5.90,5.90,2,2025-04-10,2025-06-05,1
"4902505676512","Pilot Neox Graphite Mechanical Pencil Refill 0.3/0.4/0.5/0.7/0.9mm HRFG-03-H -HB -B -2B HRFG-04-H -HB -B -2B HRFG-05-2H","HB 0.5","Japan Stationery","Shopee",3,35.10,11.70,11.70,11.70,3,2025-04-07,2025-06-25,1
"4901480367507","KOKUYO Soofa Soft Ring Notebook 4 mm Grid Ruled A5 B6 80 sheets ス-SV738S4-DM sufa sooofa SU738S4","Warm Gray,B6","Japan Stationery","Shopee",1,35.00,35.00,35.00,35.00,1,2025-05-22,2025-05-22,1
"4901480367538","KOKUYO Soofa Soft Ring Notebook 4 mm Grid Ruled A5 B6 80 sheets ス-SV738S4-DM sufa sooofa SU738S4","Pink,B6","Japan Stationery","Shopee",1,35.00,35.00,35.00,35.00,1,2025-05-31,2025-05-31,1
"4902778261316","Uni Mitsubishi Uni-ball One Creative Color Gel Ink Ballpoint Pen 0.38/0.5mm UMNSC38.1 UMNSC38.25 UMNSC38","Black Axis (0.5) | Black/Black Ink 0.5","Japan Stationery","Shopee",4,34.80,8.70,8.70,8.70,4,2025-04-01,2025-05-09,2
"4901480339337","Kokuyo Gloo Strong, Clean, Disappearing Adhesive Glue Stick Turbo G321N-1P G322N-1P G323N-1P G301N-1P","Grey S Pack of 5","Japan Stationery","Shopee",1,34.70,34.70,34.70,34.70,1,2025-04-08,2025-04-08,1
"4902778292365","Refill for Mitsubishi Multi Function Jetstream Pen SXR-80-05 (0.5mm)","Green (0.5mm)","Japan Stationery","Shopee",7,34.30,4.90,4.90,4.90,3,2025-05-10,2025-06-28,1
"4901480298894","Kokuyo Karu Easy Cut Tape Dispenser Handy Type Small Large T-SM200D T-SM200W T-SM300LB T-SM300P T-SM300W","Color:Blue Small","Japan Stationery","Lazada",1,34.16,34.16,34.16,34.16,1,2025-05-11,2025-05-11,1
"4901480032634","Kokuyo PM-MT200 Mark+ Two Way Color Highlighter Fineliner Marker PM-MT200LG PM-MT200K PM-MT200G PM-MT200DB PM-MT200P","Navy","Japan Stationery","Shopee",4,34.00,8.50,8.50,8.50,4,2025-05-14,2025-06-25,1
"4902778220870","Uni Kuru Toga Advance Putaran Automatik (2X kelajuan) Mekanikal Pensil 0.5mm","Color family:White","Japan Stationery","Lazada",1,33.89,33.89,33.89,33.89,1,2025-04-20,2025-04-20,1
"4902778040102","Mitsubishi Uni Jetstream F Series 3 Colors 0.5mm (Black, Red, Blue)","Silky Gold","Japan Stationery","Shopee",1,33.70,33.70,33.70,33.70,1,2025-04-14,2025-04-14,1
"4901681425631","Original Mildliner Brush (Zebra) Double-Sided Highlighter Brush - Brush / Extra Fine","WFT8-N-5C-N","Japan Stationery","Shopee",1,33.70,33.70,33.70,33.70,1,2025-06-12,2025-06-12,1
"4901991032178","Tombow Mono Graph Multi -2 Color Pen + Mechanical Pencil + Twist Eraser","Color family:Mono","Japan Stationery","Lazada",1,33.70,33.70,33.70,33.70,1,2025-06-02,2025-06-02,1
"4902778040072","Uniball Mitsubishi Uni Jetstream F Series 3 Color","Color family:Sugar Pink","Japan Stationery","Lazada",1,33.70,33.70,33.70,33.70,1,2025-04-27,2025-04-27,1
"4901480339313","Kokuyo Gloo Strong, Clean, Disappearing Adhesive Glue Stick Turbo G321N-1P G322N-1P G323N-1P G301N-1P","Blue - Medium 22g","Japan Stationery","Shopee",2,33.40,16.70,16.70,16.70,2,2025-04-10,2025-06-15,1
"4901681392797","Limited Edition Zebra Blen 3C Snoopy Multi-pen 0.5mm","Color:Beige","Japan Stationery","Lazada",1,33.09,33.09,33.09,33.09,1,2025-04-09,2025-04-09,1
"4902778319642","Uni Mitsubishi Uni-ball One Creative Color Gel Ink Ballpoint Pen 0.38/0.5mm UMNSC38.1 UMNSC38.25 UMNSC38","PlatinumSilvez3C0.5","Japan Stationery","Shopee",1,32.70,32.70,32.70,32.70,1,2025-04-04,2025-04-04,1
"4955414924007","Staedtler 925-15 Drafting Mechanical Pencil Plastic Body Light Weight (0.3, 0.5, 0.7, 0.9)","0.3mm","Japan Stationery","Shopee",1,32.70,32.70,32.70,32.70,1,2025-06-01,2025-06-01,1
"4902778143308","Uni Mitsubishi Field Architectural  Mechanical Pencil Refill 2.0mm M20-700 1P","Red","Japan Stationery","Shopee",1,32.70,32.70,32.70,32.70,1,2025-06-09,2025-06-09,1
"4902778143285","Uni Mitsubishi Field Architectural  Mechanical Pencil Refill 2.0mm M20-700 1P","HB","Japan Stationery","Shopee",1,32.70,32.70,32.70,32.70,1,2025-06-24,2025-06-24,1
"4955414924021","Staedtler 925-15 Drafting Mechanical Pencil Plastic Body Light Weight (0.3, 0.5, 0.7, 0.9)","Size:0.7mm","Japan Stationery","Lazada",1,32.70,32.70,32.70,32.70,1,2025-05-20,2025-05-20,1
"4955414924007","Staedtler 925-15 Drafting Mechanical Pencil Plastic Body Light Weight (0.3, 0.5, 0.7, 0.9)","Size:0.3mm","Japan Stationery","Lazada",1,32.70,32.70,32.70,32.70,1,2025-05-14,2025-05-14,1
"4901991065282","Tombow Monograph Mechanical Pencil 10th Anniversary Japan Limited Edition","Mono Blue","Japan Stationery","Shopee",1,32.20,32.20,32.20,32.20,1,2025-04-15,2025-04-15,1
"4901991032512","Tombow Monograph Mechanical Pencil 10th Anniversary Japan Limited Edition","Gray HB 0.5","Japan Stationery","Shopee",3,32.10,10.70,10.70,10.70,3,2025-04-06,2025-06-13,1
"4902778339480","Uni Kurutoga KS & Switch & Replacement Lead 25-02 Limited Edition M3KS1P.WPC M5KS1P.CCM M5KS1P.MCA M5KS1P.SBM","0.5 Refill Milk Tea","Japan Stationery","Shopee",3,32.10,10.70,10.70,10.70,3,2025-04-11,2025-06-02,1
"4902506185365","Japan Version Pentel Graph Gear 1000 Drafting Mech Pencil PG1015 0.3 0.4 0.5 0.7 0.9mm Graphgear 1000 Limited Edition","Variation3:0.5mm","Japan Stationery","Lazada",1,31.90,31.90,31.90,31.90,1,2025-05-01,2025-05-01,1
"4903419818913","Original Lihit Lab Pen / Pencil Case - Smart Fit Compact Type","Color family:Red","Japan Stationery","Lazada",1,31.70,31.70,31.70,31.70,1,2025-04-11,2025-04-11,1
"4901480365374","Kokuyo 2-Way Highlighter Marker 5 Colors Set. Mark+ Gray Type PM-MT201BM PM-MT201GM PM-MT201PM PM-MT201VM","Color:Pack of 5","Japan Stationery","Lazada",1,31.26,31.26,31.26,31.26,1,2025-05-15,2025-05-15,1
"4902778220894","Uni Kuru Toga Advance Putaran Automatik (2X kelajuan) Mekanikal Pensil 0.5mm","Color family:Green","Japan Stationery","Lazada",1,31.24,31.24,31.24,31.24,1,2025-04-23,2025-04-23,1
"4901480074016","Kokuyo Notebook Campus Notebook Music Book Twin Ring A4 30 Sheets オン-T10","Size:A4","Japan Stationery","Lazada",1,31.19,31.19,31.19,31.19,1,2025-06-09,2025-06-09,1
"4901681886814","Zebra Sarasa Nano Snoopy Collaboration Vintage Single 0.3mm/0.38mm","Black 0.38mm","Japan Stationery","Shopee",2,31.00,15.50,15.50,15.50,2,2025-04-13,2025-04-14,1
"4901681886739","Zebra Sarasa Nano Snoopy Collaboration Vintage Single 0.3mm/0.38mm","Camel Yellow 0.3mm","Japan Stationery","Shopee",2,31.00,15.50,15.50,15.50,2,2025-04-14,2025-05-02,1
"4901681886746","Zebra Sarasa Nano Snoopy Collaboration Vintage Single 0.3mm/0.38mm","Brown Gray 0.3mm","Japan Stationery","Shopee",2,31.00,15.50,15.50,15.50,2,2025-04-14,2025-05-13,1
"4901480232874","KOKUYO Dotliner Glue Tape Knock, Stamp (refill or tape set) TA-DM480-07NB D480-07N DM480-07NP DM460-08","Stamp refill","Japan Stationery","Shopee",2,31.00,15.50,15.50,15.50,2,2025-05-05,2025-06-08,1
"4902505680779","Pilot Dr.GRIP CL PlayBorder x Neox GRAPHITE Collaboration Limited Edition Mechanical Pencil 0.3/0.5","Orange 0.5","Japan Stationery","Shopee",1,30.70,30.70,30.70,30.70,1,2025-05-24,2025-05-24,1
"4902505680755","Pilot Dr.GRIP CL PlayBorder x Neox GRAPHITE Collaboration Limited Edition Mechanical Pencil 0.3/0.5","White 0.5","Japan Stationery","Shopee",1,30.70,30.70,30.70,30.70,1,2025-06-19,2025-06-19,1
"4901681677078","Zebra Lightwrite α Outdoor Japan Limited Edition  Ballpoint Pen 0.7mm P-BA96-0C/K P-BA96-0C/CO P-BA96-0C/NV P-BA96-0C/S","Copper","Japan Stationery","Shopee",1,30.70,30.70,30.70,30.70,1,2025-06-30,2025-06-30,1
"4902778322185","Uni Mitsubishi Uniball ZENTO Basic Standard Flow Gel Pens 0.38/0.5mm UBNZS38.15 UBNZS38 UBNZS05","Basic Blue 0.38","Japan Stationery","Shopee",2,30.40,15.20,15.20,15.20,2,2025-04-01,2025-04-02,1
"4901480367033","Kokuyo Campus Notebook Dottted B Ruled B5 A4 A5 A6 40-50 Sheets ノ-105BT-DB ノ-5BT-DB ノ-201ATN-DB  ス-T153BT-DB","Twin Ring Memo 50S","Japan Stationery","Shopee",3,30.00,10.00,10.00,10.00,3,2025-05-14,2025-06-24,1
"4902778198247","Mitsubishi Uni Jetstream 2 Ink Color & Mechanical Pencil (0.5mm / 0.7mm)","0.7mm Navy Blue","Japan Stationery","Shopee",1,29.70,29.70,29.70,29.70,1,2025-05-27,2025-05-27,1
"4901681662128","Zebra DelGuard Light Grayish Japan Limited Edition  Mechanical Pencil 0.5mm P-MA85-LG-MBL P-MA85-LG-MG P-MA85-LG-MBE","Matte Green","Japan Stationery","Shopee",1,29.70,29.70,29.70,29.70,1,2025-06-19,2025-06-19,1
"4901480273969","Kokuyo Miri 5-Function Eraser Keshi-M700 Keshi-M700D ケシ-M700 ケシ-M700D High Grade","Black","Japan Stationery","Shopee",3,29.10,9.70,9.70,9.70,3,2025-04-06,2025-05-21,1
"4901480306445","Kokuyo Resare Eraser Color Student Art Eraser Convenient Foam Eraser Powerful Clean ケシ90N","Purple","Japan Stationery","Shopee",4,29.00,7.25,7.25,7.25,4,2025-04-24,2025-05-21,1
"4901480331881","Kokuyo Soft Ring Notebook - Natural - Semi B5|A5 7mm Rule 80 Sheets ス-SV608A-D ス-SV608A-DB ス-SU608A","A5 Beige","Japan Stationery","Shopee",1,29.00,29.00,29.00,29.00,1,2025-06-14,2025-06-14,1
"4902778153376","Uni Kuru Toga Disney Edition - Automatic Lead Rotation Mechanical Pencil (0.5mm)","Color family:0.5mm Mickey Red","Japan Stationery","Lazada",1,28.85,28.85,28.85,28.85,1,2025-06-08,2025-06-08,1
"4902668669109","Zebra Mildliner Jujutsu Kaisen LIMITED EDITION Double-Sided  Highlighter 4mm/1.0-1.4mm HH4021","Mildliner/Gojo","Japan Stationery","Shopee",1,28.70,28.70,28.70,28.70,1,2025-06-05,2025-06-05,1
"4902668669116","Zebra Mildliner Jujutsu Kaisen LIMITED EDITION Double-Sided  Highlighter 4mm/1.0-1.4mm HH4021","Mildliner/Geto","Japan Stationery","Shopee",1,28.70,28.70,28.70,28.70,1,2025-06-05,2025-06-05,1
"4901480095318","Kokuyo Campus Notebook B5 A4 A6 Environmentally Friendly Notebook 7mm 6mm Normal-Medium Lines ノ-3ANX3 ノ-4ANX3 ノ-5ANX3","30S-3sets-7mm-PNK-B5","Japan Stationery","Shopee",1,28.50,28.50,28.50,28.50,1,2025-05-24,2025-05-24,1
"4902505686542","Pilot Lead Refill  Mechanical Pencil Neox Graphite Mini 0.3, 0.4, 0.5 HRFG-03-HB HRFG-0-B HRFGM-04-HB HRFGM-04-HBTAL","Graphite Mini 04 B","Japan Stationery","Shopee",5,28.50,5.70,5.70,5.70,1,2025-06-29,2025-06-29,1
"4902778319307","Uni Mitsubishi Kurutoga KS Switch Limited Edition  Mechanical Pencil 0.5mm M5KS1P.BRY M51009GG1P.AG M5KSSR1P.BHG ULSF051","Misty Blue","Japan Stationery","Shopee",1,28.20,28.20,28.20,28.20,1,2025-04-25,2025-04-25,1
"4901480298894","Kokuyo Karu Easy Cut Tape Dispenser Handy Type Small Large T-SM200D T-SM200W T-SM300LB T-SM300P T-SM300W","Blue Small","Japan Stationery","Shopee",1,28.00,28.00,28.00,28.00,1,2025-06-01,2025-06-01,1
"4901681392797","Limited Edition Zebra Blen 3C Snoopy Multi-pen 0.5mm","Beige","Japan Stationery","Shopee",1,27.90,27.90,27.90,27.90,1,2025-04-14,2025-04-14,1
"4901681392773","Limited Edition Zebra Blen 3C Snoopy Multi-pen 0.5mm","Pink","Japan Stationery","Shopee",1,27.90,27.90,27.90,27.90,1,2025-05-15,2025-05-15,1
"4902778157015","Uni Kuru Toga Rubber Grip Automatic Lead Rotation Mechanical Pencil","Blue","Japan Stationery","Shopee",1,27.90,27.90,27.90,27.90,1,2025-06-11,2025-06-11,1
"4901681392773","Limited Edition Zebra Blen 3C Snoopy Multi-pen 0.5mm","Color:Pink","Japan Stationery","Lazada",1,27.90,27.90,27.90,27.90,1,2025-06-19,2025-06-19,1
"4901480345154","Kokuyo Gloo Repositionable Adhesive Glue Tape Set Refill TA-GM410-07 GM400-08 G410-07 G400-08 GM411","Strong Adhesive,Medium","Japan Stationery","Shopee",1,27.70,27.70,27.70,27.70,1,2025-04-30,2025-04-30,1
"4901480345161","Kokuyo Gloo Repositionable Adhesive Glue Tape Set Refill TA-GM410-07 GM400-08 G410-07 G400-08 GM411","Repositionable,Medium","Japan Stationery","Shopee",1,27.70,27.70,27.70,27.70,1,2025-05-03,2025-05-03,1
"4902778302347","New Kuru Toga KS Uni Japan Mechanical Pencil Lead Self-rotating M3/5-KS Upgraded Version 0.3mm/0.5mm","0.3 Light Gray","Japan Stationery","Shopee",1,27.70,27.70,27.70,27.70,1,2025-05-22,2025-05-22,1
"4902778302354","New Kuru Toga KS Uni Japan Mechanical Pencil Lead Self-rotating M3/5-KS Upgraded Version 0.3mm/0.5mm","0.3 Black","Japan Stationery","Shopee",1,27.70,27.70,27.70,27.70,1,2025-05-22,2025-05-22,1
"4902778309636","New Kuru Toga KS Uni Japan Mechanical Pencil Lead Self-rotating M3/5-KS Upgraded Version 0.3mm/0.5mm","0.5 Herb Green","Japan Stationery","Shopee",1,27.70,27.70,27.70,27.70,1,2025-06-03,2025-06-03,1
"4902778302415","New Kuru Toga KS Uni Japan Mechanical Pencil Lead Self-rotating M3/5-KS Upgraded Version 0.3mm/0.5mm","0.5 Blue","Japan Stationery","Shopee",1,27.70,27.70,27.70,27.70,1,2025-06-30,2025-06-30,1
"4901480345130","Kokuyo Gloo Repositionable Adhesive Glue Tape Set Refill TA-GM410-07 GM400-08 G410-07 G400-08 GM411","Repositionable,Refill Small","Japan Stationery","Shopee",2,27.40,13.70,13.70,13.70,1,2025-05-05,2025-05-05,1
"4902778144831","Uni Mitsubishi Field Architectural  Mechanical Pencil Refill 2.0mm M20-700 1P","Red Refill","Japan Stationery","Shopee",2,27.40,13.70,13.70,13.70,1,2025-06-10,2025-06-10,1
"4902505661761","Limited Edition Pilot Frixion Ball3 Slim Tri-color Pen Erasable 0.38mm","Sparklers 3pcs Set","Japan Stationery","Shopee",1,27.00,27.00,27.00,27.00,1,2025-04-08,2025-04-08,1
"4901480313924","Kokuyo Beetle Tip Dual Color Highlighter Marker Set PML313 (Soft Color)","Set of 3 PML313","Japan Stationery","Shopee",1,27.00,27.00,27.00,27.00,1,2025-05-23,2025-05-23,1
"4902778274187","Uni Mitsubishi Mechanical Pencil Refill Leads 0.3/0.4/0.5/0.7/0.9 mm UL-S-0.3-25 1P","2H (0.5)","Japan Stationery","Shopee",3,26.70,8.90,8.90,8.90,3,2025-04-02,2025-06-16,1
"4902778227497","Uni Kuru Toga Advance (0.3mm version) Mechanical Pencil","Navy (0.3mm)","Japan Stationery","Shopee",1,26.70,26.70,26.70,26.70,1,2025-04-13,2025-04-13,1
"4902778274279","Uni Mitsubishi Mechanical Pencil Refill Leads 0.3/0.4/0.5/0.7/0.9 mm UL-S-0.3-25 1P","HB (0.7)","Japan Stationery","Shopee",3,26.70,8.90,8.90,8.90,1,2025-04-22,2025-04-22,1
"4902778272428","Uni Mitsubishi Mechanical Pencil Refill Leads 0.3/0.4/0.5/0.7/0.9 mm UL-S-0.3-25 1P","B (0.3)","Japan Stationery","Shopee",3,26.70,8.90,8.90,8.90,1,2025-05-05,2025-05-05,1
"4901681886470","Zebra DelGuard Honeycomb Edition Anti-break Core Mechanical Pencil (0.5mm)","Variation:Honeycomb Grey","Japan Stationery","Lazada",1,26.70,26.70,26.70,26.70,1,2025-05-20,2025-05-20,1
"4901480334721","Kokuyo Soft Ring Dotted Graph Notebook A5|A5|B6|A6|A7 80 Sheets ス-SV508WT-T ス-SV538WT-T ス-SV548WT-T ス-SV558WT-T","Type:A6 Dotted","Japan Stationery","Lazada",1,26.69,26.69,26.69,26.69,1,2025-04-08,2025-04-08,1
"4902505649042","Pilot ILMILY 3rd Color to Color A2 Kumi Limited Edition Ballpoint Pen & Marker 0.4mm イルミリーCTC BP 04 B-GY イルミリーCTC BP 04","Emerald-Mint(Marker)","Japan Stationery","Shopee",3,26.10,8.70,8.70,8.70,1,2025-04-01,2025-04-01,1
"4902505674686","Pilot ILMILY 3rd Color to Color A2 Kumi Limited Edition Ballpoint Pen & Marker 0.4mm イルミリーCTC BP 04 B-GY イルミリーCTC BP 04","Olive-Mimosa(Marker)","Japan Stationery","Shopee",3,26.10,8.70,8.70,8.70,2,2025-04-01,2025-05-15,1
"4902505649080","Pilot ILMILY 3rd Color to Color A2 Kumi Limited Edition Ballpoint Pen & Marker 0.4mm イルミリーCTC BP 04 B-GY イルミリーCTC BP 04","Night Sakura(Marker)","Japan Stationery","Shopee",3,26.10,8.70,8.70,8.70,3,2025-05-15,2025-06-17,1
"4902778164143","0.5mm Refill for Mitsubishi Jetstream Prime Pen SXR-200-05 (0.5mm) (D1 refill size)","Color:Black","Japan Stationery","Lazada",2,26.00,13.00,13.00,13.00,1,2025-04-09,2025-04-09,1
"4901991655032","Tombow Mono Zero Metal Type Retractable Eraser Premium","Color family:Blue","Japan Stationery","Lazada",1,25.90,25.90,25.90,25.90,1,2025-06-30,2025-06-30,1
"4006856505337","Rotring Tikky Hi-Polymer Pencil Lead (0.3 0.35 0.5 0.7 0.9 1.0 2.0 mm 2H H HB B 2B)","0.35mm HB","Japan Stationery","Shopee",2,25.80,12.90,12.90,12.90,1,2025-04-17,2025-04-17,1
"4902778364734","Uni Mitsubishi Replacement Lead Refill 2.0mm ULN","HB","Japan Stationery","Shopee",2,25.80,12.90,12.90,12.90,2,2025-06-02,2025-06-10,1
"4006856505719","Rotring Tikky Hi-Polymer Pencil Lead (0.3 0.35 0.5 0.7 0.9 1.0 2.0 mm 2H H HB B 2B)","0.7mm 2B","Japan Stationery","Shopee",2,25.80,12.90,12.90,12.90,1,2025-06-30,2025-06-30,1
"4902778363959","Uni Mitsubishi Mechanical Pencil Lead Holder 2.0mm MH500","4B","Japan Stationery","Shopee",1,25.70,25.70,25.70,25.70,1,2025-04-01,2025-04-01,1
"4902778363935","Uni Mitsubishi Mechanical Pencil Lead Holder 2.0mm MH500","2B","Japan Stationery","Shopee",1,25.70,25.70,25.70,25.70,1,2025-05-13,2025-05-13,1
"4902778363928","Uni Mitsubishi Mechanical Pencil Lead Holder 2.0mm MH500","B","Japan Stationery","Shopee",1,25.70,25.70,25.70,25.70,1,2025-06-02,2025-06-02,1
"4902778363935","Uni Mitsubishi Lead Holder - 2 mm","Type:2B","Japan Stationery","Lazada",1,25.70,25.70,25.70,25.70,1,2025-06-30,2025-06-30,1
"4901480032627","Kokuyo PM-MT200 Mark+ Two Way Color Highlighter Fineliner Marker PM-MT200LG PM-MT200K PM-MT200G PM-MT200DB PM-MT200P","Light Green","Japan Stationery","Shopee",3,25.50,8.50,8.50,8.50,3,2025-05-14,2025-06-19,1
"4901480030067","Kokuyo PM-MT200 Mark+ Two Way Color Highlighter Fineliner Marker PM-MT200LG PM-MT200K PM-MT200G PM-MT200DB PM-MT200P","Gold","Japan Stationery","Shopee",3,25.50,8.50,8.50,8.50,3,2025-05-14,2025-06-19,1
"4901480381039","Kokuyo PM-MT200 Mark+ Two Way Color Highlighter Fineliner Marker PM-MT200LG PM-MT200K PM-MT200G PM-MT200DB PM-MT200P","Red","Japan Stationery","Shopee",3,25.50,8.50,8.50,8.50,3,2025-05-14,2025-06-19,1
"4901480344379","Kokuyo Karu Cut Washi Tape Cutter - Clip -10-15mm /  20-25 mm T-SM400LB T-SM400LG T-SM400LP T-SM400W T-SM401LB T-SM401LG","Karu Cut:20-25mm(LY)","Japan Stationery","Lazada",1,25.10,25.10,25.10,25.10,1,2025-05-11,2025-05-11,1
"4902778220917","Uni Kuru Toga Advance Automatic Lead Rotation (2X rotation speed) Mechanical Pencil (0.5mm)","Red","Japan Stationery","Shopee",1,24.70,24.70,24.70,24.70,1,2025-05-12,2025-05-12,1
"4902506323811","Pentel Art Multi 8 Mechanical Pencil Refill Leads 0.2mm CH2-A CH2-B CH2-C CH2-D CH2-E CH2-F CH2-G CH2-H CH2-K CH2-P","Purple","Japan Stationery","Shopee",3,24.60,8.20,8.20,8.20,2,2025-04-16,2025-06-26,1
"4902778292389","Refill for Mitsubishi Multi Function Jetstream Pen SXR-80-05 (0.5mm)","Black (0.5mm)","Japan Stationery","Shopee",5,24.50,4.90,4.90,4.90,4,2025-05-10,2025-06-19,1
"4971516430093","Ohto Gachuk Reusable Non-stapling Binding Paper Clip Pusher","Gray","Japan Stationery","Shopee",1,24.00,24.00,24.00,24.00,1,2025-06-04,2025-06-04,1
"4901681491933","Zebra Mildliner Double sided Highlighter Set - Pack of 5 Colors","Color family:WKT7-5C-YC","Japan Stationery","Lazada",1,23.90,23.90,23.90,23.90,1,2025-05-27,2025-05-27,1
"4901681581030","Zebra Mildliner Double sided Highlighter Set - Pack of 5 Colors","Color family:WKT7-N-5C-N","Japan Stationery","Lazada",1,23.90,23.90,23.90,23.90,1,2025-05-06,2025-05-06,1
"4901681491940","Zebra Mildliner Double sided Highlighter Set - Pack of 5 Colors","Color family:WKT7-5C-NTC","Japan Stationery","Lazada",1,23.90,23.90,23.90,23.90,1,2025-05-06,2025-05-06,1
"4902778211328","Uni Nano Diamond Color Erasable Lead - 0.5 mm - Orange Green Red Mint Blue Pink","Orange","Japan Stationery","Shopee",2,23.80,11.90,11.90,11.90,2,2025-04-04,2025-06-11,1
"4902506407030","Japan Pentel Ain Mechanical Pencil Lead 0.2/0.3/0.4/0.5/0.7/0.9/1.3 mm","0.9 2B","Japan Stationery","Shopee",2,23.80,11.90,11.90,11.90,2,2025-04-15,2025-04-24,1
"4902506406637","Japan Pentel Ain Mechanical Pencil Lead 0.2/0.3/0.4/0.5/0.7/0.9/1.3 mm","0.5 2H","Japan Stationery","Shopee",2,23.80,11.90,11.90,11.90,1,2025-04-27,2025-04-27,1
"4902506405845","Japan Pentel Ain Mechanical Pencil Lead 0.2/0.3/0.4/0.5/0.7/0.9/1.3 mm","0.5 Blue","Japan Stationery","Shopee",2,23.80,11.90,11.90,11.90,2,2025-05-03,2025-05-31,1
"4902506406385","Japan Pentel Ain Mechanical Pencil Lead 0.2/0.3/0.4/0.5/0.7/0.9/1.3 mm","0.3 HB","Japan Stationery","Shopee",2,23.80,11.90,11.90,11.90,2,2025-05-06,2025-06-18,1
"4902506406279","Japan Pentel Ain Mechanical Pencil Lead 0.2/0.3/0.4/0.5/0.7/0.9/1.3 mm","0.2 2B","Japan Stationery","Shopee",2,23.80,11.90,11.90,11.90,1,2025-05-11,2025-05-11,1
"4902506406507","Japan Pentel Ain Mechanical Pencil Lead 0.2/0.3/0.4/0.5/0.7/0.9/1.3 mm","0.4 HB","Japan Stationery","Shopee",2,23.80,11.90,11.90,11.90,2,2025-06-08,2025-06-14,1
"4977564613334","Plus Twiggy Portable Scissors FitCut Curve","Peach/Mint","Japan Stationery","Shopee",1,23.70,23.70,23.70,23.70,1,2025-04-10,2025-04-10,1
"4977564637705","Plus Twiggy Portable Scissors FitCut Curve","Black","Japan Stationery","Shopee",1,23.70,23.70,23.70,23.70,1,2025-05-07,2025-05-07,1
"4977564637699","Plus Twiggy Portable Scissors FitCut Curve","Green","Japan Stationery","Shopee",1,23.70,23.70,23.70,23.70,1,2025-05-08,2025-05-08,1
"4902505676581","Pilot Neox Graphite Mechanical Pencil Refill 0.3/0.4/0.5/0.7/0.9mm HRFG-03-H -HB -B -2B HRFG-04-H -HB -B -2B HRFG-05-2H","2B 0.7","Japan Stationery","Shopee",2,23.40,11.70,11.70,11.70,2,2025-04-18,2025-06-26,1
"4901681815418","Zebra Blen 3C 0.5 Japan Limited Edition My Style B3AS88-MS-CBL B3AS88-MS-GUG B3AS88-MS-CP B3AS88-MS-RW B3AS88-MS-FY","Concentration Blue","Japan Stationery","Shopee",1,23.20,23.20,23.20,23.20,1,2025-04-18,2025-04-18,1
"4901681815449","Zebra Blen 3C 0.5 Japan Limited Edition My Style B3AS88-MS-CBL B3AS88-MS-GUG B3AS88-MS-CP B3AS88-MS-RW B3AS88-MS-FY","Caring Pink","Japan Stationery","Shopee",1,23.20,23.20,23.20,23.20,1,2025-04-18,2025-04-18,1
"4901681815432","Zebra Blen 3C 0.5 Japan Limited Edition My Style B3AS88-MS-CBL B3AS88-MS-GUG B3AS88-MS-CP B3AS88-MS-RW B3AS88-MS-FY","Fortune Yellow","Japan Stationery","Shopee",1,23.20,23.20,23.20,23.20,1,2025-04-18,2025-04-18,1
"4901480321905","Kokuyo Campus Notebook Dottted B Ruled B5 A4 A5 A6 40-50 Sheets ノ-105BT-DB ノ-5BT-DB ノ-201ATN-DB  ス-T153BT-DB","A5 50S","Japan Stationery","Shopee",2,23.00,11.50,11.50,11.50,1,2025-06-02,2025-06-02,1
"4902506289438","Refill for Pentel Vicuna EX & EX3 (KBXES7) (0.7mm)","Color family:Black","Japan Stationery","Lazada",2,22.99,11.50,11.49,11.50,1,2025-05-20,2025-05-20,1
"4901480265858","KOKUYO Campus Notebook Color Cover with Dots, Ruled Width 7mm ノ-3CAT-B ノ-203CATN-B ノ-3CBT-B","paper_size:Blue-B5-30S-7mm","Japan Stationery","Lazada",2,22.89,11.45,10.79,12.10,2,2025-04-24,2025-05-10,1
"4902505686573","Pilot Lead Refill  Mechanical Pencil Neox Graphite Mini 0.3, 0.4, 0.5 HRFG-03-HB HRFG-0-B HRFGM-04-HB HRFGM-04-HBTAL","LimitedEdition2 04HB","Japan Stationery","Shopee",4,22.80,5.70,5.70,5.70,3,2025-06-11,2025-06-25,1
"4901681886647","Zebra DelGuard Basic Anti-break Core Mechanical Pencil (0.7mm) 0.7 Japan Premium Stationery Student Gift","Light Blue (0.7mm)","Japan Stationery","Shopee",1,22.70,22.70,22.70,22.70,1,2025-04-21,2025-04-21,1
"4901480316154","Kokuyo Campus Checkle Highlighter Pen with Erasable Pen Marker and Memorizing Sheet Marking Chekku PM-M221N-S PM-M120N-S","Color:Orange+Green+White","Japan Stationery","Lazada",1,22.60,22.60,22.60,22.60,1,2025-06-12,2025-06-12,1
"4901480331041","KOKUYO File Box <NEOS> A4 Vertical/Horizontal 2-Way Type A4-NELF-B A4-NELF-D A4-NELF-DB A4-NELF-DG A4-NELF-R A4-NELF-W","Off-White","Japan Stationery","Shopee",1,22.50,22.50,22.50,22.50,1,2025-06-08,2025-06-08,1
"4901480334691","Kokuyo Soft ring Notebook 5mm Grid line A5|A5|B6|A6|A7 Size 70 Sheets ス-SV407B-D ス-SV437B-D SU407B","A6 Graph","Japan Stationery","Shopee",1,22.50,22.50,22.50,22.50,1,2025-06-09,2025-06-09,1
"4902778028155","Uni Kuru Toga Uni Kurutoga Basic - Lead Rotation Mechanical Pencil (0.5mm)","Color family:Green","Japan Stationery","Lazada",1,22.17,22.17,22.17,22.17,1,2025-04-17,2025-04-17,1
"4902506963338","Pentel Art Multi 8 Mechanical Pencil Refill Leads 0.2mm CH2-A CH2-B CH2-C CH2-D CH2-E CH2-F CH2-G CH2-H CH2-K CH2-P","Fluorescent Yellow","Japan Stationery","Shopee",2,21.90,10.95,10.95,10.95,2,2025-04-16,2025-06-20,1
"4902506963321","Pentel Art Multi 8 Mechanical Pencil Refill Leads 0.2mm CH2-A CH2-B CH2-C CH2-D CH2-E CH2-F CH2-G CH2-H CH2-K CH2-P","Fluorescent Pink","Japan Stationery","Shopee",2,21.90,10.95,10.95,10.95,2,2025-04-16,2025-06-04,1
"4901480278087","Kokuyo Resare Eraser Color Student Art Eraser Convenient Foam Eraser Powerful Clean ケシ90N","Black","Japan Stationery","Shopee",3,21.75,7.25,7.25,7.25,3,2025-04-11,2025-06-01,1
"4902778028155","Uni Kuru Toga Basic - Automatic Lead Rotation Mechanical Pencil (0.5mm)","Green","Japan Stationery","Shopee",1,21.70,21.70,21.70,21.70,1,2025-04-08,2025-04-08,1
"4902778028223","Uni Kuru Toga Mechanical Pencil 0.3 mm M3-450 1P","Silver","Japan Stationery","Shopee",1,21.70,21.70,21.70,21.70,1,2025-04-16,2025-04-16,1
"4902778028216","Uni Kuru Toga Mechanical Pencil 0.3 mm M3-450 1P","Black","Japan Stationery","Shopee",1,21.70,21.70,21.70,21.70,1,2025-04-16,2025-04-16,1
"4902778183915","Uni Kuru Toga Uni Kurutoga Basic - Lead Rotation Mechanical Pencil (0.5mm)","Color family:Baby Pink","Japan Stationery","Lazada",1,21.70,21.70,21.70,21.70,1,2025-05-10,2025-05-10,1
"4902505676468","Pilot Lead Refill  Mechanical Pencil Neox Graphite Mini 0.3, 0.4, 0.5 HRFG-03-HB HRFG-0-B HRFGM-04-HB HRFGM-04-HBTAL","NEO Graphite 04 B","Japan Stationery","Shopee",2,21.40,10.70,10.70,10.70,2,2025-05-21,2025-06-06,1
"4902505676413","Pilot Lead Refill  Mechanical Pencil Neox Graphite Mini 0.3, 0.4, 0.5 HRFG-03-HB HRFG-0-B HRFGM-04-HB HRFGM-04-HBTAL","NEO Graphite 03 HB","Japan Stationery","Shopee",2,21.40,10.70,10.70,10.70,2,2025-06-11,2025-06-15,1
"4901681886623","Zebra DelGuard Basic Anti-break Core Mechanical Pencil (0.7mm) 0.7","Color family:Blue (0.7mm)","Japan Stationery","Lazada",1,20.88,20.88,20.88,20.88,1,2025-05-11,2025-05-11,1
"4902778320440","Uni Mitsubishi Uni-ball One F Japan Limited Edition Ballpoint Pen 0.38/0.5mm UMNSFCC38.CP UMNSFCC38.CBR UMNSFCC05.PG","Cocoa Brown 0.38","Japan Stationery","Shopee",1,20.70,20.70,20.70,20.70,1,2025-04-11,2025-04-11,1
"4901681711017","Refill for Zebra Sarasa Grand JF-0.5 Gel Ink Pen Vintage Color Series 0.3mm/0.5mm","Green Black,0.3mm","Japan Stationery","Shopee",3,20.70,6.90,6.90,6.90,1,2025-04-17,2025-04-17,1
"4902778320471","Uni Mitsubishi Uni-ball One F Japan Limited Edition Ballpoint Pen 0.38/0.5mm UMNSFCC38.CP UMNSFCC38.CBR UMNSFCC05.PG","Cobalt Blue 0.38","Japan Stationery","Shopee",1,20.70,20.70,20.70,20.70,1,2025-05-24,2025-05-24,1
"4901681579860","Zebra DelGuard Original Anti-break Core Mechanical Pencil Basic (0.3mm) Japan Premium Student Gift","White","Japan Stationery","Shopee",1,20.70,20.70,20.70,20.70,1,2025-06-06,2025-06-06,1
"4902778320433","Uni Mitsubishi Uni-ball One F Japan Limited Edition Ballpoint Pen 0.38/0.5mm UMNSFCC38.CP UMNSFCC38.CBR UMNSFCC05.PG","Cotton Pink 0.38","Japan Stationery","Shopee",1,20.70,20.70,20.70,20.70,1,2025-06-08,2025-06-08,1
"4902505686450","Pilot S3 Mechanical Pencil Neox Graphite Mini Japan Limited Edition HPS-30R-TMNL3 HPS-30R-TBE3 HPS-30R-TBE4 HPS-30R-TAL4","Trans Mid Blue 0.3","Japan Stationery","Shopee",1,20.70,20.70,20.70,20.70,1,2025-06-10,2025-06-10,1
"4901681886463","Zebra DelGuard Original Anti-break Core Mechanical Pencil Basic (0.5mm)","Colour:White","Japan Stationery","Lazada",1,20.70,20.70,20.70,20.70,1,2025-06-07,2025-06-07,1
"4901681579815","Zebra DelGuard Original Anti-break Core Mechanical Pencil Basic (0.3mm) Japan Premium Student Gift","Color:Black","Japan Stationery","Lazada",1,20.70,20.70,20.70,20.70,1,2025-05-14,2025-05-14,1
"4901681886449","Zebra DelGuard Basic - Anti-break Core Mechanical Pencil (0.5mm)","Color family:Light Blue","Japan Stationery","Lazada",1,20.20,20.20,20.20,20.20,1,2025-05-05,2025-05-05,1
"4901681886425","Zebra DelGuard Original Anti-break Core Mechanical Pencil Basic (0.5mm)","Colour:Blue","Japan Stationery","Lazada",1,20.19,20.19,20.19,20.19,1,2025-06-06,2025-06-06,1
"4901480335735","Kokuyo Karu Cut Washi Tape Cutter - Clip -10-15mm /  20-25 mm T-SM400LB T-SM400LG T-SM400LP T-SM400W T-SM401LB T-SM401LG","10-15mm(LP)","Japan Stationery","Shopee",1,20.00,20.00,20.00,20.00,1,2025-06-24,2025-06-24,1
"4902778364307","552 Series Pencil for Drafting  0.3/0.4/0.5/0.7/0.9 mm M3552.24","Variation1:0.9mm, Black","Japan Stationery","Lazada",1,19.93,19.93,19.93,19.93,1,2025-04-04,2025-04-04,1
"4901480349558","Kokuyo Campus Study Planner Notebook Daily Weekly Ruled B5|A5 ノ-Y80MD-G ノ-Y80MW-B","Size:A5 Green Daily Ruled","Japan Stationery","Lazada",1,19.89,19.89,19.89,19.89,1,2025-05-05,2025-05-05,1
"4901480331010","KOKUYO File Box <NEOS> A4 Vertical/Horizontal 2-Way Type A4-NELF-B A4-NELF-D A4-NELF-DB A4-NELF-DG A4-NELF-R A4-NELF-W","Navy","Japan Stationery","Shopee",1,19.70,19.70,19.70,19.70,1,2025-06-01,2025-06-01,1
"4901480331027","KOKUYO File Box <NEOS> A4 Vertical/Horizontal 2-Way Type A4-NELF-B A4-NELF-D A4-NELF-DB A4-NELF-DG A4-NELF-R A4-NELF-W","Olive Green","Japan Stationery","Shopee",1,19.70,19.70,19.70,19.70,1,2025-06-22,2025-06-22,1
"4901480331034","KOKUYO File Box <NEOS> A4 Vertical/Horizontal 2-Way Type A4-NELF-B A4-NELF-D A4-NELF-DB A4-NELF-DG A4-NELF-R A4-NELF-W","Carmine Red","Japan Stationery","Shopee",1,19.70,19.70,19.70,19.70,1,2025-06-22,2025-06-22,1
"4902778292433","Refill for Mitsubishi Multi Function Jetstream Pen SXR-80-07 (0.7mm)","Blue (0.7mm)","Japan Stationery","Shopee",4,19.60,4.90,4.90,4.90,2,2025-05-13,2025-06-29,1
"4902778972090","Uni Mitsubishi Hi-Uni GRCT Mechanical Pencil Refill Leads 0.3/0.5 mm HU033002H HU03300H HU03300HB HU03300B","HB (0.3)","Japan Stationery","Shopee",1,18.90,18.90,18.90,18.90,1,2025-06-03,2025-06-03,1
"4902778603390","Uni Mitsubishi Hi-Uni GRCT Mechanical Pencil Refill Leads 0.3/0.5 mm HU033002H HU03300H HU03300HB HU03300B","H (0.5)","Japan Stationery","Shopee",1,18.90,18.90,18.90,18.90,1,2025-06-06,2025-06-06,1
"4902778972076","Uni Mitsubishi Hi-Uni GRCT Mechanical Pencil Refill Leads 0.3/0.5 mm HU033002H HU03300H HU03300HB HU03300B","2H (0.3)","Japan Stationery","Shopee",1,18.90,18.90,18.90,18.90,1,2025-06-15,2025-06-15,1
"4902778603383","Uni Mitsubishi Hi-Uni GRCT Mechanical Pencil Refill Leads 0.3/0.5 mm HU033002H HU03300H HU03300HB HU03300B","2H (0.5)","Japan Stationery","Shopee",1,18.90,18.90,18.90,18.90,1,2025-06-15,2025-06-15,1
"4901480334295","Kokuyo Campus Checkle Highlighter Pen with Erasable Pen Marker and Memorizing Sheet Marking Chekku PM-M221N-S PM-M120N-S","Color:OrangeFine+Blue Bold","Japan Stationery","Lazada",1,18.19,18.19,18.19,18.19,1,2025-06-11,2025-06-11,1
"4901480363851","Kokuyo Campus Notebook/Diary Exclusive Notebook Cover Clear B5|A5|B6|A6 ニ-CSC-B5 ニ-CSC-A5 ニ-CSC-B6 ニ-CSC-A6","A5","Japan Stationery","Shopee",1,18.00,18.00,18.00,18.00,1,2025-05-28,2025-05-28,1
"4902778147221","Refill for Mitsubishi Jetstream Pen SXR-5 (0.5mm) SXR-38 SXR-7Multi Function SXN-150 SXN-250","Black (0.5mm)(5pcs)","Japan Stationery","Shopee",1,17.90,17.90,17.90,17.90,1,2025-04-02,2025-04-02,1
"4902778147238","Refill for Mitsubishi Jetstream Pen SXR-5 (0.5mm) SXR-38 SXR-7Multi Function SXN-150 SXN-250","Color family:Black (0.7mm)(5pcs)","Japan Stationery","Lazada",1,17.90,17.90,17.90,17.90,1,2025-04-13,2025-04-13,1
"4902778274118","Uni Mitsubishi Mechanical Pencil Refill Leads 0.3/0.4/0.5/0.7/0.9 mm UL-S-0.3-25 1P","4H (0.5)","Japan Stationery","Shopee",2,17.80,8.90,8.90,8.90,2,2025-05-04,2025-06-04,1
"4902506289438","Refill for Pentel Vicuna EX & EX3 (KBXES7)","Black (0.7mm)","Japan Stationery","Shopee",2,17.80,8.90,8.90,8.90,1,2025-06-19,2025-06-19,1
"4902778272428","Uni Mitsubishi Mechanical Pencil Refill Leads 0.3/0.4/0.5/0.7/0.9 mm UL-S-0.3-25 1P","Type:B (0.3)","Japan Stationery","Lazada",2,17.80,8.90,8.90,8.90,1,2025-06-08,2025-06-08,1
"4901480319650","KOKUYO Campus Notebook Color Cover with Dots, Ruled Width 7mm ノ-3CAT-B ノ-203CATN-B ノ-3CBT-B","paper_size:Green-A4-30S-7mm","Japan Stationery","Lazada",1,17.79,17.79,17.79,17.79,1,2025-04-24,2025-04-24,1
"4901480319667","KOKUYO Campus Notebook Color Cover with Dots, Ruled Width 7mm ノ-3CAT-B ノ-203CATN-B ノ-3CBT-B","paper_size:Pink-A4-30S-7mm","Japan Stationery","Lazada",1,17.79,17.79,17.79,17.79,1,2025-04-24,2025-04-24,1
"4902505649066","Pilot ILMILY 3rd Color to Color A2 Kumi Limited Edition Ballpoint Pen & Marker 0.4mm イルミリーCTC BP 04 B-GY イルミリーCTC BP 04","Cherry-Peach(Marker)","Japan Stationery","Shopee",2,17.40,8.70,8.70,8.70,1,2025-04-01,2025-04-01,1
"4901480170527","Kokuyo Kadokeshi 28-Edges Eraser","Blue","Japan Stationery","Shopee",2,17.40,8.70,8.70,8.70,2,2025-04-02,2025-06-17,1
"4902506407160","Japan Pentel Ain Mechanical Pencil Lead 0.2/0.3/0.4/0.5/0.7/0.9/1.3 mm","Variation1:1.3 B","Japan Stationery","Lazada",1,17.09,17.09,17.09,17.09,1,2025-04-21,2025-04-21,1
"4901480365336","Kokuyo 2-Way Highlighter Marker 5 Colors Set. Mark+ Gray Type PM-MT201BM PM-MT201GM PM-MT201PM PM-MT201VM","Green Gray","Japan Stationery","Shopee",2,17.00,8.50,8.50,8.50,2,2025-04-22,2025-05-25,1
"4901480353937","Kokuyo Mark+ Two Tone Color Marker PM-MT100-5S","Green","Japan Stationery","Shopee",2,17.00,8.50,8.50,8.50,2,2025-04-26,2025-05-18,1
"4901480365282","Kokuyo PM-MT200 Mark+ Two Way Color Highlighter Fineliner Marker PM-MT200LG PM-MT200K PM-MT200G PM-MT200DB PM-MT200P","Pink","Japan Stationery","Shopee",2,17.00,8.50,8.50,8.50,1,2025-06-06,2025-06-06,1
"4902778164327","Uniball Refill for Mitsubishi Multi Function Jetstream Pen SXR-80-38 (0.38mm) Extra Fine","Color family:Black","Japan Stationery","Lazada",2,16.99,8.50,8.49,8.50,1,2025-05-05,2025-05-05,1
"4902505447853","Limited Edition Pilot Frixion Ball3 Slim Tri-color Pen Erasable 0.38mm","Refill 3pcs Black","Japan Stationery","Shopee",1,16.90,16.90,16.90,16.90,1,2025-04-19,2025-04-19,1
"4901480387680","Kokuyo Campus Checkle Highlighter Pen with Erasable Pen Marker and Memorizing Sheet Marking Chekku PM-M221N-S PM-M120N-S","Color:OrangeBold+Blue Fine","Japan Stationery","Lazada",1,16.59,16.59,16.59,16.59,1,2025-06-12,2025-06-12,1
"4902506323798","Pentel Art Multi 8 Mechanical Pencil Refill Leads 0.2mm CH2-A CH2-B CH2-C CH2-D CH2-E CH2-F CH2-G CH2-H CH2-K CH2-P","Pink","Japan Stationery","Shopee",2,16.40,8.20,8.20,8.20,1,2025-06-26,2025-06-26,1
"4902506323705","Pentel Art Multi 8 Mechanical Pencil Refill Leads 0.2mm CH2-A CH2-B CH2-C CH2-D CH2-E CH2-F CH2-G CH2-H CH2-K CH2-P","Black","Japan Stationery","Shopee",2,16.40,8.20,8.20,8.20,1,2025-06-26,2025-06-26,1
"4902506323712","Pentel Art Multi 8 Mechanical Pencil Refill Leads 0.2mm CH2-A CH2-B CH2-C CH2-D CH2-E CH2-F CH2-G CH2-H CH2-K CH2-P","Red","Japan Stationery","Shopee",2,16.40,8.20,8.20,8.20,1,2025-06-26,2025-06-26,1
"4902506323729","Pentel Art Multi 8 Mechanical Pencil Refill Leads 0.2mm CH2-A CH2-B CH2-C CH2-D CH2-E CH2-F CH2-G CH2-H CH2-K CH2-P","Blue","Japan Stationery","Shopee",2,16.40,8.20,8.20,8.20,1,2025-06-26,2025-06-26,1
"4902506323736","Pentel Art Multi 8 Mechanical Pencil Refill Leads 0.2mm CH2-A CH2-B CH2-C CH2-D CH2-E CH2-F CH2-G CH2-H CH2-K CH2-P","Green","Japan Stationery","Shopee",2,16.40,8.20,8.20,8.20,1,2025-06-26,2025-06-26,1
"4902506323767","Pentel Art Multi 8 Mechanical Pencil Refill Leads 0.2mm CH2-A CH2-B CH2-C CH2-D CH2-E CH2-F CH2-G CH2-H CH2-K CH2-P","Yellow","Japan Stationery","Shopee",2,16.40,8.20,8.20,8.20,1,2025-06-26,2025-06-26,1
"4901480349480","Kokuyo Campus Study Planner Notebook Daily Weekly Ruled B5|A5 ノ-Y80MD-G ノ-Y80MW-B","B5 Gray Daily Ruled","Japan Stationery","Shopee",1,16.00,16.00,16.00,16.00,1,2025-04-07,2025-04-07,1
"4901480349497","Kokuyo Campus Study Planner Notebook Daily Weekly Ruled B5|A5 ノ-Y80MD-G ノ-Y80MW-B","B5 Pink Daily Ruled","Japan Stationery","Shopee",1,16.00,16.00,16.00,16.00,1,2025-05-01,2025-05-01,1
"4901480349473","Kokuyo Campus Study Planner Notebook Daily Weekly Ruled B5|A5 ノ-Y80MD-G ノ-Y80MW-B","B5 Pink Weekly Ruled","Japan Stationery","Shopee",1,16.00,16.00,16.00,16.00,1,2025-06-02,2025-06-02,1
"4901480349466","Kokuyo Campus Study Planner Notebook Daily Weekly Ruled B5|A5 ノ-Y80MD-G ノ-Y80MW-B","B5 Blue Weekly Ruled","Japan Stationery","Shopee",1,16.00,16.00,16.00,16.00,1,2025-06-07,2025-06-07,1
"4902778230732","Refill for Uni-Ball Erasable Ballpoint Pen RE & RE3 Thermal Erase Ink Mitsubishi RE-3 URR-103-05","Black","Japan Stationery","Shopee",2,15.80,7.90,7.90,7.90,2,2025-05-15,2025-06-12,1
"4902778230749","Refill for Uni-Ball Erasable Ballpoint Pen RE & RE3 Thermal Erase Ink Mitsubishi RE-3 URR-103-05","Blue","Japan Stationery","Shopee",2,15.80,7.90,7.90,7.90,2,2025-05-15,2025-06-12,1
"4902506406361","Japan Pentel Ain Mechanical Pencil Lead 0.2/0.3/0.4/0.5/0.7/0.9/1.3 mm","Type:0.3 2B","Japan Stationery","Lazada",1,15.61,15.61,15.61,15.61,1,2025-04-06,2025-04-06,1
"4901681886821","Zebra Sarasa Nano Snoopy Collaboration Vintage Single 0.3mm/0.38mm","Blue 0.38mm","Japan Stationery","Shopee",1,15.50,15.50,15.50,15.50,1,2025-05-13,2025-05-13,1
"4901681886845","Zebra Sarasa Nano Snoopy Collaboration Vintage Single 0.3mm/0.38mm","Orange 0.38mm","Japan Stationery","Shopee",1,15.50,15.50,15.50,15.50,1,2025-06-02,2025-06-02,1
"4901480349527","Kokuyo Campus Study Planner Notebook Daily Weekly Ruled B5|A5 ノ-Y80MD-G ノ-Y80MW-B","A5 Pink Weekly Ruled","Japan Stationery","Shopee",1,15.00,15.00,15.00,15.00,1,2025-05-19,2025-05-19,1
"4901480349534","Kokuyo Campus Study Planner Notebook Daily Weekly Ruled B5|A5 ノ-Y80MD-G ノ-Y80MW-B","A5 Gray Daily Ruled","Japan Stationery","Shopee",1,15.00,15.00,15.00,15.00,1,2025-05-19,2025-05-19,1
"4901480349510","Kokuyo Campus Study Planner Notebook Daily Weekly Ruled B5|A5 ノ-Y80MD-G ノ-Y80MW-B","A5 Blue Weekly Ruled","Japan Stationery","Shopee",1,15.00,15.00,15.00,15.00,1,2025-05-22,2025-05-22,1
"4901681812875","Zebra Sarasa Clip & Sarasa Grand Moomin Japan Limited Edition Gel Ballpoint Pen 0.5mm JJ29-MM-BK1","Snufkin (Black)","Japan Stationery","Shopee",1,14.90,14.90,14.90,14.90,1,2025-04-24,2025-04-24,1
"4901681812882","Zebra Sarasa Clip & Sarasa Grand Moomin Japan Limited Edition Gel Ballpoint Pen 0.5mm JJ29-MM-BK1","Little My (Black)","Japan Stationery","Shopee",1,14.90,14.90,14.90,14.90,1,2025-04-24,2025-04-24,1
"4901681812868","Zebra Sarasa Clip & Sarasa Grand Moomin Japan Limited Edition Gel Ballpoint Pen 0.5mm JJ29-MM-BK1","Hattifattener (Black","Japan Stationery","Shopee",1,14.90,14.90,14.90,14.90,1,2025-05-09,2025-05-09,1
"4901681244591","Refill for Zebra Sarasa Grand JF-0.5 Gel Ink Pen Vintage Color Series 0.3mm/0.5mm","Blue Black,0.3mm","Japan Stationery","Shopee",2,13.80,6.90,6.90,6.90,2,2025-05-09,2025-05-18,1
"4902778164150","0.5mm Refill for Mitsubishi Jetstream Prime Pen SXR-200-05 (0.5mm) (D1 refill size)","Red","Japan Stationery","Shopee",1,13.00,13.00,13.00,13.00,1,2025-05-11,2025-05-11,1
"4901480367026","Kokuyo Campus Notebook Dottted B Ruled B5 A4 A5 A6 40-50 Sheets ノ-105BT-DB ノ-5BT-DB ノ-201ATN-DB  ス-T153BT-DB","A6 Twin Ring 50S","Japan Stationery","Shopee",1,13.00,13.00,13.00,13.00,1,2025-06-24,2025-06-24,1
"4902778364703","Uni Mitsubishi Replacement Lead Refill 2.0mm ULN","2H","Japan Stationery","Shopee",1,12.90,12.90,12.90,12.90,1,2025-04-07,2025-04-07,1
"4006856505559","Rotring Tikky Hi-Polymer Pencil Lead (0.3 0.35 0.5 0.7 0.9 1.0 2.0 mm 2H H HB B 2B)","0.5mm H","Japan Stationery","Shopee",1,12.90,12.90,12.90,12.90,1,2025-04-23,2025-04-23,1
"4902778364758","Uni Mitsubishi Replacement Lead Refill 2.0mm ULN","2B","Japan Stationery","Shopee",1,12.90,12.90,12.90,12.90,1,2025-05-13,2025-05-13,1
"4902778364789","Uni Mitsubishi Replacement Lead Refill 2.0mm ULN","Red","Japan Stationery","Shopee",1,12.90,12.90,12.90,12.90,1,2025-06-02,2025-06-02,1
"4902778364772","Uni Mitsubishi Replacement Lead Refill 2.0mm ULN","Type:4B","Japan Stationery","Lazada",1,12.90,12.90,12.90,12.90,1,2025-06-30,2025-06-30,1
"4902778320761","Uni Mitsubishi Jetstream Lite Limited Edition Ballpoint Pen 0.5mm SXNLS05.SB SXNLS05.WP SXNLS05.28 SXNLS05.39 MSXESL05.C","Light Yellow","Japan Stationery","Shopee",1,12.70,12.70,12.70,12.70,1,2025-04-03,2025-04-03,1
"4902778319635","Uni Mitsubishi Uni-ball One Creative Color Gel Ink Ballpoint Pen 0.38/0.5mm UMNSC38.1 UMNSC38.25 UMNSC38","Silver (0.5)","Japan Stationery","Shopee",1,12.70,12.70,12.70,12.70,1,2025-04-04,2025-04-04,1
"4902778320778","Uni Mitsubishi Jetstream Lite Limited Edition Ballpoint Pen 0.5mm SXNLS05.SB SXNLS05.WP SXNLS05.28 SXNLS05.39 MSXESL05.C","Forest Blue","Japan Stationery","Shopee",1,12.70,12.70,12.70,12.70,1,2025-05-10,2025-05-10,1
"4902778320709","Uni Mitsubishi Jetstream Lite Limited Edition Ballpoint Pen 0.5mm SXNLS05.SB SXNLS05.WP SXNLS05.28 SXNLS05.39 MSXESL05.C","Soft Brown","Japan Stationery","Shopee",1,12.70,12.70,12.70,12.70,1,2025-05-20,2025-05-20,1
"4902778320785","Uni Mitsubishi Jetstream x Peanut Limited Edition 4&1 Single  Ballpoint Pen 0.5mm Snoopy","Soft Green","Japan Stationery","Shopee",1,12.70,12.70,12.70,12.70,1,2025-06-17,2025-06-17,1
"4902778320808","Uni Mitsubishi Jetstream x Peanut Limited Edition 4&1 Single  Ballpoint Pen 0.5mm Snoopy","Light Grey","Japan Stationery","Shopee",1,12.70,12.70,12.70,12.70,1,2025-06-17,2025-06-17,1
"4902778320716","Uni Mitsubishi Jetstream Lite Limited Edition Ballpoint Pen 0.5mm SXNLS05.SB SXNLS05.WP SXNLS05.28 SXNLS05.39 MSXESL05.C","Warm Pink","Japan Stationery","Shopee",1,12.70,12.70,12.70,12.70,1,2025-06-17,2025-06-17,1
"4902778144824","Uni Mitsubishi Field Architectural  Mechanical Pencil Refill 2.0mm M20-700 1P","HB Refill","Japan Stationery","Shopee",1,12.70,12.70,12.70,12.70,1,2025-06-24,2025-06-24,1
"4901480264158","Kokuyo Campus Eraser for Elementary School Students (B.HB and 2B Types) Poppy-C100-1N C100-2N","B.HB","Japan Stationery","Shopee",2,12.50,6.25,6.25,6.25,2,2025-05-04,2025-06-24,1
"4901480306452","Kokuyo Resare Eraser Color Student Art Eraser Convenient Foam Eraser Powerful Clean ケシ90N","Color:Light Green","Japan Stationery","Lazada",1,12.44,12.44,12.44,12.44,1,2025-04-24,2025-04-24,1
"4901480265889","KOKUYO Campus Notebook Color Cover with Dots, Ruled Width 7mm ノ-3CAT-B ノ-203CATN-B ノ-3CBT-B","paper_size:Purple-B5-30S-7mm","Japan Stationery","Lazada",1,12.09,12.09,12.09,12.09,1,2025-05-10,2025-05-10,1
"4901991636000","Refill for Tombow Airpress Pressurized Ballpoint Pen - 0.7 mm","Blue","Japan Stationery","Shopee",1,12.00,12.00,12.00,12.00,1,2025-06-30,2025-06-30,1
"4902778225592","Uni NanoDia Color Erasable Lead 0.7 mm U07202NDC","Green","Japan Stationery","Shopee",1,11.90,11.90,11.90,11.90,1,2025-04-14,2025-04-14,1
"4902506406583","Japan Pentel Ain Mechanical Pencil Lead 0.2/0.3/0.4/0.5/0.7/0.9/1.3 mm","0.5 3B","Japan Stationery","Shopee",1,11.90,11.90,11.90,11.90,1,2025-04-18,2025-04-18,1
"4902778185728","Uni NanoDia Color Erasable Lead 0.7 mm U07202NDC","Red","Japan Stationery","Shopee",1,11.90,11.90,11.90,11.90,1,2025-04-24,2025-04-24,1
"4902778225608","Uni NanoDia Color Erasable Lead 0.7 mm U07202NDC","Pink","Japan Stationery","Shopee",1,11.90,11.90,11.90,11.90,1,2025-05-14,2025-05-14,1
"4902506406484","Japan Pentel Ain Mechanical Pencil Lead 0.2/0.3/0.4/0.5/0.7/0.9/1.3 mm","0.4 2B","Japan Stationery","Shopee",1,11.90,11.90,11.90,11.90,1,2025-06-11,2025-06-11,1
"4902506406491","Japan Pentel Ain Mechanical Pencil Lead 0.2/0.3/0.4/0.5/0.7/0.9/1.3 mm","0.4 B","Japan Stationery","Shopee",1,11.90,11.90,11.90,11.90,1,2025-06-14,2025-06-14,1
"4902778211359","Uni Nano Diamond Color Erasable Lead Mechanical Pencil - 0.5 mm","Color family:Red","Japan Stationery","Lazada",1,11.83,11.83,11.83,11.83,1,2025-04-18,2025-04-18,1
"4902778211373","Uni Nano Diamond Color Erasable Lead Mechanical Pencil - 0.5 mm","Color family:Blue","Japan Stationery","Lazada",1,11.82,11.82,11.82,11.82,1,2025-04-18,2025-04-18,1
"4902778164327","Refill for Mitsubishi Multi Function Jetstream Pen SXR-80-38 (0.38mm) Extra Fine","Black (0.38mm)","Japan Stationery","Shopee",2,11.80,5.90,5.90,5.90,2,2025-04-21,2025-06-05,1
"4902505676529","Pilot Neox Graphite Mechanical Pencil Refill 0.3/0.4/0.5/0.7/0.9mm HRFG-03-H -HB -B -2B HRFG-04-H -HB -B -2B HRFG-05-2H","B 0.5","Japan Stationery","Shopee",1,11.70,11.70,11.70,11.70,1,2025-05-11,2025-05-11,1
"4902505676499","Pilot Neox Graphite Mechanical Pencil Refill 0.3/0.4/0.5/0.7/0.9mm HRFG-03-H -HB -B -2B HRFG-04-H -HB -B -2B HRFG-05-2H","H 0.5","Japan Stationery","Shopee",1,11.70,11.70,11.70,11.70,1,2025-06-17,2025-06-17,1
"4902505676451","Pilot Neox Graphite Mechanical Pencil Refill 0.3/0.4/0.5/0.7/0.9mm HRFG-03-H -HB -B -2B HRFG-04-H -HB -B -2B HRFG-05-2H","HB 0.4","Japan Stationery","Shopee",1,11.70,11.70,11.70,11.70,1,2025-06-25,2025-06-25,1
"4902778258835","Refill for Jetstream Edge 0.28 mm SXR203-28","Color family:Black","Japan Stationery","Lazada",1,11.60,11.60,11.60,11.60,1,2025-06-14,2025-06-14,1
"4901480364711","KOKUYO Enpitsu Sharp Mechanical Pencil Lead - HB / B / 2B ( 0.3 / 0.5 / 0.7 / 0.9 / 1.3 mm ) PSR-2B03-1P PSR-B03-1P","0.7mm 2B (30pcs)","Japan Stationery","Shopee",1,11.50,11.50,11.50,11.50,1,2025-05-08,2025-05-08,1
"4901480364704","KOKUYO Enpitsu Sharp Mechanical Pencil Lead - HB / B / 2B ( 0.3 / 0.5 / 0.7 / 0.9 / 1.3 mm ) PSR-2B03-1P PSR-B03-1P","0.5mm 2B (40pcs)","Japan Stationery","Shopee",1,11.50,11.50,11.50,11.50,1,2025-05-15,2025-05-15,1
"4901480265933","KOKUYO Campus Notebook Color Cover with Dots, Ruled Width 7mm ノ-3CAT-B ノ-203CATN-B ノ-3CBT-B","paper_size:Purple-B5-30S-6mm","Japan Stationery","Lazada",1,10.82,10.82,10.82,10.82,1,2025-04-24,2025-04-24,1
"4902505676420","Pilot Lead Refill  Mechanical Pencil Neox Graphite Mini 0.3, 0.4, 0.5 HRFG-03-HB HRFG-0-B HRFGM-04-HB HRFGM-04-HBTAL","NEO Graphite 03 B","Japan Stationery","Shopee",1,10.70,10.70,10.70,10.70,1,2025-06-15,2025-06-15,1
"4901480374925","Kokuyo Campus Notebook Smart Campus Dotted Lines B5 Normal Medium Lines 30 Sheets ノ-GS3CWAT-B ノ-GS3CWBT-B","Size:7mm, Color:Blue","Japan Stationery","Lazada",1,10.50,10.50,10.50,10.50,1,2025-06-14,2025-06-14,1
"4902778292419","Refill for Mitsubishi Multi Function Jetstream Pen SXR-80-07 (0.7mm)","Red (0.7mm)","Japan Stationery","Shopee",2,9.80,4.90,4.90,4.90,2,2025-05-27,2025-06-28,1
"4902778040980","Refill for Mitsubishi Multi Function Jetstream Pen SXR-80-05 (0.5mm)","color_family:Red (0.5mm)","Japan Stationery","Lazada",2,9.80,4.90,4.90,4.90,2,2025-04-27,2025-06-02,1
"4901480255958","Kokuyo Miri 5-Function Eraser Keshi-M700 Keshi-M700D ケシ-M700 ケシ-M700D High Grade","White","Japan Stationery","Shopee",1,9.70,9.70,9.70,9.70,1,2025-04-26,2025-04-26,1
"4901480091815","Kokuyo Campus Notebook 5 Colored Cover Semi-B5 Normal-Medium Line 30 Sheets 6mm 7mm ノ-3CAN-B ノ-3CBN-B","Pink,7mm","Japan Stationery","Shopee",1,9.50,9.50,9.50,9.50,1,2025-05-01,2025-05-01,1
"4901480265872","KOKUYO Campus Notebook Color Cover with Dots, Ruled Width 7mm ノ-3CAT-B ノ-203CATN-B ノ-3CBT-B","Pink|B5|30S|7mm","Japan Stationery","Shopee",1,9.50,9.50,9.50,9.50,1,2025-05-07,2025-05-07,1
"4901480265858","KOKUYO Campus Notebook Color Cover with Dots, Ruled Width 7mm ノ-3CAT-B ノ-203CATN-B ノ-3CBT-B","Blue|B5|30S|7mm","Japan Stationery","Shopee",1,9.50,9.50,9.50,9.50,1,2025-05-14,2025-05-14,1
"4901480265889","KOKUYO Campus Notebook Color Cover with Dots, Ruled Width 7mm ノ-3CAT-B ノ-203CATN-B ノ-3CBT-B","Purple|B5|30S|7mm","Japan Stationery","Shopee",1,9.50,9.50,9.50,9.50,1,2025-05-14,2025-05-14,1
"4901480265896","KOKUYO Campus Notebook Color Cover with Dots, Ruled Width 7mm ノ-3CAT-B ノ-203CATN-B ノ-3CBT-B","Yellow|B5|30S|7mm","Japan Stationery","Shopee",1,9.50,9.50,9.50,9.50,1,2025-06-30,2025-06-30,1
"4901480091822","Kokuyo Campus Notebook 5 Colored Cover Semi-B5 Normal-Medium Line 30 Sheets 6mm 7mm ノ-3CAN-B ノ-3CBN-B","Size:7mm, Color:Purple","Japan Stationery","Lazada",1,9.50,9.50,9.50,9.50,1,2025-06-14,2025-06-14,1
"4902778274026","Uni Mitsubishi Mechanical Pencil Refill Leads 0.3/0.4/0.5/0.7/0.9 mm UL-S-0.3-25 1P","HB (0.4)","Japan Stationery","Shopee",1,8.90,8.90,8.90,8.90,1,2025-06-24,2025-06-24,1
"4901480077734","Kokuyo Kadokeshi 28-Edges Eraser","White","Japan Stationery","Shopee",1,8.70,8.70,8.70,8.70,1,2025-04-02,2025-04-02,1
"4902778322215","Uni Mitsubishi Uniball ZENTO Gel Pen Refill 0.38/0.5mm UBRZ38.15 UBRZ38.24 UBRZ38 UBRZ05 UBRZ05.24","Refill Blue 0.38","Japan Stationery","Shopee",1,8.70,8.70,8.70,8.70,1,2025-04-05,2025-04-05,1
"4902778322222","Uni Mitsubishi Uniball ZENTO Gel Pen Refill 0.38/0.5mm UBRZ38.15 UBRZ38.24 UBRZ38 UBRZ05 UBRZ05.24","Refill Red 0.5","Japan Stationery","Shopee",1,8.70,8.70,8.70,8.70,1,2025-04-17,2025-04-17,1
"4902505649059","Pilot ILMILY 3rd Color to Color A2 Kumi Limited Edition Ballpoint Pen & Marker 0.4mm イルミリーCTC BP 04 B-GY イルミリーCTC BP 04","Grape-Lavender(Marke","Japan Stationery","Shopee",1,8.70,8.70,8.70,8.70,1,2025-06-13,2025-06-13,1
"4902505686566","Pilot Lead Refill  Mechanical Pencil Neox Graphite Mini 0.3, 0.4, 0.5 HRFG-03-HB HRFG-0-B HRFGM-04-HB HRFGM-04-HBTAL","LimitedEdition1 04HB","Japan Stationery","Shopee",1,8.70,8.70,8.70,8.70,1,2025-06-19,2025-06-19,1
"4901480365329","Kokuyo 2-Way Highlighter Marker 5 Colors Set. Mark+ Gray Type PM-MT201BM PM-MT201GM PM-MT201PM PM-MT201VM","Blue Gray","Japan Stationery","Shopee",1,8.50,8.50,8.50,8.50,1,2025-04-12,2025-04-12,1
"4901480365367","Kokuyo 2-Way Highlighter Marker 5 Colors Set. Mark+ Gray Type PM-MT201BM PM-MT201GM PM-MT201PM PM-MT201VM","Yellow Gray","Japan Stationery","Shopee",1,8.50,8.50,8.50,8.50,1,2025-04-12,2025-04-12,1
"4901480354026","Kokuyo Highlighter Pen 2 Tone Mark Plus Gray Type PM-MT101","Gray Yellow","Japan Stationery","Shopee",1,8.50,8.50,8.50,8.50,1,2025-04-12,2025-04-12,1
"4901480365350","Kokuyo 2-Way Highlighter Marker 5 Colors Set. Mark+ Gray Type PM-MT201BM PM-MT201GM PM-MT201PM PM-MT201VM","Purple Gray","Japan Stationery","Shopee",1,8.50,8.50,8.50,8.50,1,2025-04-25,2025-04-25,1
"4901480033945","Kokuyo PM-MT200 Mark+ Two Way Color Highlighter Fineliner Marker PM-MT200LG PM-MT200K PM-MT200G PM-MT200DB PM-MT200P","Gray","Japan Stationery","Shopee",1,8.50,8.50,8.50,8.50,1,2025-05-14,2025-05-14,1
"4901480353999","Kokuyo Highlighter Pen 2 Tone Mark Plus Gray Type PM-MT101","Gray Green","Japan Stationery","Shopee",1,8.50,8.50,8.50,8.50,1,2025-06-04,2025-06-04,1
"4901480354019","Kokuyo Highlighter Pen 2 Tone Mark Plus Gray Type PM-MT101","Gray Purple","Japan Stationery","Shopee",1,8.50,8.50,8.50,8.50,1,2025-06-15,2025-06-15,1
"4901480365305","Kokuyo PM-MT200 Mark+ Two Way Color Highlighter Fineliner Marker PM-MT200LG PM-MT200K PM-MT200G PM-MT200DB PM-MT200P","Yellow","Japan Stationery","Shopee",1,8.50,8.50,8.50,8.50,1,2025-06-24,2025-06-24,1
"4901480365268","Kokuyo PM-MT200 Mark+ Two Way Color Highlighter Fineliner Marker PM-MT200LG PM-MT200K PM-MT200G PM-MT200DB PM-MT200P","Blue","Japan Stationery","Shopee",1,8.50,8.50,8.50,8.50,1,2025-06-25,2025-06-25,1
"4902506323637","Pentel Art Multi 8 Mechanical Pencil Refill Leads 0.2mm CH2-A CH2-B CH2-C CH2-D CH2-E CH2-F CH2-G CH2-H CH2-K CH2-P","HB","Japan Stationery","Shopee",1,8.20,8.20,8.20,8.20,1,2025-04-16,2025-04-16,1
"4902506323774","Pentel Art Multi 8 Mechanical Pencil Refill Leads 0.2mm CH2-A CH2-B CH2-C CH2-D CH2-E CH2-F CH2-G CH2-H CH2-K CH2-P","Pale Orange","Japan Stationery","Shopee",1,8.20,8.20,8.20,8.20,1,2025-06-20,2025-06-20,1
"4901681783410","Zebra DelGuard ER Anti-break Core Mechanical Pencil (0.5mm) - Eraser Edition","Eraser refill 5pcs","Japan Stationery","Shopee",1,7.90,7.90,7.90,7.90,1,2025-05-17,2025-05-17,1
"4902778230725","Refill for Uni-Ball Erasable Ballpoint Pen RE & RE3 Thermal Erase Ink Mitsubishi RE-3 URR-103-05","Red","Japan Stationery","Shopee",1,7.90,7.90,7.90,7.90,1,2025-06-12,2025-06-12,1
"4901480306452","Kokuyo Resare Eraser Color Student Art Eraser Convenient Foam Eraser Powerful Clean ケシ90N","Light Green","Japan Stationery","Shopee",1,7.25,7.25,7.25,7.25,1,2025-05-15,2025-05-15,1
"4901480306414","Kokuyo Resare Eraser Color Student Art Eraser Convenient Foam Eraser Powerful Clean ケシ90N","Blue","Japan Stationery","Shopee",1,7.25,7.25,7.25,7.25,1,2025-05-17,2025-05-17,1
"4901480306421","Kokuyo Resare Eraser Color Student Art Eraser Convenient Foam Eraser Powerful Clean ケシ90N","Pink","Japan Stationery","Shopee",1,7.25,7.25,7.25,7.25,1,2025-06-15,2025-06-15,1
"4901681126996","Refill for Zebra Sarasa Grand JF-0.5 Gel Ink Pen Vintage Color Series 0.3mm/0.5mm","Blue Black,0.5mm","Japan Stationery","Shopee",1,6.90,6.90,6.90,6.90,1,2025-04-03,2025-04-03,1
"4901681244515","Refill for Zebra Sarasa Grand JF-0.5 Gel Ink Pen Vintage Color Series 0.3mm/0.5mm","Black,0.3mm","Japan Stationery","Shopee",1,6.90,6.90,6.90,6.90,1,2025-04-15,2025-04-15,1
"4901681244515","Refill for Zebra Sarasa Grand JF-0.5 Gel Ink Pen Vintage Color Series 0.3mm/0.5mm","Size:0.3mm, Color:Black","Japan Stationery","Lazada",1,6.90,6.90,6.90,6.90,1,2025-06-14,2025-06-14,1
"4901480264141","Kokuyo Campus Eraser for Elementary School Students (B.HB and 2B Types) Poppy-C100-1N C100-2N","2B","Japan Stationery","Shopee",1,6.25,6.25,6.25,6.25,1,2025-05-13,2025-05-13,1
"4902505686535","Pilot Lead Refill  Mechanical Pencil Neox Graphite Mini 0.3, 0.4, 0.5 HRFG-03-HB HRFG-0-B HRFGM-04-HB HRFGM-04-HBTAL","Graphite Mini 04 HB","Japan Stationery","Shopee",1,5.70,5.70,5.70,5.70,1,2025-06-01,2025-06-01,1
"4901480367033","Kokuyo Campus Notebook Dottted B Ruled B5 A4 A5 A6 40-50 Sheets ノ-105BT-DB ノ-5BT-DB ノ-201ATN-DB  ス-T153BT-DB","Size:Twin Ring Memo 50S","Japan Stationery","Lazada",1,2.00,2.00,2.00,2.00,1,2025-06-22,2025-06-22,1
"4902778022160","Uniball Refill for Mitsubishi Multi Function Jetstream Pen SXR-80-07 (0.7mm)","Color family:Black","Japan Stationery","Lazada",1,0.00,0.00,0.00,0.00,1,2025-05-26,2025-05-26,1
