SKU / Barcode,Product Name,Variant / Option,Shop,Platform,Units Sold,Revenue (RM),Avg Selling Price (RM),Min Unit Price (RM),Max Unit Price (RM),Distinct Orders,First Sale,Last Sale,Name Variants Merged
"4901140905346","Iwatani Portable Korean BBQ Yakimaru Smokeless Grill Yakiniku Stove Butane Gas Camping CB-SLG-2","Yakimaru Stove","Elite Camp","Shopee",44,15796.00,359.00,359.00,359.00,44,2025-07-03,2026-06-23,1
"4901140905377","Iwatani Windproof Portable Camping Stove Butane Gas Tafumaru CB-ODX-1 & BC-ODX-JR Junior Tough Maru","Tafumaru Olive","Elite Camp","Shopee",36,13644.00,379.00,379.00,379.00,36,2025-07-03,2026-06-29,1
"4901140898136","LIMITED Iwatani Camping Windproof Portable Stove CB-VT-1","Stove + Casing","Elite Camp","Shopee",87,12789.00,147.00,147.00,147.00,76,2025-07-07,2026-06-17,1
"4902506172891","Japan Version Pentel Graph Gear 500 Drafting Mech Pencil 0.3 0.4 0.5 0.7 0.9mm PG513 PG514 PG515 PG517 PG519","0.5mm","Japan Stationery","Shopee",727,12770.68,17.57,16.90,23.50,674,2025-07-02,2026-06-26,1
"4901140905391","Iwatani Windproof Portable Camping Stove Butane Gas Tafumaru CB-ODX-1 & BC-ODX-JR Junior Tough Maru","Tafumaru Black","Elite Camp","Shopee",33,12507.00,379.00,379.00,379.00,33,2025-07-12,2026-06-25,1
"6977261692081","Ostation X 3-in-1 Rechargeable AA/AAA Battery Charger","AA  (Amber) Kit-EU","Japan Stationery","Shopee",22,9822.00,446.45,297.00,539.00,22,2025-08-19,2026-06-23,2
"4901140905322","Iwatani Portable Grill Stove Aburiya Outdoor Skewer Yakitori BBQ Butane Gas Camping  CB-ABR-2","","Elite Camp","Shopee",24,9330.00,388.75,379.00,397.00,24,2025-09-25,2026-06-27,1
"4901140905933","Iwatani Tatsujin Slim III Portable Gas Stove Outdoor Camping Dapur Gas Takoyaki Emergency CB-SS-50 Hot Sandwich Grill","Tatsujin Stove Black","Elite Camp","Shopee",36,7812.00,217.00,217.00,217.00,28,2025-07-01,2026-06-05,2
"4902778129494","Auto Lead Rotation Uni Kuru Toga Roulette Model Mechanical Pencil (0.5mm)","Gun Metallic Black","Japan Stationery","Shopee",215,7606.50,35.38,31.70,38.70,206,2025-07-01,2026-06-30,1
"4901140905353","Iwatani Cooking Torch CB-TC-CKGR Butane Gas Torch Culinary Burner Fire Gun Lighter Flamethrower","Culinary Torch","Elite Camp","Shopee",39,6475.00,166.03,157.00,179.00,29,2025-07-10,2026-01-29,1
"Iwatani-Gas-CB-250-ML-6can","(order separately) Iwatani Butane Gas Cartridge Refill Canister Portable Stove CB-250-OR Cassette","6 Cans","Elite Camp","Shopee",121,5916.50,48.90,47.90,49.70,121,2025-07-05,2026-04-20,3
"4902778199480","Uni Kuru Toga Pipe Slide Automatic Lead Rotation Mechanical Pencil M5-452","Black","Japan Stationery","Shopee",288,5905.40,20.50,19.70,21.70,228,2025-07-19,2026-06-24,1
"4902506185365","Japan Version Pentel Graph Gear 1000 Drafting Mech Pencil PG1015 0.3 0.4 0.5 0.7 0.9mm Graphgear","0.5mm","Japan Stationery","Shopee",127,4924.90,38.78,37.90,39.70,123,2025-07-19,2026-06-28,1
"4902778130094","Mitsubishi Uni PUREMALT EDITION Jetstream 4 Color & Mechanical Pencil Pure Malt","Pure Malt 4+1","Japan Stationery","Shopee",71,4757.00,67.00,67.00,67.00,62,2025-07-21,2026-05-20,1
"4901140898440","Iwatani Portable Stove CB-AK-1 Compact Grill gas cartridge","Iwatani CB-AK-1","Elite Camp","Shopee",57,4533.00,79.53,79.00,89.00,50,2025-07-23,2026-05-24,1
"4901140905384","Iwatani Windproof Portable Camping Stove Butane Gas Tafumaru CB-ODX-1 & BC-ODX-JR Junior Tough Maru","Tafumaru Jr Black","Elite Camp","Shopee",11,4169.00,379.00,379.00,379.00,11,2025-07-06,2026-06-29,1
"6977261690858","Olight Warrior X3 & X4 Rechargeable Tactical Flashlight Waterproof Torchlight Compact Torch Flash","X4 (Flat Dark Earth)","Japan Stationery","Shopee",10,4130.00,413.00,399.00,419.00,10,2025-09-06,2026-06-08,1
"4901140905322","Iwatani Portable Grill Stove Aburiya Outdoor Skewer Wire Mesh Yakitori BBQ Butane Gas Dapur Camping CB-ABR-1 / CB-ABR-2","","Elite Camp","Lazada",11,3897.58,354.33,303.53,389.41,11,2025-07-01,2026-04-08,1
"6975498000358","Olight Baton 3 (Pro) (Pro Max) Rechargeable Water Proof Magnetic Flash Light Camping Hiking Emergency EDC Torch Light","Baton3ProMAX-Black","Elite Camp","Shopee",14,3871.00,276.50,259.00,450.00,8,2025-08-25,2026-06-30,1
"4901140905377","Iwatani Windproof Portable Camping Stove Butane Gas Tafumaru  Tough Maru CB-ODX-1BC-ODX-JR","Color:Tafumaru Olive | Variation1:Tafumaru Olive","Elite Camp","Lazada",11,3595.02,326.82,291.48,361.63,11,2025-09-17,2026-06-18,1
"6975498001096","Olight Baton 3 (Pro) (Pro Max) Rechargeable Water Proof Magnetic Flash Light Camping Hiking Emergency EDC Torch Light","Baton3ProMAX-ODGreen","Elite Camp","Shopee",13,3583.00,275.62,259.00,277.00,11,2025-08-08,2026-06-05,1
"6977261692111","Ostation X 3-in-1 Rechargeable AA/AAA Battery Charger","AAA (Grey) Kit-EU","Japan Stationery","Shopee",8,3536.00,442.00,345.00,539.00,8,2025-08-02,2026-05-04,2
"4901140904868","Iwatani Windproof Portable Camping Stove Butane Gas Tafumaru CB-ODX-1 & BC-ODX-JR Junior Tough Maru","Tafumaru Jr Olive","Elite Camp","Shopee",9,3411.00,379.00,379.00,379.00,9,2025-07-24,2026-05-25,1
"6975498002604","Olight Warrior X3 & X4 Rechargeable Tactical Flashlight Waterproof Torchlight Compact Torch Flash","X4 Matte Black","Japan Stationery","Shopee",8,3322.00,415.25,399.00,419.00,8,2025-08-20,2026-06-23,1
"6977261690995","Olight Baton 4 Powerful EDC Flashlight 1300 Lumens Rechargeable Water Proof  Flash Light Camping Hiking Torch Light","PremEd Fighter Pilot","Elite Camp","Shopee",9,3285.00,365.00,349.00,367.00,4,2025-09-27,2026-05-26,1
"X001184JVB","rOtring 600 3-in-1 Multi Function Ballpoint Pen (Black, Red ink) Mechanical Pencil (0.5mm) Full Metal rotring","Black (3-in-1)","Japan Stationery","Shopee",14,3206.00,229.00,229.00,229.00,14,2025-07-15,2026-06-14,1
"4902778255148","Uni Kuru Toga Advance Upgrade Model Mechanical Pencil - 0.3 / 0.5 mm Punch Punched Upgraded","0.5mm Black","Japan Stationery","Shopee",78,3125.90,40.08,39.70,69.00,74,2025-07-19,2026-05-03,1
"6975498000549","Olight Marauder Mini Search and Rescue Camping Hiking Emergency Flashlight Waterproof Torchlight Compact Torch Flash","Midnight Blue","Japan Stationery","Shopee",5,3065.00,613.00,597.00,617.00,5,2025-08-08,2026-03-29,1
"6975498005209","Olight Warrior 3S Tactical Flashlight with Proximity Sensor Rechargeable Camping Hiking Torchlight Torch Flash","Regal Blue | Dream Blue","Elite Camp","Shopee",8,3016.00,377.00,365.00,397.00,7,2025-07-01,2026-02-24,2
"4902778129487","Auto Lead Rotation Uni Kuru Toga Roulette Model Mechanical Pencil (0.5mm)","Silver","Japan Stationery","Shopee",86,2968.20,34.51,33.70,38.70,81,2025-07-06,2026-04-05,1
"6975498003038","Olight Baton 4 Powerful EDC Flashlight 1300 Lumens Rechargeable Water Proof Camping Hiking Torch","Premium Black","Japan Stationery","Shopee",8,2900.00,362.50,349.00,367.00,5,2025-07-24,2026-06-22,1
"4580742231338","DOD Yadokari Tent T6-662 Camping Hiking Khemah Japan","Yadokari Tent Tan","Elite Camp","Shopee",1,2877.00,2877.00,2877.00,2877.00,1,2026-02-11,2026-02-11,1
"4901140898044","Iwatani Cooking Torch CB-TC-CKGR Butane Gas Torch Culinary Burner Fire Gun Lighter Flamethrower","Torch (white)","Elite Camp","Shopee",16,2864.00,179.00,179.00,179.00,15,2025-11-22,2026-06-29,1
"4902778352984","Uni Mitsubishi Uniball ZENTO Signature Gel Pen 0.38/0.5mm UBZH38.26 UBZH05M.24","Stone Brass 0.5mm","Japan Stationery","Shopee",11,2856.70,259.70,259.70,259.70,9,2026-05-20,2026-06-25,1
"6975498000648","Olight Perun 3 & Perun 2 Mini Waterproof Headlight Camping Hiking Fishing Flashlight Torchlight Compact Torch Headlamp","Perun 2 Mini","Japan Stationery","Shopee",13,2797.00,215.15,199.00,229.00,9,2025-08-26,2026-05-07,2
"6975498005193","Olight Baton 3 (Pro) (Pro Max) Rechargeable Water Proof Magnetic Flash Light Camping Hiking Emergency EDC Torch Light","Baton3Pro-Roadster","Elite Camp","Shopee",11,2675.00,243.18,219.00,257.00,9,2025-08-26,2026-04-13,1
"3501179044439","rOtring 600 Full Metal Drafting Pencil (0.3, 0.5, 0.7, 2.0 mm) Ballpoint Pen (1.0 mm) rotring","Pencil 0.5mm Black","Japan Stationery","Shopee",20,2668.00,133.40,127.00,159.00,19,2025-10-08,2026-06-17,1
"6975498006435","Olight Baton 4 Powerful EDC Flashlight 1300 Lumens Rechargeable Water Proof Camping Hiking Torch","Premium Regal Blue","Japan Stationery","Shopee",7,2569.00,367.00,367.00,367.00,1,2026-02-24,2026-02-24,1
"6975498007357","Olight Baton 3 (Pro) (Pro Max) Rechargeable Water Proof Magnetic Flash Light Camping Hiking Emergency EDC Torch Light","Baton3ProMAX-Orange","Elite Camp","Shopee",9,2493.00,277.00,277.00,277.00,9,2025-07-09,2026-03-10,1
"6975498000495","Olight Marauder Mini Search and Rescue Camping Hiking Emergency Flashlight Waterproof Torchlight Compact Torch Flash","Black","Elite Camp","Shopee",4,2478.00,619.50,597.00,627.00,4,2025-09-29,2026-05-29,1
"6972378121615","Olight Marauder 2 14000 Lumens Super Powerful Flashlight Waterproof Rechargeable Powerbank Emergency Shockproof Torch Li","Black","Elite Camp","Shopee",2,2394.00,1197.00,1197.00,1197.00,2,2025-11-17,2025-11-21,1
"6972378124524","Olight i1R 2 Rechargeable Keychain Flashlight i1R2 Pro imorse Instant Camping Hiking Torchlight Small Portable Mini","i1R 2 PRO - Black | Pro - Black","Japan Stationery","Shopee",34,2335.80,68.70,68.70,68.70,29,2025-08-12,2026-06-27,2
"6975498006473","Olight Baton 3 (Pro) (Pro Max) Rechargeable Water Proof Magnetic Flash Light Camping Hiking Emergency EDC Torch Light","Baton3ProMAX-Stone","Elite Camp","Shopee",7,2281.00,325.86,259.00,337.00,7,2025-08-21,2026-04-25,1
"6975498001348","Olight Baton 3 (Pro) (Pro Max) Rechargeable Water Proof Magnetic Flash Light Camping Hiking Emergency EDC Torch Light","Baton3Pro-DessertTan","Elite Camp","Shopee",10,2270.00,227.00,227.00,227.00,10,2025-07-18,2026-01-17,1
"4902778302323","Uni Mitsubishi Smudge-Proof Lead with Metal Case 0.3/0.5 mm UL-SM-0.3 UL-SM-0.5","HB (0.5) | Refill MC 0.5mm HB","Japan Stationery","Shopee",45,2262.50,50.28,49.70,75.70,45,2025-07-03,2026-06-26,2
"6972378125538","Olight Warrior 3S Tactical Flashlight with Proximity Sensor Rechargeable Camping Hiking Torchlight Torch Flash","Black","Elite Camp","Shopee",6,2198.00,366.33,337.00,397.00,6,2025-10-16,2026-05-01,2
"6972378121615","Olight Marauder 2 14000 Lumens Super Powerful Flashlight Waterproof Rechargeable Powerbank Emergency Shockproof Torch Li","Black","Japan Stationery","Shopee",2,2194.00,1097.00,997.00,1197.00,2,2025-11-23,2026-06-18,1
"6972378125538","Olight Warrior 3S Tactical Flashlight with Proximity Sensor Rechargeable Camping Hiking Torchlight","Black","Japan Stationery","Shopee",6,2162.00,360.33,337.00,365.00,6,2025-08-11,2026-06-06,1
"3501179044552","rOtring Trio 3in1 / Quattro 4in1 Gravity Mechanism Multi Function Pen Graphite","Quattro 4in1Graphite","Japan Stationery","Shopee",9,2151.00,239.00,239.00,239.00,9,2025-11-29,2026-04-16,1
"4902778090596","Mitsubishi Uni Multi Function Pen 4-in-1: 3 Color & Mechanical Pencil Pure Malt Premium","3+1 Premium","Japan Stationery","Shopee",9,2133.00,237.00,237.00,237.00,9,2025-09-24,2026-04-13,1
"6977261692449","Olight Baton 4 Powerful EDC Flashlight 1300 Lumens Rechargeable Water Proof Camping Hiking Torch","Premium Guidance","Japan Stationery","Shopee",6,2112.00,352.00,349.00,367.00,5,2026-03-26,2026-06-30,1
"4902778199497","Uni Kuru Toga Pipe Slide Automatic Lead Rotation Mechanical Pencil M5-452","Blue","Japan Stationery","Shopee",101,2063.70,20.43,19.70,21.70,92,2025-07-01,2026-06-28,1
"4903419818937","Original Lihit Lab Pen / Pencil Case - Smart Fit Compact Type","Blue","Japan Stationery","Shopee",48,1902.00,39.63,37.90,39.70,48,2025-07-01,2026-06-04,2
"4901681491933","Original Japan Zebra Mildliner Double Sided Highlighter Set - Pack of 5 Colors","WKT7-5C-YC","Japan Stationery","Shopee",77,1851.30,24.04,17.90,30.00,76,2025-07-02,2026-06-30,1
"6977261693156","Olight Baton 4 Powerful EDC Flashlight 1300 Lumens Rechargeable Water Proof Camping Hiking Torch","Premium Noctural Sen","Japan Stationery","Shopee",5,1835.00,367.00,367.00,367.00,1,2026-03-25,2026-03-25,1
"6972378129062","Olight Warrior 3S Tactical Flashlight with Proximity Sensor Rechargeable Camping Hiking Torchlight Torch Flash","OD Green","Elite Camp","Shopee",5,1829.00,365.80,337.00,397.00,5,2025-07-12,2026-05-09,2
"6975498001300","Olight Baton 3 (Pro) (Pro Max) Rechargeable Water Proof Magnetic Flash Light Camping Hiking Emergency EDC Torch Light","Baton3Pro-Black","Elite Camp","Shopee",8,1800.00,225.00,219.00,227.00,8,2025-08-02,2026-06-30,1
"6975498001324","Olight Baton 3 (Pro) (Pro Max) Rechargeable Water Proof Magnetic Flash Light Camping Hiking Emergency EDC Torch Light","Baton3Pro-ODGreen","Elite Camp","Shopee",8,1800.00,225.00,219.00,227.00,8,2025-12-16,2026-06-10,1
"6975498002291","Olight Seeker 4 Pro/Mini Waterproof Rechargeable Flashlight Camping Hiking UV Emergency Compact","S4 Pro - Matte Black","Japan Stationery","Shopee",4,1796.00,449.00,439.00,459.00,4,2025-12-28,2026-05-13,1
"4902778199473","Uni Kuru Toga Pipe Slide Automatic Lead Rotation Mechanical Pencil M5-452","Pink","Japan Stationery","Shopee",86,1788.20,20.79,19.70,21.70,81,2025-07-01,2026-06-26,1
"4902778322284","Uni Mitsubishi Uniball ZENTO Basic Standard Flow Gel Pens 0.38/0.5mm UBNZS38.15 UBNZS38 UBNZS05","Flow Hematite 0.5","Japan Stationery","Shopee",30,1780.00,59.33,48.70,59.70,27,2025-07-25,2026-06-25,1
"6977261690834","Olight Oclip & oclip Pro Rechargable EDC Flashlight White & Red Light","Pro - Orange | Pro-Orange","Japan Stationery","Shopee",11,1765.00,160.45,149.00,169.00,11,2025-07-29,2026-06-09,1
"4902778267745","Jetstream 4+1 Metal Edition - Mitsubishi Uni 4 Color (0.5mm) & Mechanical Pencil (0.5mm)","Gun metallic","Japan Stationery","Shopee",22,1753.40,79.70,79.70,79.70,22,2025-07-08,2026-04-21,1
"6975498004547","Olight Oclip & oclip Pro Rechargable EDC Flashlight White & Red Light","Oclip Pro | Pro-Black","Japan Stationery","Shopee",11,1711.00,155.55,149.00,157.00,11,2025-07-28,2026-05-10,1
"4902778255117","Uni Kuru Toga Advance Upgrade Model Mechanical Pencil - 0.3 / 0.5 mm Punch Punched Upgraded","0.5mm White","Japan Stationery","Shopee",43,1707.10,39.70,39.70,39.70,43,2025-07-20,2026-05-12,1
"4901681847396","Sarasa Nano 0.38 Limited Edition Winnie the Pooh W280 Zebra Japan Disney JJX72-DSWP-BK1 JJX72-DSWP-VSB JJX72-DSWP-4C","Limited Set 4pc 0.38","Japan Stationery","Shopee",28,1699.60,60.70,60.70,60.70,26,2025-10-10,2026-04-27,2
"4902778322307","Uni Mitsubishi Uniball ZENTO Signature Gel Pen 0.38/0.5mm UBZH38.26 UBZH05M.24","Signature Metallic B | Metallic B","Japan Stationery","Shopee",7,1677.90,239.70,239.70,239.70,7,2025-10-09,2026-06-30,1
"4901140905155","Iwatani Tatsujin Slim III Portable Gas Stove Outdoor Camping Dapur Gas Takoyaki Emergency CB-SS-50","Yakiniku Plate (L)","Elite Camp","Shopee",12,1654.00,137.83,137.00,138.00,11,2025-07-19,2026-06-01,1
"4901681491940","Original Japan Zebra Mildliner Double Sided Highlighter Set - Pack of 5 Colors","WKT7-5C-NTC","Japan Stationery","Shopee",69,1650.80,23.92,17.90,30.00,69,2025-07-01,2026-06-30,1
"6975498003687","Olight Javelot & Javelot Mini & Javelot Pro Waterproof Flashlight Rechargeable Emergency Camping","Javelot Black","Japan Stationery","Shopee",4,1616.00,404.00,389.00,449.00,2,2025-08-23,2026-05-15,1
"6975498001713","Olight Warrior Mini 3 Rechargeable Tactical Flashlight Waterproof Torchlight Camping Hiking Compact Torch Flash","Black","Japan Stationery","Shopee",6,1562.00,260.33,237.00,265.00,6,2025-07-08,2026-05-29,1
"4902506172921","Japan Version Pentel Graph Gear 500 Drafting Mech Pencil 0.3 0.4 0.5 0.7 0.9mm PG513 PG514 PG515 PG517 PG519","0.3mm","Japan Stationery","Shopee",76,1558.00,20.50,19.70,23.50,72,2025-07-25,2026-04-30,1
"6977261693934","Olight Oclip & oclip Pro Rechargable EDC Flashlight White & Red Light","Pro-Phantom Squadron","Japan Stationery","Shopee",10,1538.00,153.80,149.00,157.00,10,2026-01-15,2026-05-14,1
"4901140898594","Iwatani Multi Cut Grill CB-MCG-1 Portable Korean BBQ Smokeless Grill Yakiniku Takoyaki","Stove Set","Elite Camp","Shopee",4,1516.00,379.00,379.00,379.00,4,2026-05-28,2026-06-13,1
"6975498006411","Olight Baton 4 Powerful EDC Flashlight 1300 Lumens Rechargeable Water Proof  Flash Light Camping Hiking Torch Light","Premium OD Green","Elite Camp","Shopee",4,1510.00,377.50,349.00,387.00,4,2025-11-14,2026-05-26,1
"6975498003908","Olight Baton 4 Powerful EDC Flashlight 1300 Lumens Rechargeable Water Proof Camping Hiking Torch","Premium White","Japan Stationery","Shopee",4,1468.00,367.00,367.00,367.00,2,2026-02-17,2026-03-03,1
"4902778255124","Uni Kuru Toga Advance Upgrade Model Mechanical Pencil - 0.3 / 0.5 mm Punch Punched Upgraded","0.5mm Navy","Japan Stationery","Shopee",37,1462.90,39.54,37.70,39.70,36,2025-07-20,2026-06-26,1
"6975498003670","Olight Prowess Multifunctional Flashlight with Bidirectional Lighting Camping Hiking","Black","Elite Camp","Shopee",3,1461.00,487.00,487.00,487.00,3,2025-09-02,2026-02-17,1
"6972378129062","Olight Warrior 3S Tactical Flashlight with Proximity Sensor Rechargeable Camping Hiking Torchlight","OD Green","Japan Stationery","Shopee",4,1460.00,365.00,365.00,365.00,4,2025-07-12,2026-03-19,1
"4902506185365","Japan Version Pentel Graph Gear 1000 Drafting Mech Pencil PG1015 0.3 0.4 0.5 0.7 0.9mm Graphgear 1000 Limited Edition","Variation3:0.5mm","Japan Stationery","Lazada",44,1421.62,32.31,26.58,37.09,42,2025-07-19,2026-06-30,1
"4902778716144","Mitsubishi Uni Multi Function Pen 2 Color & Mechanical Pencil Pure Malt Premium","2+1 Wood","Japan Stationery","Shopee",11,1419.00,129.00,129.00,129.00,11,2025-08-08,2026-06-30,1
"4903419819828","Original Lihit Lab Pen / Pencil Case - Book Type A-7551 A7551","Jet Black","Japan Stationery","Shopee",30,1401.00,46.70,46.70,46.70,29,2025-12-30,2026-04-22,1
"4895151500037","rOtring 600 Full Metal Drafting Pencil (0.3, 0.5, 0.7, 2.0 mm) Ballpoint Pen (1.0 mm) rotring","Pen Black","Japan Stationery","Shopee",10,1398.00,139.80,127.00,159.00,10,2026-01-23,2026-05-05,1
"6977261691527","Olight Oclip & oclip Pro Rechargable EDC Flashlight White & Red Light","Pro (OD Green) | Pro-OD Green","Japan Stationery","Shopee",9,1395.00,155.00,149.00,157.00,9,2025-07-28,2026-06-21,1
"6972378124494","Olight Javelot & Javelot Mini & Javelot Pro Waterproof Flashlight Rechargeable Emergency Camping","Javelot Pro 2","Japan Stationery","Shopee",2,1394.00,697.00,697.00,697.00,2,2026-03-15,2026-03-16,1
"6977261692753","Olight Oclip & oclip Pro Rechargable EDC Flashlight White & Red Light","Pro White | Pro-White","Japan Stationery","Shopee",9,1393.00,154.78,149.00,157.00,9,2025-08-15,2026-06-20,1
"4902778129494","Auto Lead Rotation Uni Kuru Toga Roulette Model Mechanical Pencil (0.5mm)","Color:Gun Metallic Black | Color family:Gun Metallic Black","Japan Stationery","Lazada",36,1390.94,38.64,32.52,43.31,35,2025-07-04,2026-06-27,1
"6975498006169","Olight Seeker 4 Pro/Mini Waterproof Rechargeable Flashlight Camping Hiking UV Emergency Compact","S4 Pro -MidnightBlue","Japan Stationery","Shopee",3,1347.00,449.00,439.00,459.00,3,2026-02-15,2026-06-22,1
"5702015868043","LEGO Boost Creative Toolbox 17101 Fun Robot Building Set and Educational Coding Kit for Kids","Creative Toolbox","Japan Stationery","Shopee",1,1299.00,1299.00,1299.00,1299.00,1,2026-06-25,2026-06-25,1
"4901140905391","Iwatani Windproof Portable Camping Stove Butane Gas Tafumaru  Tough Maru CB-ODX-1BC-ODX-JR","Color:Tafumaru Black","Elite Camp","Lazada",4,1298.31,324.58,291.48,345.00,4,2025-09-09,2026-02-14,1
"4901140904752","Iwatani Tatsujin Slim III Portable Gas Stove Outdoor Camping Dapur Gas Takoyaki Emergency CB-SS-50 Hot Sandwich Grill","Hard Case","Elite Camp","Shopee",12,1296.00,108.00,108.00,108.00,12,2025-07-01,2026-05-30,2
"4005556268924","Original Ravensburger Minecraft: Builders & Biome Board Game Strategy","Builder & Biom","Japan Stationery","Shopee",5,1285.00,257.00,257.00,257.00,5,2025-12-01,2026-05-04,1
"6975498000648","Olight Perun 2 & Perun 2 Mini Waterproof Headlight Camping Hiking Fishing Flashlight Torchlight Compact Torch Headlamp","Perun 2 Mini","Elite Camp","Shopee",6,1284.00,214.00,199.00,229.00,6,2025-09-03,2026-06-29,2
"4901681688760","Original Japan Zebra Mildliner Double Sided Highlighter Set - Pack of 5 Colors","2025 WKT7-5C-OT | WKT7-5C-OT","Japan Stationery","Shopee",51,1283.90,25.17,17.90,28.70,49,2025-07-06,2026-06-28,1
"6977261694368","Olight ArkPro Class 3R Flat Unibody EDC Flashlight with Multi-Light Sources","Phantom Squadron","Japan Stationery","Shopee",3,1282.00,427.33,410.00,462.00,3,2026-05-08,2026-05-26,1
"4902778267738","Jetstream 4+1 Metal Edition - Mitsubishi Uni 4 Color (0.5mm) & Mechanical Pencil (0.5mm)","Dark Green","Japan Stationery","Shopee",16,1275.20,79.70,79.70,79.70,15,2025-07-16,2026-05-11,1
"6975498000532","Olight Marauder Mini Search and Rescue Camping Hiking Emergency Flashlight Waterproof Torchlight Compact Torch Flash","Orange","Elite Camp","Shopee",2,1254.00,627.00,627.00,627.00,2,2025-07-02,2025-07-08,1
"6975498002918","Olight Baton 4 Powerful EDC Flashlight 1300 Lumens Rechargeable Water Proof Camping Hiking Torch","Black","Japan Stationery","Shopee",6,1254.00,209.00,199.00,219.00,6,2025-08-02,2026-06-28,1
"6975498006404","Olight Baton 4 Powerful EDC Flashlight 1300 Lumens Rechargeable Water Proof Camping Hiking Torch","OD Green","Japan Stationery","Shopee",6,1254.00,209.00,199.00,219.00,6,2025-11-04,2026-06-23,1
"697726169388 0","Olight ArkPro Class 3R Flat Unibody EDC Flashlight with Multi-Light Sources","Matte Black","Japan Stationery","Shopee",3,1250.00,416.67,410.00,420.00,3,2026-05-16,2026-06-09,1
"6977261692173","Olight i1R 2 Rechargeable Keychain Flashlight i1R2 Pro imorse Instant Camping Hiking Torchlight Small Portable Mini","OD Green | Pro - OD Green","Japan Stationery","Shopee",18,1239.60,68.87,68.70,69.70,17,2025-10-10,2026-06-27,2
"6977261690988","Olight Arkfeld Pro & Ultra Green Laser & White Light Dual Slim Flashlight Waterproof Torchlight","Ultra Black | Ultra Olive Grey","Japan Stationery","Shopee",3,1238.00,412.67,399.00,440.00,3,2025-10-25,2026-06-09,1
"6975498000983","Olight Marauder Mini Search and Rescue Camping Hiking Emergency Flashlight Waterproof Torchlight Compact Torch Flash","OD Green","Japan Stationery","Shopee",2,1234.00,617.00,617.00,617.00,2,2025-09-29,2025-11-18,1
"6975498007647","Olight Marauder Mini Search and Rescue Camping Hiking Emergency Flashlight Waterproof Torchlight Compact Torch Flash","Blue","Japan Stationery","Shopee",2,1234.00,617.00,617.00,617.00,2,2025-10-08,2025-10-16,1
"4902506172969","Japan Version Pentel Graph Gear 500 Drafting Mech Pencil 0.3 0.4 0.5 0.7 0.9mm PG513 PG514 PG515 PG517 PG519","0.9mm","Japan Stationery","Shopee",61,1230.19,20.17,19.47,29.90,43,2025-07-01,2026-05-01,1
"6975498007647","Olight Marauder Mini Search and Rescue Camping Hiking Emergency Flashlight Waterproof Torchlight Compact Torch Flash","Blue","Elite Camp","Shopee",2,1224.00,612.00,597.00,627.00,2,2026-02-14,2026-04-14,1
"4903419818913","Original Lihit Lab Pen / Pencil Case - Smart Fit Compact Type","Red","Japan Stationery","Shopee",30,1189.20,39.64,37.90,39.70,30,2025-07-02,2025-12-12,2
"4902778322277","Uni Mitsubishi Uniball ZENTO Basic Standard Flow Gel Pens 0.38/0.5mm UBNZS38.15 UBNZS38 UBNZS05","Flow Jade 0.5","Japan Stationery","Shopee",20,1183.80,59.19,49.50,59.70,20,2025-07-19,2026-06-30,1
"6977261691824","Olight Warrior Ultra 2500 Lumens Tactical Flashlight with OAL Material","Olive Green","Elite Camp","Shopee",2,1158.00,579.00,579.00,579.00,2,2025-08-15,2025-09-09,1
"4902778255131","Uni Kuru Toga Advance Upgrade Model Mechanical Pencil - 0.3 / 0.5 mm Punch Punched Upgraded","0.5mm Red","Japan Stationery","Shopee",29,1151.30,39.70,39.70,39.70,29,2025-09-26,2026-06-01,1
"6975498001652","Olight imini 2 Rechargeable Mini Flashlight Instant Activation Camping Hiking Torchlight Small Portable","Black","Elite Camp","Shopee",18,1142.00,63.44,57.00,67.00,16,2025-08-13,2026-06-24,1
"48x Iwatani-Gas-CB-250","[separate order][bulk order] Iwatani Butane Gas Cartridge Refill Canister Portable Cassette Carton","48 Cans (1carton)","Elite Camp","Shopee",3,1137.00,379.00,379.00,379.00,3,2026-04-04,2026-04-12,1
"6975498005483","Olight Oclip & oclip Pro Rechargable EDC Flashlight White & Red Light","Orange","Japan Stationery","Shopee",9,1123.00,124.78,109.00,150.00,9,2025-07-16,2026-06-16,1
"4902506172952","Japan Version Pentel Graph Gear 500 Drafting Mech Pencil 0.3 0.4 0.5 0.7 0.9mm PG513 PG514 PG515 PG517 PG519","0.7mm","Japan Stationery","Shopee",53,1117.70,21.09,19.70,29.90,49,2025-07-05,2026-04-08,1
"4902506335708","Pentel Orenz Nero Mechanical Drafting Pencil (0.2mm, 0.3mm, 0.5mm) Spring loaded Metal Auto Feed","0.2mm","Japan Stationery","Shopee",11,1096.70,99.70,99.70,99.70,10,2025-07-26,2026-04-14,1
"4903419832766","Original Lihit Lab Pen / Pencil Case - Book Type XXL (Triple) A-7556 A7556","XXL | Black","Japan Stationery","Shopee",11,1096.70,99.70,99.70,99.70,11,2025-10-29,2026-06-15,1
"6975498006138","Olight Warrior 3S Tactical Flashlight with Proximity Sensor Rechargeable Camping Hiking Torchlight","Regal Blue","Japan Stationery","Shopee",3,1095.00,365.00,365.00,365.00,3,2025-12-22,2026-03-07,1
"4901140905933","Iwatani Tatsujin Slim III Portable Gas Stove Outdoor Camping Dapur Gas Teppanyaki Sukiyaki Takoyaki Emergency CB-SS-50","Tatsujin Stove Black","Elite Camp","Lazada",5,1085.89,217.18,205.78,221.29,4,2026-02-02,2026-06-21,1
"6977261692272","Olight imini 2 Rechargeable Mini Flashlight Instant Activation Camping Hiking Torchlight Small Portable","Dream Blue","Elite Camp","Shopee",17,1077.00,63.35,57.00,67.00,16,2025-08-08,2026-06-03,1
"6977261691985","Olight Oclip Ultra Rechargeable Torch 530 lumens","Olive Green","Elite Camp","Shopee",5,1075.00,215.00,209.00,219.00,5,2025-08-23,2026-04-29,1
"6975498006190","Olight Arkfeld Pro & Ultra Green Laser & White Light Dual Slim Flashlight Waterproof Torchlight","Pro Class 3R Orange","Japan Stationery","Shopee",3,1073.00,357.67,355.00,359.00,3,2026-02-19,2026-06-02,1
"6975498001652","Olight imini 2 Rechargeable Mini Flashlight Instant Activation Camping Hiking Torchlight Small Portable","Black","Japan Stationery","Shopee",17,1069.00,62.88,57.00,67.00,16,2025-07-07,2026-05-25,1
"6975498005025","Olight Arkfeld Pro & Ultra Green Laser & White Light Dual Slim Flashlight Waterproof Torchlight","pro olive green | Pro Olive Green","Japan Stationery","Shopee",3,1065.00,355.00,355.00,355.00,3,2025-07-31,2025-08-25,1
"4902506188397","Japan Version Pentel Graph Gear 1000 Drafting Mech Pencil PG1015 0.3 0.4 0.5 0.7 0.9mm Graphgear","0.7mm","Japan Stationery","Shopee",27,1062.90,39.37,37.90,39.70,25,2025-09-25,2026-05-30,1
"4902778272404","Uni Mitsubishi Mechanical Pencil Refill Leads 0.3/0.4/0.5/0.7/0.9 mm UL-S-0.3-25 1P","2B (0.5)","Japan Stationery","Shopee",118,1050.20,8.90,8.90,8.90,89,2025-07-06,2026-06-28,1
"6975498007685","Olight Warrior Mini 3 Rechargeable Tactical Flashlight Waterproof Torchlight Camping Hiking Compact Torch Flash","Midnight Horizon","Elite Camp","Shopee",3,1047.00,349.00,349.00,349.00,3,2025-07-16,2025-09-08,1
"6975498002703","Olight Oclip & oclip Pro Rechargable EDC Flashlight White & Red Light","Black","Japan Stationery","Shopee",9,1041.00,115.67,109.00,129.00,9,2025-07-03,2026-06-21,1
"4902778267721","Jetstream 4+1 Metal Edition - Mitsubishi Uni 4 Color (0.5mm) & Mechanical Pencil (0.5mm)","Pink Gold","Japan Stationery","Shopee",13,1036.10,79.70,79.70,79.70,13,2025-07-27,2026-05-29,1
"6975498002901","Olight i3T & i3T2 Small Flashlight Dual Outpot Slim EDC Camping Hiking Torchlight Small Portable","I3T 2 EOS | I3T 2 - Black","Japan Stationery","Shopee",13,1032.50,79.42,79.00,80.00,13,2025-12-12,2026-06-10,1
"6972378124142","OLIGHT Swivel Compact Rechargeable Magnetic COB Work Light, 400 Lumens LED Adjustable Magnetic","Black","Elite Camp","Shopee",8,1032.00,129.00,129.00,129.00,8,2025-08-30,2026-01-22,1
"3501179042923","rOtring Rapid Pro Full Metal Drafting Pencil (0.5, 0.7, 2.0 mm) Ballpoint Pen (1.0mm) Black/Silver RapidPro rotring","Rapid Pro Pen Black","Japan Stationery","Shopee",7,1029.00,147.00,147.00,147.00,6,2025-07-19,2026-06-03,1
"6975498004417","Olight imini 2 Rechargeable Mini Flashlight Instant Activation Camping Hiking Torchlight Small Portable","Orange","Elite Camp","Shopee",16,1024.00,64.00,57.00,67.00,13,2025-08-05,2026-06-08,1
"6977261691008","Olight Baton 4 Powerful EDC Flashlight 1300 Lumens Rechargeable Water Proof Camping Hiking Torch","Fighter Pilot","Japan Stationery","Shopee",5,1015.00,203.00,199.00,219.00,5,2025-11-07,2026-06-29,1
"6977261692951","Olight Perun 3 & Perun 3 Mini Waterproof Headlight Camping Hiking Fishing Flashlight Torchlight Compact Torch Headlamp","Perun 3 Dream Blue","Elite Camp","Shopee",3,1011.00,337.00,337.00,337.00,3,2026-05-05,2026-05-21,1
"3501179044491","rOtring 800 Ballpoint pen / Pencil - Premium Office Gift Executive Signature Pen","800 Pencil 0.5 Silve","Japan Stationery","Shopee",4,996.00,249.00,249.00,249.00,4,2025-07-22,2026-05-19,1
"4895151500068","rOtring 800 Ballpoint pen / Pencil - Premium Office Gift Executive Signature Pen","800 Pen Silver BP","Japan Stationery","Shopee",4,996.00,249.00,249.00,249.00,4,2025-10-24,2026-04-13,1
"4895151500051","rOtring 800 Ballpoint pen / Pencil - Premium Office Gift Executive Signature Pen","800 Pen Black BP","Japan Stationery","Shopee",4,996.00,249.00,249.00,249.00,4,2025-11-06,2026-05-03,1
"3501179044477","rOtring 800 Ballpoint pen / Pencil - Premium Office Gift Executive Signature Pen","800 Pencil 0.5 Black","Japan Stationery","Shopee",4,996.00,249.00,249.00,249.00,4,2025-12-11,2026-04-01,1
"4902778220900","Uni Kuru Toga Advance Automatic Lead Rotation (2X rotation speed) Mechanical Pencil (0.5mm)","Black","Japan Stationery","Shopee",40,988.00,24.70,24.70,24.70,37,2025-07-03,2026-06-27,1
"4901140905131-DU","Iwatani Windproof Portable Camping Stove Butane Gas Tafumaru CB-ODX-1 & BC-ODX-JR Junior Tough Maru","Amiyaki Plate","Elite Camp","Shopee",5,980.00,196.00,188.00,198.00,5,2025-12-16,2026-05-03,1
"4955414926896","Staedtler 925 -35 Drafting Mechanical Pencil Metal Body(0.3, 0.5, 0.7, 0.9, 2.0)","0.5mm","Japan Stationery","Shopee",14,975.10,69.65,68.70,82.00,14,2025-10-10,2026-06-19,1
"6975498002291","Olight Seeker 4 Pro/Mini Waterproof Rechargeable Flashlight Camping Fishing UV Emergency Torch","S4 Pro - Matte Black","Elite Camp","Shopee",2,974.00,487.00,487.00,487.00,2,2025-12-22,2026-01-15,1
"6975498002116","Olight Seeker 4 Pro/Mini Waterproof Rechargeable Flashlight Camping Hiking UV Emergency Compact","S4 - Matte Black","Japan Stationery","Shopee",3,974.00,324.67,280.00,347.00,3,2025-12-28,2026-03-29,1
"6977261694962","Olight Baton 4 Pro Dual Switch High Lumen Compact EDC Flashligh","Baton Ultra","Japan Stationery","Shopee",2,960.00,480.00,480.00,480.00,2,2026-05-29,2026-06-29,1
"ARI-GRILL","Replacement Grill for Iwatani Portable Stove Aburiya Outdoor Skewer Wire Mesh Yakitori BBQ Butane Gas Camping CB-ABR-AMI","","Elite Camp","Shopee",11,957.00,87.00,87.00,87.00,11,2025-08-27,2026-05-06,1
"4901991637090","Tombow Airpress Pressurized Ballpoint Pen - 0.7 mm","Transparent","Japan Stationery","Shopee",26,954.20,36.70,36.70,36.70,25,2025-09-04,2026-06-14,1
"6975498001713","Olight Warrior Mini 3 Rechargeable Tactical Flashlight Waterproof Torchlight Camping Hiking Compact Torch Flash","Black","Elite Camp","Shopee",3,935.00,311.67,237.00,349.00,3,2025-09-12,2026-06-29,1
"6975498006305","Olight Seeker 4 Pro/Mini Waterproof Rechargeable Flashlight Camping Fishing UV Emergency Torch","S4 Pro - White","Elite Camp","Shopee",2,926.00,463.00,439.00,487.00,2,2025-09-20,2026-05-15,1
"6977261694375","Olight ArkPro Class 3R Flat Unibody EDC Flashlight with Multi-Light Sources","Slver Graphite","Japan Stationery","Shopee",2,924.00,462.00,462.00,462.00,2,2026-06-03,2026-06-04,1
"4901770709710","Metacil Non sharpening Metal Pencil (Metal Body) for Artist Drawing, Sketching SUN-STAR Stylish Japan premium","Metallic Blue","Japan Stationery","Shopee",23,913.10,39.70,39.70,39.70,22,2025-07-05,2026-06-24,1
"6975498005056","Olight Seeker 4 Pro/Mini Waterproof Rechargeable Flashlight Camping Hiking UV Emergency Compact","S4 - Red","Japan Stationery","Shopee",3,907.00,302.33,280.00,347.00,3,2026-03-22,2026-04-16,1
"6972378124142","OLIGHT Swivel Compact Rechargeable Magnetic COB Work Light, 400 Lumens LED Adjustable Stand with Magnetic Base Hang","Black","Japan Stationery","Shopee",7,903.00,129.00,129.00,129.00,7,2025-08-15,2025-12-30,1
"6975498001300","Olight Baton 3 (Pro) (Pro Max) Rechargeable Water Proof Magnetic Flash Light Camping Hiking Emergency EDC Torch Light","Baton 3 Pro,Black","Japan Stationery","Shopee",4,900.00,225.00,219.00,227.00,4,2025-09-22,2026-05-28,1
"6975498007371","Olight Seeker 4 Pro/Mini Waterproof Rechargeable Flashlight Camping Hiking UV Emergency Compact","S4 Mini - OD Green","Japan Stationery","Shopee",4,897.00,224.25,210.00,229.00,4,2025-07-23,2026-05-17,1
"3501179044453","rOtring 600 Full Metal Drafting Pencil (0.3, 0.5, 0.7, 2.0 mm) Ballpoint Pen (1.0 mm) rotring","Pencil 0.5mm Silver","Japan Stationery","Shopee",7,889.00,127.00,127.00,127.00,7,2025-10-18,2026-06-27,1
"3026981142628","rOtring 600 Special Color Edition Full Metal Drafting Pencil (0.5 mm), Ballpoint Pen, Blue / Red / Green rotring","Blue Ballpoint Pen","Japan Stationery","Shopee",7,889.00,127.00,127.00,127.00,6,2025-10-19,2026-05-04,1
"6977261690070","Olight Arkfeld Pro & Ultra Green Laser & White Light Dual Slim Flashlight Waterproof Torchlight","Ultra Class 3R Olive","Japan Stationery","Shopee",2,880.00,440.00,440.00,440.00,2,2026-01-15,2026-03-01,1
"6977261692364","Olight Oclip Ultra Rechargeable Torch 530 lumens","Navy Blue","Elite Camp","Shopee",4,876.00,219.00,219.00,219.00,4,2025-09-01,2025-11-28,1
"6977261690971","Olight Arkfeld Pro & Ultra Green Laser & White Light Dual Slim Flashlight Waterproof Torchlight","Ultra Class 3R Grey","Japan Stationery","Shopee",2,859.00,429.50,419.00,440.00,2,2026-01-17,2026-04-12,1
"4901140905209","Iwatani Tatsujin Slim III Portable Gas Stove Outdoor Camping Dapur Gas Takoyaki Emergency CB-SS-50 Hot Sandwich Grill","Cooking Bowl","Elite Camp","Shopee",8,856.00,107.00,107.00,107.00,8,2025-07-01,2026-04-17,2
"4902778301470","Uni Mitsubishi Kuro Toga Dive Mechanical Pencil 0.5 mm M5-5000 1P","Abyss Blue","Japan Stationery","Shopee",3,855.00,285.00,279.00,297.00,3,2026-03-29,2026-05-31,1
"4901140898136","LIMITED Iwatani Camping Windproof Portable Stove CB-VT-1","Type:Stove + Casing","Elite Camp","Lazada",6,848.45,141.41,133.00,152.30,6,2025-09-28,2026-03-15,1
"4903419842093","Original Lihit Lab Pen / Pencil Case - Book Type A-7551 A7551","Black","Japan Stationery","Shopee",18,840.60,46.70,46.70,46.70,17,2025-12-24,2026-03-24,1
"6975498007494","Olight Warrior X3 & X4 Rechargeable Tactical Flashlight Waterproof Torchlight Compact Torch Flash","X3 Gunmetal Grey","Japan Stationery","Shopee",2,838.00,419.00,419.00,419.00,2,2025-10-20,2026-01-03,1
"4955414924441","Staedtler All Black 925 Drafting Mechanical Pencil Metal Body(0.3, 0.5, 2.0)","0.5mm","Japan Stationery","Shopee",10,837.00,83.70,83.70,83.70,10,2025-10-26,2025-12-28,1
"4955414924458","Staedtler All Black 925 Drafting Mechanical Pencil Metal Body(0.3, 0.5, 2.0)","2.0mm","Japan Stationery","Shopee",10,837.00,83.70,83.70,83.70,10,2025-11-13,2026-03-17,1
"4902778309537","Uni Mitsubishi Kuro Toga Dive Mechanical Pencil 0.5 mm M5-5000 1P","Aurora Purple","Japan Stationery","Shopee",3,837.00,279.00,279.00,279.00,3,2025-07-22,2026-03-23,1
"4903419818944","Original Lihit Lab Pen / Pencil Case - Smart Fit Compact Type A-7687","Black","Japan Stationery","Shopee",21,833.70,39.70,39.70,39.70,21,2025-12-20,2026-02-18,1
"6972378121967","Olight Baton 3 (Pro) (Pro Max) Rechargeable Water Proof Magnetic Flash Light Camping Hiking Emergency EDC Torch Light","Baton3Premium-Red","Elite Camp","Shopee",3,831.00,277.00,277.00,277.00,3,2025-07-07,2025-11-08,1
"6972378121882","Olight Baton 3 (Pro) (Pro Max) Rechargeable Water Proof Magnetic Flash Light Camping Hiking Emergency EDC Torch Light","Baton 3 Premium,Black","Japan Stationery","Shopee",3,831.00,277.00,277.00,277.00,3,2025-08-09,2026-03-25,1
"4901140905131","Iwatani Tatsujin Slim III Portable Gas Stove Outdoor Camping Dapur Gas Teppanyaki Sukiyaki Takoyaki Emergency CB-SS-50","Amiyaki Plate","Elite Camp","Lazada",8,829.83,103.73,92.00,109.72,8,2025-09-16,2026-06-01,1
"4902778244043","Uni Kuru Toga Advance Automatic Lead Rotation (2X speed) Mechanical Pencil (0.7mm)","Navy Blue (0.7mm)","Japan Stationery","Shopee",26,822.30,31.63,26.70,45.00,24,2025-07-03,2026-05-13,1
"3501179044545","rOtring Trio 3in1 / Quattro 4in1 Gravity Mechanism Multi Function Pen Graphite","Trio 3in1 Silver","Japan Stationery","Shopee",6,822.00,137.00,137.00,137.00,6,2025-07-03,2026-05-28,1
"4902778351987","Uni-ball Kuru Toga Metal New Color and Uni Metal Cases Refill Japan Limited Edition Kurutoga M3KH1P.24 ULSM05HB ULSD03TK","Sunrise Orange 0.5mm","Japan Stationery","Shopee",6,814.20,135.70,135.70,135.70,6,2026-05-25,2026-06-25,1
"4901140905155-DU","Iwatani Windproof Portable Camping Stove Butane Gas Tafumaru CB-ODX-1 & BC-ODX-JR Junior Tough Maru","Yakiniku Plate (L)","Elite Camp","Shopee",5,810.00,162.00,138.00,198.00,5,2025-09-09,2026-05-07,1
"4901480151830","KOKUYO Dotliner Glue Tape Standard, Long, Hold, Long50, Power (refill or tape set) TA-DM400-08N D400-08N","Blue,Refill Standard","Japan Stationery","Shopee",45,805.50,17.90,17.90,17.90,13,2025-07-02,2026-03-13,1
"4902778013328","Uni Mitsubishi Pencil Pocket Sharpener 2.0mm DPS6001P","Sharpener","Japan Stationery","Shopee",27,801.90,29.70,29.70,29.70,27,2025-08-03,2026-03-10,1
"6975498007715","Olight imini 2 Rechargeable Mini Flashlight Instant Activation Camping Hiking Torchlight Small Portable","OD Green","Japan Stationery","Shopee",13,801.00,61.62,57.00,67.00,12,2025-07-18,2026-06-21,1
"4589946144154","DOD Multi-Kitchen Table Simply Pull Up to Complete Shelves No Wobble Locking Mechanism","Khahi","Elite Camp","Shopee",1,799.00,799.00,799.00,799.00,1,2026-01-28,2026-01-28,1
"6975498005070","Olight Warrior Mini 3 Rechargeable Tactical Flashlight Waterproof Torchlight Camping Hiking Compact Torch Flash","Dessert Tan","Japan Stationery","Shopee",3,795.00,265.00,265.00,265.00,3,2025-08-28,2026-02-23,1
"4903419818920","Original Lihit Lab Pen / Pencil Case - Smart Fit Compact Type A-7687","Green","Japan Stationery","Shopee",20,794.00,39.70,39.70,39.70,20,2025-07-06,2026-06-22,1
"4902778285787","Uni Kuru Toga Advance Upgrade Model Mechanical Pencil - 0.3 / 0.5 mm Punch Punched Upgraded","0.3mm Black","Japan Stationery","Shopee",20,794.00,39.70,39.70,39.70,20,2025-08-08,2026-06-22,1
"4589946145878","DOD Yadokari Tent T6-662 Camping Hiking Khemah Japan","Yadokari Tent Mat","Elite Camp","Shopee",1,790.00,790.00,790.00,790.00,1,2026-05-24,2026-05-24,1
"4901140898440","Iwatani Portable Stove CB-AK-1 Compact Grill gas cartridge","Stove:Iwatani CB-AK-1 | Variation1:Iwatani CB-AK-1","Elite Camp","Lazada",9,788.90,87.66,79.21,91.34,8,2025-08-07,2026-05-16,1
"4902506185358","Japan Version Pentel Graph Gear 1000 Drafting Mech Pencil PG1015 0.3 0.4 0.5 0.7 0.9mm Graphgear","0.3mm","Japan Stationery","Shopee",20,783.20,39.16,37.90,39.70,20,2025-07-21,2026-05-15,1
"4902778351406","Uni Mitsubishi Uniball ZENTO Signature Gel Pen 0.38/0.5mm UBZH38.26 UBZH05M.24","Gold 0.7mm","Japan Stationery","Shopee",3,779.10,259.70,259.70,259.70,2,2026-05-11,2026-05-20,1
"6975498003038","Olight Baton 4 Powerful EDC Flashlight 1300 Lumens Rechargeable Water Proof  Flash Light Camping Hiking Torch Light","Premium Black","Elite Camp","Shopee",2,774.00,387.00,387.00,387.00,2,2025-07-25,2026-01-18,1
"4901681416615","Original Japan Zebra Mildliner Double Sided Highlighter Set - Pack of 5 Colors","WKT7-5C-N","Japan Stationery","Shopee",33,771.30,23.37,17.90,30.00,33,2025-07-07,2026-06-25,1
"4902778272442","Uni Mitsubishi Mechanical Pencil Refill Leads 0.3/0.4/0.5/0.7/0.9 mm UL-S-0.3-25 1P","HB (0.5)","Japan Stationery","Shopee",86,765.40,8.90,8.90,8.90,65,2025-07-05,2026-06-19,1
"6977261693385","Olight Oclip & oclip Pro Rechargable EDC Flashlight White & Red Light","Pro-Lava","Japan Stationery","Shopee",5,763.00,152.60,149.00,155.00,5,2026-04-02,2026-06-11,1
"4901140898259","Iwatani Tatsujin Bistro CB-BST-PLS Grill Pot Hot Plate Camping","Stove","Elite Camp","Shopee",2,758.00,379.00,379.00,379.00,2,2026-06-02,2026-06-05,1
"4902506311801","Pentel Sharp Kerry Mechanical Pencil - 0.5 mm","Black","Japan Stationery","Shopee",10,757.00,75.70,75.70,75.70,8,2025-07-09,2025-12-06,1
"4902505453601","Pilot Iroshizuku Fountain Pen Ink 50 ml INK-50-AS Pilot Iroshizuku 50ml bottle","TAK-Bamboo Charcoal","Japan Stationery","Shopee",11,751.30,68.30,62.00,69.70,10,2025-12-29,2026-02-12,1
"6972378120137","Olight i3E EOS LED Keychain Mono Output Flashlight Torchlight Camping Hiking Compact Torch Flash","Black","Japan Stationery","Shopee",19,750.90,39.52,38.70,40.00,10,2025-09-26,2026-06-14,1
"4903419336424","Original Lihit Lab Pen / Pencil Case - Book Type A-7551 A7551","Indigo Blue","Japan Stationery","Shopee",16,747.20,46.70,46.70,46.70,16,2026-01-14,2026-06-28,1
"4589946141610","DOD Instant Pop-Up Tent 2 People T2-629 Camping Hiking Outdoor Khemah Simply Pull The Rope To Setup Japan","Black","Elite Camp","Shopee",1,747.00,747.00,747.00,747.00,1,2026-05-26,2026-05-26,1
"3501179044460","rOtring 800 Ballpoint pen / Pencil - Premium Office Gift Executive Signature Pen","800 Pencil 0.7 Black","Japan Stationery","Shopee",3,747.00,249.00,249.00,249.00,3,2025-07-09,2026-06-12,1
"Pentel-GraphGear-500-Full Set (5pcs)","Japan Version Pentel Graph Gear 500 Drafting Mech Pencil 0.3 0.4 0.5 0.7 0.9mm PG513 PG514 PG515 PG517 PG519","Full Set (5pcs)","Japan Stationery","Shopee",8,741.60,92.70,92.70,92.70,8,2025-12-09,2026-04-04,1
"4901140905346","Iwatani Portable Korean BBQ Yakimaru Smokeless Grill Yakiniku Stove Butane Gas Camping CB-SLG-2","Yakimaru Stove","Elite Camp","Lazada",2,739.49,369.75,344.00,395.49,2,2025-09-07,2026-04-08,1
"6975498006435","Olight Baton 4 Powerful EDC Flashlight 1300 Lumens Rechargeable Water Proof  Flash Light Camping Hiking Torch Light","Premium Regal Blue","Elite Camp","Shopee",2,736.00,368.00,349.00,387.00,2,2025-09-24,2026-05-08,1
"6975498006411","Olight Baton 4 Powerful EDC Flashlight 1300 Lumens Rechargeable Water Proof Camping Hiking Torch","Premium OD Green","Japan Stationery","Shopee",2,734.00,367.00,367.00,367.00,2,2025-10-10,2026-03-03,1
"6977261692203","Olight Baton 4 Powerful EDC Flashlight 1300 Lumens Rechargeable Water Proof Camping Hiking Torch","PremEd FighterOrange","Japan Stationery","Shopee",2,734.00,367.00,367.00,367.00,1,2026-03-25,2026-03-25,1
"4901681865376","Zebra Sarasa Pokemon Series Japan Limited Edition Sarasa Grand Evolution P-JJ57-PO-VGB P-JJ57-PO-S P-JJ57-PO-VRB","Grand -Silver","Japan Stationery","Shopee",7,732.90,104.70,104.70,104.70,7,2026-05-29,2026-06-24,1
"4895151500044","rOtring 600 Full Metal Drafting Pencil (0.3, 0.5, 0.7, 2.0 mm) Ballpoint Pen (1.0 mm) rotring","Pen Silver","Japan Stationery","Shopee",5,731.00,146.20,127.00,159.00,5,2025-12-07,2026-04-13,1
"4902778319802","Uni Mitsubishi Jetstream x Peanut Limited Edition 4&1 Single  Ballpoint Pen 0.5mm Snoopy","S Mocha Brown","Japan Stationery","Shopee",9,726.30,80.70,80.70,80.70,6,2025-11-25,2026-03-01,1
"4902506314031","Pentel Graph 1000 for Pro Drafting Pencil (0.3mm, 0.4mm, 0.5mm, 0.7mm, 0.9mm)","0.5mm","Japan Stationery","Shopee",14,723.80,51.70,51.70,51.70,13,2025-07-20,2026-03-08,1
"4902506432261","Pentel Orenz Nero 2026 Limited Edition Set for Mechanical Pencil Festival Japan Limited Edition","0.5mm Carbon Black","Japan Stationery","Shopee",2,721.40,360.70,360.70,360.70,2,2026-04-02,2026-04-12,1
"4902506432216","Pentel Orenz Nero 2026 Limited Edition Set for Mechanical Pencil Festival Japan Limited Edition","0.3mm Limited Black","Japan Stationery","Shopee",2,721.40,360.70,360.70,360.70,2,2026-04-16,2026-06-27,1
"6975498002550","Olight Arkfeld Pro & Ultra Green Laser & White Light Dual Slim Flashlight Waterproof Torchlight","Pro Class 3R Black","Japan Stationery","Shopee",2,718.00,359.00,359.00,359.00,2,2026-04-27,2026-05-17,1
"4977114211638","Platinum Pro-Use 171 Drafting Pencil Metal Grip Professional Mechanical Pencil (0.3mm 0.5mm 0.7mm 0.9mm)","0.9mm White","Japan Stationery","Shopee",8,717.60,89.70,89.70,89.70,8,2025-07-11,2026-06-10,1
"6975498002895","Olight Arkfeld Pro & Ultra Green Laser & White Light Dual Slim Flashlight Waterproof Torchlight","Pro Black","Japan Stationery","Shopee",2,710.00,355.00,355.00,355.00,2,2025-08-19,2025-08-20,1
"4902778344118","Uni Mitsubishi LAMY Safari JETSTREAM Inside Debut Ballpoint Pen 0.5/0.7mm L7B0 L7A9 L717 L712 L718 L714 L716 LM17EF LM17","0.7mm Black","Japan Stationery","Shopee",14,709.80,50.70,50.70,50.70,9,2026-03-30,2026-06-22,1
"4902778258781","Uni Jetstream Edge Ballpoint Pen - 0.28 mm Uniball Extra Fine Tip Pen Mitsubishi (SXN-1003-28) Premium Japan","Champagne Gold | 0.28 Champagne Gold","Japan Stationery","Shopee",17,705.10,41.48,39.70,69.90,17,2025-10-04,2026-06-22,2
"4901140905162","Iwatani Tatsujin Slim III Portable Gas Stove Outdoor Camping Dapur Gas Takoyaki Emergency CB-SS-50 Hot Sandwich Grill","Takoyaki Plate","Elite Camp","Shopee",6,702.00,117.00,117.00,117.00,5,2025-07-01,2026-06-28,2
"6975498007715","Olight imini 2 Rechargeable Mini Flashlight Instant Activation Camping Hiking Torchlight Small Portable","OD Green","Elite Camp","Shopee",11,701.00,63.73,57.00,67.00,9,2025-08-13,2026-05-16,1
"4955414926919","Staedtler 925 -35 Drafting Mechanical Pencil Metal Body(0.3, 0.5, 0.7, 0.9, 2.0)","0.7mm","Japan Stationery","Shopee",10,700.30,70.03,68.70,82.00,8,2025-10-10,2026-02-23,1
"4902778322062","Uni Mitsubishi Uniball ZENTO Basic Standard Flow Gel Pens 0.38/0.5mm UBNZS38.15 UBNZS38 UBNZS05","Basic Black 0.38 | Basic Black ink 0.38","Japan Stationery","Shopee",46,699.20,15.20,15.20,15.20,35,2025-07-26,2026-06-20,1
"6977261690193","Olight Perun 3 & Perun 2 Mini Waterproof Headlight Camping Hiking Fishing Flashlight Torchlight Compact Torch Headlamp","Perun 3","Japan Stationery","Shopee",2,698.00,349.00,339.00,359.00,2,2025-09-07,2026-04-24,1
"6972378120137","Olight i3E EOS LED Keychain Mono Output Flashlight Torchlight Camping Hiking Compact Torch Flash","Black","Elite Camp","Shopee",18,696.60,38.70,38.70,38.70,18,2025-07-03,2026-05-18,1
"4895151559035","rOtring 600 3-in-1 Multi Function Ballpoint Pen (Black, Red ink) Mechanical Pencil (0.5mm) Full Metal rotring","Silver (3-in-1) 2","Japan Stationery","Shopee",3,687.00,229.00,229.00,229.00,3,2026-02-09,2026-05-04,1
"4901140905179","Iwatani Tatsujin Slim III Portable Gas Stove Outdoor Camping Dapur Gas Takoyaki Emergency CB-SS-50","Teppanyaki Plate","Elite Camp","Shopee",5,685.00,137.00,137.00,137.00,5,2025-09-25,2026-05-17,1
"6975498007388","Olight Seeker 4 Pro/Mini Waterproof Rechargeable Flashlight Camping Hiking UV Emergency Compact","S4 Mini - Red","Japan Stationery","Shopee",3,677.00,225.67,219.00,229.00,3,2025-11-05,2026-06-02,1
"6972378123213","Olight O'pen Pro LED Penlight with Laser Pointer Rechargeable EDC","Color:Black","Japan Stationery","Lazada",2,675.49,337.75,334.62,340.87,2,2025-08-26,2025-08-27,1
"4901770709703","Metacil Non sharpening Metal Pencil (Metal Body) for Artist Drawing, Sketching SUN-STAR Stylish Japan premium","Red","Japan Stationery","Shopee",17,674.90,39.70,39.70,39.70,16,2025-08-23,2026-06-24,1
"4902778285794","Uni Kuru Toga Advance Upgrade Model Mechanical Pencil - 0.3 / 0.5 mm Punch Punched Upgraded","0.3mm Ivory","Japan Stationery","Shopee",17,674.90,39.70,39.70,39.70,17,2025-07-02,2026-06-15,1
"4902778348819","2025 New Retreat Color Uni-ball Zento Standard Flow UMNSFT38D.1 UMNSFT38D.32 UMNSFT05D.6 UMNSFT05D.13","Flow-Anemone Pink | Flow-AnemonePink 0.5","Japan Stationery","Shopee",11,667.70,60.70,60.70,60.70,9,2025-09-24,2026-06-14,1
"4901681823888","Mildliner Fragrance Japan Limited Edition Highlighter Pen Series Special Zebra WK7T-FR-MS0B WK7T","Set","Japan Stationery","Shopee",13,660.70,50.82,37.90,54.70,13,2025-08-08,2026-06-30,1
"4902506188403","Japan Version Pentel Graph Gear 1000 Drafting Mech Pencil PG1015 0.3 0.4 0.5 0.7 0.9mm Graphgear","0.9mm","Japan Stationery","Shopee",17,660.29,38.84,37.90,39.70,12,2025-07-03,2026-01-11,1
"6975498001478","Olight Arkfeld Green Laser & White Light Dual Slim Flashlight Waterproof Torchlight Camping Hiking Compact Torch Flash","PinwheelGunMetalGrey","Elite Camp","Shopee",2,658.00,329.00,329.00,329.00,2,2025-09-09,2025-11-15,1
"4902778322253","Uni Mitsubishi Uniball ZENTO Basic Standard Flow Gel Pens 0.38/0.5mm UBNZS38.15 UBNZS38 UBNZS05","Flow Fluorite 0.38","Japan Stationery","Shopee",11,656.70,59.70,59.70,59.70,11,2025-07-19,2026-01-31,1
"4902778258811","Uni Jetstream Edge Ballpoint Pen - 0.28 mm Uniball Extra Fine Tip Pen Mitsubishi (SXN-1003-28) Premium Japan","White & Red | 0.28 White & Red","Japan Stationery","Shopee",20,651.00,32.55,29.70,48.70,19,2025-08-05,2026-04-21,2
"4901681382323","Zebra ClickArt Pen Fine Liner Marker Water Based Set 12pcs 36pcs 48 pcs limited edition Click Art","Light Blue Pack","Japan Stationery","Shopee",10,647.00,64.70,64.70,64.70,8,2025-09-05,2026-04-28,1
"6977261692265","Olight imini 2 Rechargeable Mini Flashlight Instant Activation Camping Hiking Torchlight Small Portable","Passionate Red","Elite Camp","Shopee",10,646.00,64.60,57.00,67.00,10,2025-09-01,2026-05-14,1
"4901681853540","Zebra DelGuard Metal Grip Type-Lx Anti-break Core Mechanical Pencil (0.5mm)","Black Eraser Bonus","Japan Stationery","Shopee",20,639.90,32.00,29.70,45.00,20,2025-07-14,2026-06-17,1
"4901681416707","Original Japan Zebra Mildliner Double Sided Highlighter Set - Pack of 5 Colors","Blue Pack","Japan Stationery","Shopee",37,638.30,17.25,13.90,17.90,35,2025-07-06,2026-06-30,1
"X001173J31","rOtring 600 Full Metal Drafting Pencil (0.3, 0.5, 0.7, 2.0 mm) Ballpoint Pen (1.0 mm) rotring","Pencil 0.7mm Silver","Japan Stationery","Shopee",5,635.00,127.00,127.00,127.00,5,2025-08-04,2026-04-05,1
"3026981142635","rOtring 600 Special Color Edition Full Metal Drafting Pencil (0.5 mm), Ballpoint Pen, Blue / Red / Green rotring","Green Ballpoint Pen","Japan Stationery","Shopee",5,635.00,127.00,127.00,127.00,5,2025-10-01,2026-04-11,1
"3501179044422","rOtring 600 Full Metal Drafting Pencil (0.3, 0.5, 0.7, 2.0 mm) Ballpoint Pen (1.0 mm) rotring","Pencil 0.7mm Black","Japan Stationery","Shopee",5,635.00,127.00,127.00,127.00,5,2025-11-15,2026-03-06,1
"3026981142666","rOtring 600 Special Color Edition Full Metal Drafting Pencil (0.5 mm), Ballpoint Pen, Blue / Red / Green rotring","Blue (Pencil 0.5mm)","Japan Stationery","Shopee",5,635.00,127.00,127.00,127.00,5,2025-11-19,2026-06-15,1
"4895151557819","Rotring 600 Special Color Edition Gold Rose Pearl White Mechanical Pencil 0.5mm BP Ballpoint pen","0.5mm, Rose Gold","Japan Stationery","Shopee",5,635.00,127.00,127.00,127.00,5,2026-03-07,2026-06-10,1
"6975498000549","Olight Marauder Mini Search and Rescue Camping Hiking Emergency Flashlight Waterproof Torchlight Compact Torch Flash","Midnight Blue","Elite Camp","Shopee",1,627.00,627.00,627.00,627.00,1,2025-08-11,2025-08-11,1
"6975498002987","Oknife Otacle K1 EDC  6in1 Multi-Purpose Knife","Black","Elite Camp","Shopee",7,623.00,89.00,89.00,89.00,7,2025-08-12,2026-04-06,1
"6972378121950","Olight Baton 3 (Pro) (Pro Max) Rechargeable Water Proof Magnetic Flash Light Camping Hiking Emergency EDC Torch Light","Baton3-Red","Elite Camp","Shopee",3,621.00,207.00,207.00,207.00,3,2025-07-01,2026-01-09,1
"6975498000532","Olight Marauder Mini Search and Rescue Camping Hiking Emergency Flashlight Waterproof Torchlight Compact Torch Flash","Orange","Japan Stationery","Shopee",1,617.00,617.00,617.00,617.00,1,2025-08-15,2025-08-15,1
"6975498006428","Olight Baton 4 Powerful EDC Flashlight 1300 Lumens Rechargeable Water Proof Camping Hiking Torch","Regal Blue","Japan Stationery","Shopee",3,617.00,205.67,199.00,219.00,3,2026-03-22,2026-04-17,1
"6972378124524","Olight i1R 2 Rechargeable Keychain Flashlight i1R2 Pro imorse Instant Camping Hiking Torchlight Small Portable Mini","i1R 2 PRO - Black | Pro - Black","Elite Camp","Shopee",8,611.40,76.43,68.70,79.00,8,2025-08-25,2026-06-11,1
"6972378121875","Olight Baton 3 (Pro) (Pro Max) Rechargeable Water Proof Magnetic Flash Light Camping Hiking Emergency EDC Torch Light","Baton3-Black","Elite Camp","Shopee",3,611.00,203.67,197.00,207.00,3,2026-01-24,2026-04-08,1
"6977261692265","Olight imini 2 Rechargeable Mini Flashlight Instant Activation Camping Hiking Torchlight Small Portable","Passionate Red","Japan Stationery","Shopee",10,610.00,61.00,57.00,67.00,10,2025-08-04,2026-06-27,1
"4902778220917","Uni Kuru Toga Advance Automatic Lead Rotation (2X rotation speed) Mechanical Pencil (0.5mm)","Red","Japan Stationery","Shopee",24,608.10,25.34,24.70,40.00,20,2025-07-11,2026-04-07,1
"4902778322086","Uni Mitsubishi Uniball ZENTO Basic Standard Flow Gel Pens 0.38/0.5mm UBNZS38.15 UBNZS38 UBNZS05","Std Coastal 0.5","Japan Stationery","Shopee",35,602.00,17.20,17.20,17.20,33,2025-07-26,2026-06-29,1
"24x Iwatani-Gas-CB-250","[order separately][bulk order] Iwatani Butane Gas Cartridge Refill Canister Portable Cassette","24 Cans","Elite Camp","Shopee",3,599.10,199.70,199.70,199.70,3,2025-07-05,2025-10-20,2
"6975498006404","Olight Baton 4 Powerful EDC Flashlight 1300 Lumens Rechargeable Water Proof  Flash Light Camping Hiking Torch Light","OD Green","Elite Camp","Shopee",3,597.00,199.00,199.00,199.00,3,2026-04-17,2026-05-08,1
"4902778309568","Kuru Toga Switch Alpha Gel Automatic Lead Rotation Mechanical Pencil (0.5mm) Uni Kurutoga","0.5mm Cotton Pink","Japan Stationery","Shopee",12,596.40,49.70,49.70,49.70,11,2025-07-05,2026-06-10,1
"4902506406590","Japan Pentel Ain Mechanical Pencil Lead 0.2/0.3/0.4/0.5/0.7/0.9/1.3 mm","0.5 2B","Japan Stationery","Shopee",47,591.30,12.58,11.90,15.90,38,2025-09-24,2026-05-19,1
"3501179042558","rOtring Rapid Pro Full Metal Drafting Pencil (0.5, 0.7, 2.0 mm) Ballpoint Pen (1.0mm) Black/Silver RapidPro rotring","RP Pencil 0.5 Silver","Japan Stationery","Shopee",4,588.00,147.00,147.00,147.00,4,2025-08-14,2026-03-02,1
"3501179042589","rOtring Rapid Pro Full Metal Drafting Pencil (0.5, 0.7, 2.0 mm) Ballpoint Pen (1.0mm) Black/Silver RapidPro rotring","RP Pencil 0.5 Black","Japan Stationery","Shopee",4,588.00,147.00,147.00,147.00,4,2026-03-02,2026-06-29,1
"3501179042602","rOtring Rapid Pro Full Metal Drafting Pencil (0.5, 0.7, 2.0 mm) Ballpoint Pen (1.0mm) Black/Silver RapidPro rotring","RP Pencil 2.0 Black","Japan Stationery","Shopee",4,588.00,147.00,147.00,147.00,4,2026-04-03,2026-06-06,1
"4953571074863","SOTO Lighter Ultra Small Strong Windproof Refillable Lightweight Compact ST-480 ST-485 ST-486","ST-486 Orange","Elite Camp","Shopee",5,585.00,117.00,117.00,117.00,5,2026-03-03,2026-05-19,1
"6975498005049","Olight Oclip & oclip Pro Rechargable EDC Flashlight White & Red Light","Green","Japan Stationery","Shopee",5,585.00,117.00,109.00,129.00,5,2025-07-01,2026-06-20,1
"6977261692425","Olight Warrior Ultra 2500 Lumens Tactical Flashlight with OAL Material","Stealth Grey","Elite Camp","Shopee",1,579.00,579.00,579.00,579.00,1,2026-02-16,2026-02-16,1
"6977261692425","Olight Warrior Ultra 2500 Lumens Tactical Flashlight with OAL Material","Stealth Grey","Japan Stationery","Shopee",1,579.00,579.00,579.00,579.00,1,2025-08-10,2025-08-10,1
"4902778309605","New Kuru Toga KS Uni Japan Mechanical Pencil Lead Self-rotating M3/5-KS Upgraded Version 0.3mm/0.5mm","0.5 Black","Japan Stationery","Shopee",21,577.70,27.51,25.70,27.70,19,2025-07-12,2026-06-27,1
"6975498000358","Olight Baton 3 (Pro) (Pro Max) Rechargeable Water Proof Magnetic Flash Light Camping Hiking Emergency EDC Torch Light","Type:Baton3ProMAX-Black","Japan Stationery","Lazada",2,575.19,287.60,283.00,292.19,2,2025-09-27,2025-12-04,1
"4902506188397","Japan Version Pentel Graph Gear 1000 Drafting Mech Pencil PG1015 0.3 0.4 0.5 0.7 0.9mm Graphgear 1000 Limited Edition","Variation3:0.7mm","Japan Stationery","Lazada",17,571.86,33.64,23.90,40.69,16,2025-10-03,2026-06-27,1
"4902778322161","Uni Mitsubishi Uniball ZENTO Basic Standard Flow Gel Pens 0.38/0.5mm UBNZS38.15 UBNZS38 UBNZS05","Basic Black 0.5 | Basic Black ink 0.5","Japan Stationery","Shopee",37,562.40,15.20,15.20,15.20,33,2025-07-21,2026-06-18,1
"6977261691817","Olight Warrior Ultra 2500 Lumens Tactical Flashlight with OAL Material","Color:Navy blue","Elite Camp","Lazada",1,559.00,559.00,559.00,559.00,1,2026-04-30,2026-04-30,1
"4955414927688","Staedtler Avant Garde Premium 4 in 1 Function - 3 Color Ball Point Pen (0.7mm) + Mechanical Pencil (0.5mm) + Pencil Case","UB-Urban Blue","Japan Stationery","Shopee",4,558.80,139.70,139.70,139.70,4,2025-09-13,2026-02-07,1
"4902778220870","Uni Kuru Toga Advance Automatic Lead Rotation (2X rotation speed) Mechanical Pencil (0.5mm)","White","Japan Stationery","Shopee",22,558.70,25.40,24.70,40.00,20,2025-07-04,2026-06-24,1
"4902778267714","Jetstream 4+1 Metal Edition - Mitsubishi Uni 4 Color (0.5mm) & Mechanical Pencil (0.5mm)","Ice Silver","Japan Stationery","Shopee",7,557.90,79.70,79.70,79.70,7,2025-08-04,2026-06-16,1
"6977261692944","Olight i1R 2 Rechargeable Keychain Flashlight i1R2 Pro imorse Instant Camping Hiking Torchlight Small Portable Mini","Flow","Japan Stationery","Shopee",8,557.60,69.70,69.70,69.70,8,2025-09-07,2025-11-23,1
"4589946145977","DOD Sugoissu Camping Chair Adjustable Height C1-774 Hiking Outdoor Khemah Japan","Tan","Elite Camp","Shopee",1,557.00,557.00,557.00,557.00,1,2025-08-06,2025-08-06,1
"6975498002116","Olight Seeker 4 Pro/Mini Waterproof Rechargeable Flashlight Camping Hiking UV Emergency Compact","Color:S4 - Matte Black","Elite Camp","Lazada",1,554.19,554.19,554.19,554.19,1,2025-08-07,2025-08-07,1
"6975498004417","Olight imini 2 Rechargeable Mini Flashlight Instant Activation Camping Hiking Torchlight Small Portable","Orange","Japan Stationery","Shopee",9,553.00,61.44,57.00,67.00,9,2025-07-18,2026-06-29,1
"4902506427793","Pentel 2025 Art Multi8 Multi 8 color pencilLead Holder Japan Import XPH804 XPH804ST","Art Multi 8","Japan Stationery","Shopee",4,552.80,138.20,138.20,138.20,4,2025-09-03,2026-06-25,1
"6977261692661","Olight Sphere C Colorful Crystal Ball Light Stepless Dimming 360 Degree Multiple Lighting Effects 75 Lumens","Stellar Sky","Elite Camp","Shopee",6,550.20,91.70,89.70,93.70,4,2025-10-16,2026-05-10,1
"4902778019610","Mitsubishi Uni Jetstream Ballpoint Pen - 0.7 mm Alpha Gel Grip Series SXN-1000-07 1P","Silver","Japan Stationery","Shopee",10,550.00,55.00,55.00,55.00,10,2025-08-13,2026-04-10,1
"6972378126917","Olight i5T Plus EOS Rechargeable Tail-switch EDC Flashlight Camping Hiking Torchlight Small Portable","Orange","Elite Camp","Shopee",4,548.00,137.00,137.00,137.00,3,2025-07-16,2025-09-05,1
"4976742257773","Henkel Loctite Waterproof Spray Protective Camping Tent Water Repellant Spray DBS-420 DBL-380 DBB380","DBS-420 Multipurpose","Elite Camp","Shopee",11,546.70,49.70,49.70,49.70,8,2025-07-16,2026-05-19,1
"4902778280386","Kuru Toga Switch Alpha Gel Automatic Lead Rotation Mechanical Pencil (0.5mm) Uni Kurutoga","0.5mm Dark Olive","Japan Stationery","Shopee",11,546.70,49.70,49.70,49.70,11,2025-07-16,2026-05-17,1
"4902778348802","2025 New Retreat Color Uni-ball Zento Standard Flow UMNSFT38D.1 UMNSFT38D.32 UMNSFT05D.6 UMNSFT05D.13","Flow-Birch White","Japan Stationery","Shopee",9,546.30,60.70,60.70,60.70,9,2025-09-26,2026-04-02,1
"4902778164174","0.7mm Refill for Mitsubishi Jetstream Prime Pen SXR-200-07 (0.7mm) (D1 refill size)","Black","Japan Stationery","Shopee",42,546.00,13.00,13.00,13.00,17,2025-10-10,2026-03-28,1
"4903419832537","Original Lihit Lab Pen / Pencil Case - Book Type XL (Double) A-7555 A7555","Jet Black","Japan Stationery","Shopee",8,543.20,67.90,67.90,67.90,8,2025-12-29,2026-06-14,1
"6977261691817","Olight Warrior Ultra 2500 Lumens Tactical Flashlight with OAL Material","Navy blue","Japan Stationery","Shopee",1,539.00,539.00,539.00,539.00,1,2026-05-05,2026-05-05,1
"4901681886418","Zebra DelGuard Original Anti-break Core Mechanical Pencil Basic (0.5mm)","Black","Japan Stationery","Shopee",26,538.20,20.70,20.70,20.70,26,2025-07-18,2026-06-30,1
"4902505572821","Pilot Custom 74 Black Fountain Pen Handmade in Japan","Black,Soft Fine","Japan Stationery","Shopee",1,537.00,537.00,537.00,537.00,1,2025-10-18,2025-10-18,1
"4902505572760","Pilot Custom 74 Black Fountain Pen Handmade in Japan","Black,Broad","Japan Stationery","Shopee",1,537.00,537.00,537.00,537.00,1,2026-02-18,2026-02-18,1
"4902505572814","Pilot Custom 74 Black Fountain Pen Handmade in Japan","Black,Medium","Japan Stationery","Shopee",1,537.00,537.00,537.00,537.00,1,2026-03-13,2026-03-13,1
"6975498000433","Olight Baton 3 (Pro) (Pro Max) Rechargeable Water Proof Magnetic Flash Light Camping Hiking Emergency EDC Torch Light","Baton3ProMAX-BlackNW","Elite Camp","Shopee",2,536.00,268.00,259.00,277.00,2,2025-08-29,2026-06-05,1
"6975498000433","Olight Baton 3 (Pro) (Pro Max) Rechargeable Water Proof Magnetic Flash Light Camping Hiking Emergency EDC Torch Light","Baton 3 Pro MAX,Black (NW Light)","Japan Stationery","Shopee",2,536.00,268.00,259.00,277.00,2,2026-03-25,2026-04-06,1
"4902778227480","Uni Kuru Toga Advance (0.3mm version) Mechanical Pencil","White (0.3mm)","Japan Stationery","Shopee",20,534.00,26.70,26.70,26.70,16,2025-07-11,2026-06-12,1
"4902778621400","Uni Mitsubishi Hi-Uni GRCT Mechanical Pencil Refill Leads 0.3/0.5 mm HU033002H HU03300H HU03300HB HU03300B","2B (0.5)","Japan Stationery","Shopee",28,529.20,18.90,18.90,18.90,25,2025-07-04,2026-05-03,1
"4976742257773","Henkel Loctite Waterproof Spray Protective Camping Tent Equipment Water Repellant Spray DBS-420 DBL-380 DBB380","Type:DBS-420 Multipurpose","Elite Camp","Lazada",11,528.21,48.02,46.70,54.89,5,2025-09-08,2026-05-30,1
"4902505636028","Pilot Iroshizuku Fountain Pen Ink 50 ml INK-50-AS Pilot Iroshizuku 50ml bottle","HA-Flower Raft","Japan Stationery","Shopee",8,526.80,65.85,62.00,69.70,8,2025-08-20,2026-06-16,1
"4902778258767","Uni Jetstream Edge Ballpoint Pen - 0.28 mm Uniball Extra Fine Tip Pen Mitsubishi (SXN-1003-28) Premium Japan","Navy | 0.28 Navy","Japan Stationery","Shopee",15,525.70,35.05,29.70,69.90,15,2025-07-20,2026-06-08,2
"4902778322154","Uni Mitsubishi Uniball ZENTO Basic Standard Flow Gel Pens 0.38/0.5mm UBNZS38.15 UBNZS38 UBNZS05","Basic Blue 0.5 | Basic Blue ink 0.5","Japan Stationery","Shopee",34,511.30,15.04,9.70,15.20,28,2025-07-21,2026-06-25,1
"3026981142697","rOtring 600 Special Color Edition Full Metal Drafting Pencil (0.5 mm), Ballpoint Pen, Blue / Red / Green rotring","Green (Pencil 0.7mm)","Japan Stationery","Shopee",4,508.00,127.00,127.00,127.00,4,2025-11-12,2026-05-24,1
"3026981142680","rOtring 600 Special Color Edition Full Metal Drafting Pencil (0.5 mm), Ballpoint Pen, Blue / Red / Green rotring","Green (Pencil 0.5mm)","Japan Stationery","Shopee",4,508.00,127.00,127.00,127.00,4,2026-02-07,2026-05-13,1
"4902778164143","0.5mm Refill for Mitsubishi Jetstream Prime Pen SXR-200-05 (0.5mm) (D1 refill size)","Black","Japan Stationery","Shopee",39,507.00,13.00,13.00,13.00,26,2025-10-04,2026-06-02,1
"4902778326664","Uni Kurutoga KS & Switch & Replacement Lead 25-02 Limited Edition M3KS1P.WPC M5KS1P.CCM M5KS1P.MCA M5KS1P.SBM","0.5 C Sugar","Japan Stationery","Shopee",10,507.00,50.70,50.70,50.70,10,2025-08-24,2026-05-30,1
"4902778364772","Uni Mitsubishi Replacement Lead Refill 2.0mm ULN","4B","Japan Stationery","Shopee",39,503.10,12.90,12.90,12.90,23,2025-07-05,2026-05-12,1
"4902778364758","Uni Mitsubishi Replacement Lead Refill 2.0mm ULN","2B","Japan Stationery","Shopee",39,503.10,12.90,12.90,12.90,35,2025-07-06,2026-06-18,1
"4902778258835","Refill for Jetstream Edge 0.28 mm SXR203-28","Black","Japan Stationery","Shopee",42,499.80,11.90,11.90,11.90,23,2025-07-04,2026-06-22,1
"3501179044484","rOtring 800 Ballpoint pen / Pencil - Premium Office Gift Executive Signature Pen","800 Pencil 0.7 Silve","Japan Stationery","Shopee",2,498.00,249.00,249.00,249.00,2,2025-08-14,2025-10-28,1
"4955414925851","Staedtler REG Drafting Mechanical Pencil 925-85 925-85-03F 925-85-05F","0.5mm","Japan Stationery","Shopee",3,497.10,165.70,165.70,165.70,3,2025-11-12,2026-02-19,1
"4902778302293","Uni Mitsubishi Smudge-Proof Lead with Metal Case 0.3/0.5 mm UL-SM-0.3 UL-SM-0.5","HB (0.3)","Japan Stationery","Shopee",10,497.00,49.70,49.70,49.70,9,2025-07-15,2026-04-07,1
"4902778322185","Uni Mitsubishi Uniball ZENTO Basic Standard Flow Gel Pens 0.38/0.5mm UBNZS38.15 UBNZS38 UBNZS05","Basic Blue 0.38 | Basic Blue ink 0.38","Japan Stationery","Shopee",33,496.10,15.03,9.70,15.20,30,2025-07-29,2026-06-28,1
"4902505684807","Pilot Juice up Sanrio Characters Japan Limited Edition Ballpoint Pen 0.5mm LJPS5S25-MAB LJPS5S25-PCB LJPS5S25-CNB LJPS5S","Cinnamonroll","Japan Stationery","Shopee",28,495.60,17.70,17.70,17.70,22,2025-10-28,2026-06-25,1
"4902778220887","Uni Kuru Toga Advance Automatic Lead Rotation (2X rotation speed) Mechanical Pencil (0.5mm)","Navy","Japan Stationery","Shopee",20,494.00,24.70,24.70,24.70,19,2025-07-04,2026-06-05,1
"6975498003885","Olight Baton Turbo Rechargeable Water Proof Magnetic Flash Light Camping Hiking Emergency EDC Torch Light","od green","Elite Camp","Shopee",2,490.00,245.00,245.00,245.00,2,2025-10-25,2025-11-09,1
"4901681813339","Zebra Sarasa Clip & Sarasa Grand Moomin Japan Limited Edition Gel Ballpoint Pen 0.5mm JJ29-MM-BK1","Green Black (Black)","Japan Stationery","Shopee",5,489.50,97.90,97.90,97.90,5,2025-07-14,2025-12-02,1
"4902778237847","Refill for Mitsubishi Multi Function Jetstream Pen SXR-600-05 (0.5mm) and SXR-600-07 (0.7mm) G2 refill","Black 0.38mm","Japan Stationery","Shopee",14,488.60,34.90,34.90,34.90,12,2025-07-14,2026-06-28,1
"4902505367281","Pilot Iroshizuku Fountain Pen Ink 50 ml INK-50-AS Pilot Iroshizuku 50ml bottle","KO-Deep Blue","Japan Stationery","Shopee",7,487.90,69.70,69.70,69.70,7,2026-01-15,2026-06-06,1
"6975498006169","Olight Seeker 4 Pro/Mini Waterproof Rechargeable Flashlight Camping Fishing UV Emergency Torch","S4 Pro -MidnightBlue","Elite Camp","Shopee",1,487.00,487.00,487.00,487.00,1,2025-08-26,2025-08-26,1
"4902506380432","Pentel Orenz Nero Mechanical Drafting Pencil (0.2mm, 0.3mm, 0.5mm) Spring loaded Metal Auto Feed","0.5mm","Japan Stationery","Shopee",4,486.10,121.52,99.70,187.00,4,2025-07-18,2025-07-27,1
"4902778331880","Uni Disney Japan Limited Edition Jetstream 4&1 Jet Stream or Type 807 MSXE516D5PMBC SXE3807D05CG MSXE516D5PMBM","4in1 Mint","Japan Stationery","Shopee",6,484.20,80.70,80.70,80.70,5,2025-09-13,2026-06-04,1
"4901480151908","KOKUYO Dotliner Glue Tape Standard, Long, Hold, Long50, Power (refill or tape set) TA-DM400-08N D400-08N","Blue,Standard (8.4mm*16m)","Japan Stationery","Shopee",18,484.20,26.90,26.90,26.90,15,2025-07-02,2026-04-16,1
"4901681886630","Zebra DelGuard Basic Anti-break Core Mechanical Pencil (0.7mm) 0.7 Japan Premium Stationery Student Gift","White (0.7mm)","Japan Stationery","Shopee",20,481.60,24.08,22.70,36.50,20,2025-08-20,2026-06-29,1
"4955414926957","Staedtler 925 -35 Drafting Mechanical Pencil Metal Body(0.3, 0.5, 0.7, 0.9, 2.0)","2.0mm","Japan Stationery","Shopee",7,480.90,68.70,68.70,68.70,7,2025-12-29,2026-05-15,1
"4902778322291","Uni Mitsubishi Uniball ZENTO Signature Gel Pen 0.38/0.5mm UBZH38.26 UBZH05M.24","Signature Silver 0.3","Japan Stationery","Shopee",2,479.40,239.70,239.70,239.70,2,2025-10-23,2025-10-24,1
"6972378120779","Olight i1R 2 Rechargeable Keychain Flashlight i1R2 Pro imorse Instant Camping Hiking Torchlight Small Portable Mini","i1R 2 Eos - Black | Black","Japan Stationery","Shopee",8,477.60,59.70,59.70,59.70,8,2025-07-26,2026-05-04,2
"4901991063516","Tombow Sharp Mechanical Pencil Monowork Monograph Work 1.3mm Exam Ideas 869S Set DPB-151A DPB-161 PCB-251 ECJ-121","ー, Full Black","Japan Stationery","Shopee",13,477.10,36.70,36.70,36.70,13,2025-08-03,2026-03-17,1
"4901991638530","Tombow Airpress Pressurized Ballpoint Pen - 0.7 mm","Yellow","Japan Stationery","Shopee",13,477.10,36.70,36.70,36.70,13,2025-09-01,2026-04-21,1
"4901991637076","Tombow Airpress Pressurized Ballpoint Pen - 0.7 mm","Full Black","Japan Stationery","Shopee",13,477.10,36.70,36.70,36.70,13,2025-10-03,2026-03-31,1
"6975498004981","Olight i3T & i3T2 Small Flashlight Dual Outpot Slim EDC Camping Hiking Torchlight Small Portable","i3T 2 EOS（Orange）","Japan Stationery","Shopee",6,476.80,79.47,79.00,79.70,6,2025-12-25,2026-04-27,1
"4902505673818","Limited Edition Anna Sui x Acro Collaboration Oil-based Ballpoint Pen SIlver Line Gold Line (0.5mm)","Gold Black","Japan Stationery","Shopee",4,476.00,119.00,119.00,119.00,4,2025-07-10,2026-05-13,1
"4548351187767","Uni Jetstream Edge Ballpoint Pen - 0.28 mm Uniball Extra Fine Tip Pen Mitsubishi (SXN-1003-28) Premium Japan","Black | 0.38 All Black","Japan Stationery","Shopee",16,475.20,29.70,29.70,29.70,13,2025-09-18,2025-12-09,2
"4902505367298","Pilot Iroshizuku Fountain Pen Ink 50 ml INK-50-AS Pilot Iroshizuku 50ml bottle","TY-Moonlit Night","Japan Stationery","Shopee",7,472.50,67.50,62.00,69.70,7,2025-12-24,2026-04-18,1
"4901681847327","Sarasa Nano 0.38 Limited Edition Winnie the Pooh W280 Zebra Japan Disney JJX72-DSWP-BK1 JJX72-DSWP-VSB JJX72-DSWP-4C","Cocoa Brown 0.38","Japan Stationery","Shopee",30,471.00,15.70,15.70,15.70,28,2025-10-10,2026-06-24,2
"4901681847341","Sarasa Nano 0.38 Limited Edition Winnie the Pooh W280 Zebra Japan Disney JJX72-DSWP-BK1 JJX72-DSWP-VSB JJX72-DSWP-4C","Shell Pink 0.38","Japan Stationery","Shopee",30,471.00,15.70,15.70,15.70,27,2025-10-04,2026-02-09,2
"4901681847334","Sarasa Nano 0.38 Limited Edition Winnie the Pooh W280 Zebra Japan Disney JJX72-DSWP-BK1 JJX72-DSWP-VSB JJX72-DSWP-4C","Greige 0.38","Japan Stationery","Shopee",30,471.00,15.70,15.70,15.70,30,2025-10-10,2026-05-08,2
"4902505641459","Pilot Iroshizuku Fountain Pen Ink Cartridges Refill (6 Cartridges) 0.8 ml IRF-6S-AS","TAK-Bamboo Charcoal","Japan Stationery","Shopee",10,470.00,47.00,47.00,47.00,9,2026-01-25,2026-06-15,1
"4902778220924","Uni Kuru Toga Advance Automatic Lead Rotation (2X rotation speed) Mechanical Pencil (0.5mm)","Light Blue","Japan Stationery","Shopee",19,469.30,24.70,24.70,24.70,19,2025-07-11,2026-05-16,1
"6977261691022","Olight Seeker 4 Pro/Mini Waterproof Rechargeable Flashlight Camping Fishing UV Emergency Torch","S4 Pro - Deep Ocean","Elite Camp","Shopee",1,469.00,469.00,469.00,469.00,1,2026-02-02,2026-02-02,1
"4953571274867","SOTO Lighter Ultra Small Strong Windproof Refillable Lightweight Compact ST-480 ST-485 ST-486","ST-486 Black","Elite Camp","Shopee",4,468.00,117.00,117.00,117.00,3,2025-12-09,2026-06-15,1
"4903419844233","Original Lihit Lab Pen / Pencil Case - Book Type A-7551 A7551","Ice Gray Camouflage","Japan Stationery","Shopee",10,467.00,46.70,46.70,46.70,10,2025-12-31,2026-04-12,1
"4902778043417","Mitsubishi Uni Jetstream 4 Color (0.5mm/0.7mm) & Mechanical Pencil (0.5mm) Limited Edition Multi","Black","Japan Stationery","Shopee",12,466.40,38.87,29.70,39.70,11,2025-07-08,2026-06-28,1
"6977261692302","Olight Sphere C Colorful Crystal Ball Light Stepless Dimming 360 Degree Multiple Lighting Effects 75 Lumens","Sphere C","Elite Camp","Shopee",5,464.50,92.90,89.70,93.70,5,2025-08-29,2026-06-11,1
"4902778272435","Uni Mitsubishi Mechanical Pencil Refill Leads 0.3/0.4/0.5/0.7/0.9 mm UL-S-0.3-25 1P","2B (0.3)","Japan Stationery","Shopee",52,462.80,8.90,8.90,8.90,40,2025-07-06,2026-06-24,1
"6977261691022","Olight Seeker 4 Pro/Mini Waterproof Rechargeable Flashlight Camping Hiking UV Emergency Compact","S4 Pro - Deep Ocean","Japan Stationery","Shopee",1,459.00,459.00,459.00,459.00,1,2025-12-08,2025-12-08,1
"6975498006305","Olight Seeker 4 Pro/Mini Waterproof Rechargeable Flashlight Camping Hiking UV Emergency Compact","S4 Pro - White","Japan Stationery","Shopee",1,459.00,459.00,459.00,459.00,1,2025-12-11,2025-12-11,1
"6975498006152","Olight Seeker 4 Pro/Mini Waterproof Rechargeable Flashlight Camping Hiking UV Emergency Compact","S4 Pro - Orange","Japan Stationery","Shopee",1,459.00,459.00,459.00,459.00,1,2026-02-19,2026-02-19,1
"6975498001829","Olight Seeker 4 Pro/Mini Waterproof Rechargeable Flashlight Camping Hiking UV Emergency Compact","S4 Mini - Black","Japan Stationery","Shopee",2,458.00,229.00,229.00,229.00,2,2025-07-18,2025-08-07,1
"4895151557864","rOtring 600 3-in-1 Multi Function Ballpoint Pen (Black, Red ink) Mechanical Pencil (0.5mm) Full Metal rotring","Blue (3-in-1)","Japan Stationery","Shopee",2,458.00,229.00,229.00,229.00,2,2025-12-27,2026-01-07,1
"4895151557871","rOtring 600 3-in-1 Multi Function Ballpoint Pen (Black, Red ink) Mechanical Pencil (0.5mm) Full Metal rotring","Green (3-in-1)","Japan Stationery","Shopee",2,458.00,229.00,229.00,229.00,2,2026-01-31,2026-02-10,1
"4901681847310","Sarasa Nano 0.38 Limited Edition Winnie the Pooh W280 Zebra Japan Disney JJX72-DSWP-BK1 JJX72-DSWP-VSB JJX72-DSWP-4C","Powder Blue 0.38","Japan Stationery","Shopee",29,455.30,15.70,15.70,15.70,28,2025-10-10,2026-06-11,2
"6977261693620","Olight Oclip & oclip Pro Rechargable EDC Flashlight White & Red Light","Pro-Bundesflagge","Japan Stationery","Shopee",3,455.00,151.67,149.00,157.00,3,2026-02-28,2026-04-24,1
"6975498001386","Olight Baton 3 (Pro) (Pro Max) Rechargeable Water Proof Magnetic Flash Light Camping Hiking Emergency EDC Torch Light","Baton3Pro-Orange","Elite Camp","Shopee",2,454.00,227.00,227.00,227.00,2,2025-12-16,2026-01-15,1
"4901681382316","Zebra ClickArt Pen Fine Liner Marker Water Based Set 12pcs 36pcs 48 pcs limited edition Click Art","Orange Pack","Japan Stationery","Shopee",7,452.90,64.70,64.70,64.70,4,2025-07-29,2026-04-29,1
"4902778326114","Uni Kurutoga KS & Switch & Replacement Lead 25-02 Limited Edition M3KS1P.WPC M5KS1P.CCM M5KS1P.MCA M5KS1P.SBM","0.5 Cookie Cream","Japan Stationery","Shopee",16,451.20,28.20,28.20,28.20,15,2025-07-01,2025-08-25,1
"4902778326091","Uni Kurutoga KS & Switch & Replacement Lead 25-02 Limited Edition M3KS1P.WPC M5KS1P.CCM M5KS1P.MCA M5KS1P.SBM","0.5 Matcha","Japan Stationery","Shopee",16,451.20,28.20,28.20,28.20,16,2025-07-18,2025-10-19,1
"6977261692272","Olight imini 2 Rechargeable Mini Flashlight Instant Activation Camping Hiking Torchlight Small Portable","Dream Blue","Japan Stationery","Shopee",7,449.00,64.14,57.00,67.00,7,2025-08-04,2026-05-24,1
"6975498005605","Olight Javelot & Javelot Mini & Javelot Pro Waterproof Flashlight Rechargeable Emergency Camping","Javelot OD Green","Japan Stationery","Shopee",1,449.00,449.00,449.00,449.00,1,2025-08-05,2025-08-05,1
"4977114211607","Platinum Pro-Use 171 Drafting Pencil Metal Grip Professional Mechanical Pencil (0.3mm 0.5mm 0.7mm 0.9mm)","0.3mm Grey","Japan Stationery","Shopee",5,448.50,89.70,89.70,89.70,5,2025-08-03,2026-05-22,1
"6977261693118","Olight Oclip & oclip Pro Rechargable EDC Flashlight White & Red Light","Pro-Ancient Script","Japan Stationery","Shopee",3,447.00,149.00,149.00,149.00,3,2026-04-10,2026-04-27,1
"6975498001317","Olight Baton 3 (Pro) (Pro Max) Rechargeable Water Proof Magnetic Flash Light Camping Hiking Emergency EDC Torch Light","Baton3Pro-BlackNWL","Elite Camp","Shopee",2,446.00,223.00,219.00,227.00,2,2026-02-16,2026-05-25,1
"4901480278650","Kokuyo Campus Notebook B5 A4 A6 Environmentally Friendly Notebook 7mm 6mm Normal-Medium Lines ノ-3ANX3 ノ-4ANX3 ノ-5ANX3","30S-3sets-7mm-PNK-A4","Japan Stationery","Shopee",9,445.50,49.50,49.50,49.50,7,2026-03-02,2026-06-25,1
"4902778302385","New Kuru Toga KS Uni Japan Mechanical Pencil Lead Self-rotating M3/5-KS Upgraded Version 0.3mm/0.5mm","0.5 Navy","Japan Stationery","Shopee",16,443.20,27.70,27.70,27.70,16,2025-07-01,2026-06-18,1
"6977261690384","Olight Arkfeld Pro & Ultra Green Laser & White Light Dual Slim Flashlight Waterproof Torchlight","color:ultra black","Japan Stationery","Lazada",1,442.19,442.19,442.19,442.19,1,2025-08-04,2025-08-04,1
"6977261691664","Olight Arkfeld Pro & Ultra Green Laser & White Light Dual Slim Flashlight Waterproof Torchlight","Ultra Navy Blue","Elite Camp","Shopee",1,440.00,440.00,440.00,440.00,1,2025-08-25,2025-08-25,1
"6977261690971","Olight Arkfeld Pro & Ultra Green Laser & White Light Dual Slim Flashlight Waterproof Torchlight","Ultra Class 3R Grey","Elite Camp","Shopee",1,440.00,440.00,440.00,440.00,1,2026-02-11,2026-02-11,1
"6975498006497","Olight Seeker 4 Pro/Mini Waterproof Rechargeable Flashlight Camping Fishing UV Emergency Torch","S4 Mini Ti (LIMITED)","Elite Camp","Shopee",1,439.00,439.00,439.00,439.00,1,2025-11-23,2025-11-23,1
"6975498004950","Olight Seeker 4 Pro/Mini Waterproof Rechargeable Flashlight Camping Hiking UV Emergency Compact","S4 Pro - OD Green","Japan Stationery","Shopee",1,439.00,439.00,439.00,439.00,1,2026-05-21,2026-05-21,1
"4902505492488","Pilot Iroshizuku Fountain Pen Ink (Mini 3-Piece Set) 15 ml INK-15-3AS","3KS-Drizzle","Japan Stationery","Shopee",5,435.00,87.00,87.00,87.00,4,2025-11-05,2026-03-18,1
"4902505492570","Pilot Iroshizuku Fountain Pen Ink (Mini 3-Piece Set) 15 ml INK-15-3AS","3TT-Azalea","Japan Stationery","Shopee",5,435.00,87.00,87.00,87.00,5,2026-01-17,2026-04-30,1
"4902506172938","Japan Version Pentel Graph Gear 500 Drafting Mech Pencil 0.3 0.4 0.5 0.7 0.9mm PG513 PG514 PG515 PG517 PG519","0.4mm","Japan Stationery","Shopee",22,433.40,19.70,19.70,19.70,21,2025-10-22,2026-06-30,1
"4901140904752","Iwatani Tatsujin Slim III Portable Gas Stove Outdoor Camping Dapur Gas Teppanyaki Sukiyaki Takoyaki Emergency CB-SS-50","Hard Case","Elite Camp","Lazada",4,430.62,107.66,81.92,118.99,3,2025-08-31,2026-06-21,1
"6975498005483","Olight Oclip Rechargable EDC Flashlight  White & Red Light","Orange","Elite Camp","Shopee",3,429.00,143.00,129.00,150.00,2,2026-03-02,2026-04-08,1
"X000HCITHR","Iwatani Junior CB-JCB Compact Burner Camping Stove Mini Outdoor Hiking","Silver","Elite Camp","Shopee",2,427.70,213.85,198.70,229.00,2,2026-02-06,2026-06-07,1
"4902778244036","Uni Kuru Toga Advance Automatic Lead Rotation (2X speed) Mechanical Pencil (0.7mm)","White (0.7mm)","Japan Stationery","Shopee",16,427.20,26.70,26.70,26.70,15,2025-07-01,2025-08-08,1
"4902778326039","Uni Kurutoga KS & Switch & Replacement Lead 25-02 Limited Edition M3KS1P.WPC M5KS1P.CCM M5KS1P.MCA M5KS1P.SBM","0.5 Strawberry M","Japan Stationery","Shopee",15,423.00,28.20,28.20,28.20,15,2025-07-31,2025-12-11,1
"6977261694832","Olight ArkPro Class 3R Flat Unibody EDC Flashlight with Multi-Light Sources","OD Green","Japan Stationery","Shopee",1,420.00,420.00,420.00,420.00,1,2026-05-26,2026-05-26,1
"4902778220894","Uni Kuru Toga Advance Automatic Lead Rotation (2X rotation speed) Mechanical Pencil (0.5mm)","Green","Japan Stationery","Shopee",17,419.90,24.70,24.70,24.70,16,2025-07-11,2026-06-24,1
"4971516026081","Ohto Bloom 3-in-1 2 Color 0.7 mm Ballpoint Multi Pen + 0.5 mm Pencil Premium Japan","Iron Grey","Japan Stationery","Shopee",3,419.10,139.70,139.70,139.70,3,2025-07-03,2025-10-15,1
"4971516026074","Ohto Bloom 3-in-1 2 Color 0.7 mm Ballpoint Multi Pen + 0.5 mm Pencil Premium Japan","Ice White","Japan Stationery","Shopee",3,419.10,139.70,139.70,139.70,3,2025-12-03,2026-05-26,1
"6977261690855","Olight Warrior X3 & X4 Rechargeable Tactical Flashlight Waterproof Torchlight Compact Torch Flash","X4 Flat Dark Earth","Japan Stationery","Shopee",1,419.00,419.00,419.00,419.00,1,2025-08-24,2025-08-24,1
"4902505390562","Pilot Iroshizuku Fountain Pen Ink 50 ml INK-50-AS Pilot Iroshizuku 50ml bottle","YG-Wild Chestnut","Japan Stationery","Shopee",6,418.20,69.70,69.70,69.70,6,2026-01-04,2026-05-30,1
"4902506188403","Japan Version Pentel Graph Gear 1000 Drafting Mech Pencil PG1015 0.3 0.4 0.5 0.7 0.9mm Graphgear 1000 Limited Edition","Variation3:0.9mm","Japan Stationery","Lazada",13,418.19,32.17,26.80,37.09,12,2025-10-03,2026-06-12,1
"6975498006374","Olight Baton 4 Powerful EDC Flashlight 1300 Lumens Rechargeable Water Proof Camping Hiking Torch","Candy Cane","Japan Stationery","Shopee",2,418.00,209.00,199.00,219.00,2,2026-02-21,2026-03-29,1
"4901681416714","Original Japan Zebra Mildliner Double Sided Highlighter Set - Pack of 5 Colors","WKT7-5C-NC-N","Japan Stationery","Shopee",20,418.00,20.90,20.90,20.90,18,2025-07-03,2026-01-11,1
"4901681416738","Original Japan Zebra Mildliner Double Sided Highlighter Set - Pack of 5 Colors","WKT7-5C-RC-N","Japan Stationery","Shopee",20,418.00,20.90,20.90,20.90,20,2025-07-22,2025-12-25,1
"4901770709727","Metacil Non sharpening Metal Pencil (Metal Body) for Artist Drawing, Sketching SUN-STAR Stylish Japan premium","Refill Pack","Japan Stationery","Shopee",14,415.80,29.70,29.70,29.70,14,2025-07-11,2026-06-29,1
"4901480396750","Kokuyo Harinacs Latest Color Staplerless Stapler Gun-Type Paper Press 10 Sheets","Sepia Black","Japan Stationery","Shopee",8,415.20,51.90,51.90,51.90,3,2026-01-07,2026-05-14,1
"3501179044538","rOtring Trio 3in1 / Quattro 4in1 Gravity Mechanism Multi Function Pen Graphite","Trio 3in1 Black","Japan Stationery","Shopee",3,411.00,137.00,137.00,137.00,3,2025-11-10,2026-02-14,1
"6977261694856","Olight ArkPro Class 3R Flat Unibody EDC Flashlight with Multi-Light Sources","Orange","Japan Stationery","Shopee",1,410.00,410.00,410.00,410.00,1,2026-05-23,2026-05-23,1
"4903419832759","Original Lihit Lab Pen / Pencil Case - Book Type XL (Double) A-7555 A7555","Black","Japan Stationery","Shopee",6,407.40,67.90,67.90,67.90,6,2025-12-29,2026-05-30,1
"4902778214565","Uni Jetstream Prime 3 Color Ballpoint Multi Pen - 0.5 mm","Bordeaux","Japan Stationery","Shopee",3,407.10,135.70,135.70,135.70,2,2025-09-18,2026-01-09,1
"6977261692623","Olight i3T & i3T2 Small Flashlight Dual Outpot Slim EDC Camping Hiking Torchlight Small Portable","Midnight Blue | i3T 2 -Midnight Blue","Japan Stationery","Shopee",5,406.60,81.32,79.00,87.90,5,2025-08-19,2026-06-13,1
"4902778332160","Uni Disney Japan Limited Edition Jetstream 4&1 Jet Stream or Type 807 MSXE516D5PMBC SXE3807D05CG MSXE516D5PMBM","4in1 White","Japan Stationery","Shopee",5,403.50,80.70,80.70,80.70,5,2025-08-09,2026-01-11,1
"4902505380570","Pilot Iroshizuku Fountain Pen Ink 50 ml INK-50-AS Pilot Iroshizuku 50ml bottle","YU-Evening Glow","Japan Stationery","Shopee",6,402.80,67.13,62.00,69.70,6,2025-07-24,2026-06-07,1
"6972378129062","Olight Warrior 3S Tactical Flashlight with Proximity Sensor Rechargeable Camping Hiking Torchlight Torch Flash","Color:OD Green","Japan Stationery","Lazada",1,402.19,402.19,402.19,402.19,1,2025-07-29,2025-07-29,1
"4901681853571","Zebra DelGuard Metal Grip Type-Lx Anti-break Core Mechanical Pencil (0.5mm)","White  Eraser Bonus","Japan Stationery","Shopee",13,401.40,30.88,29.70,45.00,13,2025-08-08,2026-06-25,1
"6977261691282","Olight Perun 3 & Perun 3 Mini Waterproof Headlight Camping Hiking Fishing Flashlight Torchlight Compact Torch Headlamp","Perun 3 Mini Premium","Elite Camp","Shopee",1,399.00,399.00,399.00,399.00,1,2026-06-23,2026-06-23,1
"6972378124531","Olight i3T & i3T2 Small Flashlight Dual Outpot Slim EDC Camping Hiking Torchlight Small Portable","i3T Plus - Black","Japan Stationery","Shopee",4,398.80,99.70,99.70,99.70,4,2025-07-26,2026-02-26,1
"6975498002918","Olight Baton 4 Powerful EDC Flashlight 1300 Lumens Rechargeable Water Proof  Flash Light Camping Hiking Torch Light","Black","Elite Camp","Shopee",2,398.00,199.00,199.00,199.00,2,2026-06-12,2026-06-21,1
"4902778043561","Uni Shift Pipe Lock Retractable Mechanical Pencils 0.3/0.5/0.7/0.9 mm M31010.26 M41010.26 M51010.26 M51010.24 M71010.26","0.5mm, Silver","Japan Stationery","Shopee",8,397.60,49.70,49.70,49.70,7,2025-09-29,2026-06-11,1
"4902778271995","Kuru Toga Switch Alpha Gel Automatic Lead Rotation Mechanical Pencil (0.5mm) Uni Kurutoga","0.5mm Black","Japan Stationery","Shopee",8,397.60,49.70,49.70,49.70,8,2025-08-28,2026-05-03,1
"4901770686523","Metacil Non sharpening Metal Pencil (Metal Body) for Artist Drawing, Sketching SUN-STAR Stylish Japan premium","White","Japan Stationery","Shopee",10,397.00,39.70,39.70,39.70,8,2025-09-22,2026-05-16,1
"4903419821067","Original Lihit Lab Pen / Pencil Case – Large Double Book Type","Blue","Japan Stationery","Shopee",6,394.20,65.70,65.70,65.70,6,2025-07-01,2026-06-28,1
"4005556209774","Original Ravensburger Minecraft: Builders & Biome Board Game Strategy","Heroes Board Game","Japan Stationery","Shopee",2,394.00,197.00,197.00,197.00,2,2025-12-09,2025-12-12,1
"4902778129487","Auto Lead Rotation Uni Kuru Toga Roulette Model Mechanical Pencil (0.5mm)","Color:Silver | Color family:Silver","Japan Stationery","Lazada",10,391.62,39.16,35.25,43.09,10,2025-07-07,2026-03-26,1
"4903419832797","Original Lihit Lab Pen / Pencil Case – 2 Way Pen Case A-7552 A7552 A-7557 A7557","Black Double","Japan Stationery","Shopee",7,389.90,55.70,55.70,55.70,7,2025-12-07,2026-02-18,1
"4901681119295","Zebra Mildliner Special 2026 Gentle & Natural Mild 10-Color Set Japan Limited Edition","10 Color Set","Japan Stationery","Shopee",8,389.60,48.70,42.70,50.70,6,2026-04-02,2026-06-30,1
"6972378124630","Olight i3T Small Flashlight Dual Outpot Slim EDC Camping Hiking Torchlight Small Portable","i3T Plus - OD Green","Elite Camp","Shopee",4,388.00,97.00,97.00,97.00,4,2025-07-10,2025-11-15,1
"6975498003908","Olight Baton 4 Powerful EDC Flashlight 1300 Lumens Rechargeable Water Proof  Flash Light Camping Hiking Torch Light","Premium White","Elite Camp","Shopee",1,387.00,387.00,387.00,387.00,1,2025-08-15,2025-08-15,1
"6977261692685","Olight O'Pen 3 Multifunctional Pen Light with 120 Lumens & Green Laser","Black","Japan Stationery","Shopee",1,384.00,384.00,384.00,384.00,1,2026-05-14,2026-05-14,1
"6977261695457","Olight O'Pen 3 Multifunctional Pen Light with 120 Lumens & Green Laser","Orange","Japan Stationery","Shopee",1,384.00,384.00,384.00,384.00,1,2026-05-24,2026-05-24,1
"6977261695464","Olight O'Pen 3 Multifunctional Pen Light with 120 Lumens & Green Laser","Wine Red","Japan Stationery","Shopee",1,384.00,384.00,384.00,384.00,1,2026-05-29,2026-05-29,1
"4901681581047","Original Japan Zebra Mildliner Double Sided Highlighter Set - Pack of 5 Colors","WKT7-5C-HC-N","Japan Stationery","Shopee",18,382.50,21.25,17.90,30.00,18,2025-07-13,2026-06-30,1
"4902778319437","Uni Mitsubishi Kurutoga KS Switch Limited Edition  Mechanical Pencil 0.5mm M5KS1P.BRY M51009GG1P.AG M5KSSR1P.BHG ULSF051","BCL Blue","Japan Stationery","Shopee",10,382.00,38.20,38.20,38.20,10,2025-07-12,2026-05-19,1
"4902505686177","Pilot PRERA New Color Majinhitsu Fountain Pen Fine/Medium P-FPR-1-RBN-F P-FPR-1-RBN-M P-FPR-1-OW-F P-FPR-1-OW-M P-FPR-1-","Off White M","Japan Stationery","Shopee",2,381.40,190.70,190.70,190.70,2,2025-07-04,2026-05-28,1
"4902505686153","Pilot PRERA New Color Majinhitsu Fountain Pen Fine/Medium P-FPR-1-RBN-F P-FPR-1-RBN-M P-FPR-1-OW-F P-FPR-1-OW-M P-FPR-1-","Red Brown M","Japan Stationery","Shopee",2,381.40,190.70,190.70,190.70,2,2025-11-02,2025-11-12,1
"4902505686160","Pilot PRERA New Color Majinhitsu Fountain Pen Fine/Medium P-FPR-1-RBN-F P-FPR-1-RBN-M P-FPR-1-OW-F P-FPR-1-OW-M P-FPR-1-","Off White F","Japan Stationery","Shopee",2,381.40,190.70,190.70,190.70,2,2026-01-04,2026-05-27,1
"4902505686214","Pilot PRERA New Color Majinhitsu Fountain Pen Fine/Medium P-FPR-1-RBN-F P-FPR-1-RBN-M P-FPR-1-OW-F P-FPR-1-OW-M P-FPR-1-","Dark Turquoise M","Japan Stationery","Shopee",2,381.40,190.70,190.70,190.70,2,2026-01-09,2026-02-25,1
"4902505686184","Pilot PRERA New Color Majinhitsu Fountain Pen Fine/Medium P-FPR-1-RBN-F P-FPR-1-RBN-M P-FPR-1-OW-F P-FPR-1-OW-M P-FPR-1-","Warm Yellow F","Japan Stationery","Shopee",2,381.40,190.70,190.70,190.70,2,2026-02-25,2026-04-25,1
"X000U0L0KT","rOtring 600 Special Color Edition Full Metal Drafting Pencil (0.5 mm), Ballpoint Pen, Blue / Red / Green rotring","Red Ballpoint Pen","Japan Stationery","Shopee",3,381.00,127.00,127.00,127.00,3,2025-07-09,2025-07-14,1
"6975498003670","Olight Prowess Multifunctional Flashlight with Bidirectional Lighting Camping Hiking","Black","Japan Stationery","Shopee",1,379.00,379.00,379.00,379.00,1,2026-06-29,2026-06-29,1
"4902778280393","Kuru Toga Switch Alpha Gel Automatic Lead Rotation Mechanical Pencil (0.5mm) Uni Kurutoga","0.5mm Yellow","Japan Stationery","Shopee",7,377.90,53.99,39.70,69.70,7,2025-07-16,2026-06-26,1
"4901140905155","Iwatani Tatsujin Slim III Portable Gas Stove Outdoor Camping Dapur Gas Teppanyaki Sukiyaki Takoyaki Emergency CB-SS-50","Yakiniku Plate (L)","Elite Camp","Lazada",4,377.12,94.28,90.21,99.72,4,2025-12-14,2026-06-01,1
"4902778320921","Uni Mitsubishi Jetstream Prime Light Touch Ink 3-Color Ballpoint Pen 0.5mm SXE3LPR05.46 SXE3LPR05.39 SXE3LPR05.51 SXE3LP","Ivy Green","Japan Stationery","Shopee",3,377.10,125.70,125.70,125.70,3,2025-07-09,2026-05-14,1
"4901140905131","Iwatani Tatsujin Slim III Portable Gas Stove Outdoor Camping Dapur Gas Takoyaki Emergency CB-SS-50","Amiyaki Plate","Elite Camp","Shopee",2,376.00,188.00,188.00,188.00,2,2026-02-14,2026-02-23,1
"6977261691664","Olight Arkfeld Pro & Ultra Green Laser & White Light Dual Slim Flashlight Waterproof Torchlight","color:Ultra Navy Blue","Japan Stationery","Lazada",1,369.60,369.60,369.60,369.60,1,2025-08-11,2025-08-11,1
"4902778183892","Uni Kuru Toga Basic - Automatic Lead Rotation Mechanical Pencil (0.5mm)","Violet","Japan Stationery","Shopee",17,368.90,21.70,21.70,21.70,17,2025-08-02,2026-05-21,1
"6977261692449","Olight Baton 4 Powerful EDC Flashlight 1300 Lumens Rechargeable Water Proof  Flash Light Camping Hiking Torch Light","Guidance","Elite Camp","Shopee",1,367.00,367.00,367.00,367.00,1,2025-08-29,2025-08-29,1
"6977261692203","Olight Baton 4 Powerful EDC Flashlight 1300 Lumens Rechargeable Water Proof  Flash Light Camping Hiking Torch Light","PremEd FighterOrange","Elite Camp","Shopee",1,367.00,367.00,367.00,367.00,1,2025-10-18,2025-10-18,1
"4901480217727","KOKUYO Dotliner Glue Tape Standard, Long, Hold, Long50, Power (refill or tape set) TA-DM400-08N D400-08N","Red,Power (10mm*10m)","Japan Stationery","Shopee",10,367.00,36.70,36.70,36.70,5,2025-08-26,2026-04-13,1
"4901991636444","Tombow Airpress Pressurized Ballpoint Pen - 0.7 mm","Orange","Japan Stationery","Shopee",10,367.00,36.70,36.70,36.70,10,2025-07-19,2026-03-25,1
"4902778319338","Uni Mitsubishi Kurutoga KS Switch Limited Edition  Mechanical Pencil 0.5mm M5KS1P.BRY M51009GG1P.AG M5KSSR1P.BHG ULSF051","Iron Blue","Japan Stationery","Shopee",13,366.60,28.20,28.20,28.20,13,2025-07-12,2026-05-07,1
"4902778028179","Uni Kuru Toga Basic - Automatic Lead Rotation Mechanical Pencil (0.5mm)","Black","Japan Stationery","Shopee",17,364.90,21.46,19.70,21.70,12,2025-08-03,2026-06-30,1
"4902778164167","0.5mm Refill for Mitsubishi Jetstream Prime Pen SXR-200-05 (0.5mm) (D1 refill size)","Blue","Japan Stationery","Shopee",28,364.00,13.00,13.00,13.00,17,2025-07-15,2026-06-29,1
"4902506314017","Pentel Graph 1000 for Pro Drafting Pencil (0.3mm, 0.4mm, 0.5mm, 0.7mm, 0.9mm)","0.3mm","Japan Stationery","Shopee",7,361.90,51.70,51.70,51.70,7,2025-07-29,2026-01-27,1
"4006856505511","Rotring Tikky Hi-Polymer Pencil Lead (0.3 0.35 0.5 0.7 0.9 1.0 2.0 mm 2H H HB B 2B)","0.5mm 2B","Japan Stationery","Shopee",28,361.20,12.90,12.90,12.90,17,2025-10-02,2026-06-11,1
"4901681847365","Sarasa Nano 0.38 Limited Edition Winnie the Pooh W280 Zebra Japan Disney JJX72-DSWP-BK1 JJX72-DSWP-VSB JJX72-DSWP-4C","Blue Gray 0.38","Japan Stationery","Shopee",23,361.10,15.70,15.70,15.70,23,2025-10-11,2026-06-26,2
"4902506432230","Pentel Orenz Nero 2026 Limited Edition Set for Mechanical Pencil Festival Japan Limited Edition","0.3mm Carbon Black","Japan Stationery","Shopee",1,360.70,360.70,360.70,360.70,1,2026-04-02,2026-04-02,1
"4902506432223","Pentel Orenz Nero 2026 Limited Edition Set for Mechanical Pencil Festival Japan Limited Edition","0.3mm Limited Green","Japan Stationery","Shopee",1,360.70,360.70,360.70,360.70,1,2026-05-01,2026-05-01,1
"4902506314338","Pentel Super Multi 8 0.7 mm Ballpoint Pen 2 mm Lead Holder (japan import) Multi8 PH803","Pen Only","Japan Stationery","Shopee",3,359.10,119.70,119.70,119.70,3,2025-07-11,2026-04-14,1
"4977114211614","Platinum Pro-Use 171 Drafting Pencil Metal Grip Professional Mechanical Pencil (0.3mm 0.5mm 0.7mm 0.9mm)","0.5mm Dark Blue","Japan Stationery","Shopee",4,358.80,89.70,89.70,89.70,4,2025-09-22,2026-01-05,1
"4901681384518","Zebra ClickArt Pen Fine Liner Marker Water Based Set 12pcs 36pcs 48 pcs limited edition Click Art","Complete Set -36pcs","Japan Stationery","Shopee",2,358.00,179.00,179.00,179.00,2,2025-07-16,2025-12-23,1
"4901681853564","Zebra DelGuard Metal Grip Type-Lx Anti-break Core Mechanical Pencil (0.5mm)","Red Eraser Bonus","Japan Stationery","Shopee",11,357.30,32.48,29.70,45.00,11,2025-08-08,2026-05-30,1
"4901770686530","Metacil Non sharpening Metal Pencil (Metal Body) for Artist Drawing, Sketching SUN-STAR Stylish Japan premium","Navy","Japan Stationery","Shopee",9,357.30,39.70,39.70,39.70,9,2025-09-09,2026-06-30,1
"6972378126191","Olight Haloop Camping metal rechargeable Light through pole inside tent or uder flysheet","Forest Green","Elite Camp","Shopee",1,357.00,357.00,357.00,357.00,1,2025-08-07,2025-08-07,1
"4902778344019","Uni Mitsubishi LAMY Safari JETSTREAM Inside Debut Ballpoint Pen 0.5/0.7mm L7B0 L7A9 L717 L712 L718 L714 L716 LM17EF LM17","0.5mm Black","Japan Stationery","Shopee",7,354.90,50.70,50.70,50.70,6,2025-07-04,2026-05-10,1
"4901480141732","Kokuyo Tube File Eco Twin R A4 Vertical Binding Thickness 50mm Blue Double-sided Pipe File フ-RT630B フ-RT630C フ-RT640B","Blue 30mm","Japan Stationery","Shopee",7,354.90,50.70,50.70,50.70,2,2025-07-31,2025-09-03,1
"6972378120557","OLIGHT MCC 3 MCC 1A Charger Smart Magnetic Charging Cable","MCC3 Cable","Japan Stationery","Shopee",6,354.00,59.00,59.00,59.00,6,2025-08-29,2026-03-29,1
"4902778348833","Uni-ball Pure Malt Jetstream 25th Year New Model Edition 4+1s, signature pen MSXE520050588 MSXE520050520 SXNPM05.70","4+1s Amber Orange","Japan Stationery","Shopee",5,353.50,70.70,70.70,70.70,4,2026-04-04,2026-04-14,1
"4901681886463","Zebra DelGuard Original Anti-break Core Mechanical Pencil Basic (0.5mm)","White","Japan Stationery","Shopee",17,351.90,20.70,20.70,20.70,16,2025-07-05,2026-06-28,1
"4901480372846","Kokuyo Gloo Strong, Clean, Disappearing Adhesive Glue Stick Turbo G321N-1P G322N-1P G323N-1P G301N-1P","Blue S Pack of 3","Japan Stationery","Shopee",17,351.90,20.70,20.70,20.70,17,2025-07-20,2026-03-02,1
"4902778319871","Uni Mitsubishi Jetstream Prime 3&1 Ballpoint Pen 0.5/0.7mm SXE3350005.45 SXE3350005.66 SXE3350005D.9","Black 0.7","Japan Stationery","Shopee",2,351.40,175.70,175.70,175.70,2,2025-07-03,2025-09-21,1
"4902778351055","Uni Jetstream Prime 2025 Japan Limited Edition SXE3LPR05.IDL SXE3LPR05.MTL SXE3350005.BG SXE3350007.BK","Black LT","Japan Stationery","Shopee",2,351.40,175.70,175.70,175.70,2,2026-01-14,2026-06-01,2
"6977261691282","Olight Perun 3 & Perun 3 Mini Waterproof Headlight Camping Hiking Fishing Flashlight Torchlight Compact Torch Headlamp","Perun 3 Mini Premium","Japan Stationery","Shopee",1,349.00,349.00,349.00,349.00,1,2026-05-12,2026-05-12,1
"6977261690995","Olight Baton 4 Powerful EDC Flashlight 1300 Lumens Rechargeable Water Proof Camping Hiking Torch","PremEd Fighter Pilot","Japan Stationery","Shopee",1,349.00,349.00,349.00,349.00,1,2026-06-29,2026-06-29,1
"4902505367250","Pilot Iroshizuku Fountain Pen Ink 50 ml INK-50-AS Pilot Iroshizuku 50ml bottle","AS-Morning Glory","Japan Stationery","Shopee",5,348.50,69.70,69.70,69.70,5,2026-01-29,2026-06-08,1
"4902505433320","Pilot Iroshizuku Fountain Pen Ink 50 ml INK-50-AS Pilot Iroshizuku 50ml bottle","MS-Beautyberry","Japan Stationery","Shopee",5,348.50,69.70,69.70,69.70,5,2026-02-15,2026-03-28,1
"4902505367267","Pilot Iroshizuku Fountain Pen Ink 50 ml INK-50-AS Pilot Iroshizuku 50ml bottle","AJ-Hydrangea","Japan Stationery","Shopee",5,348.50,69.70,69.70,69.70,5,2026-03-05,2026-05-27,1
"6975498000815","Olight i3E EOS LED Keychain Mono Output Flashlight Torchlight Camping Hiking Compact Torch Flash","Snowflake Green","Elite Camp","Shopee",9,348.30,38.70,38.70,38.70,8,2025-08-05,2025-11-05,1
"4902505492464","Pilot Iroshizuku Fountain Pen Ink (Mini 3-Piece Set) 15 ml INK-15-3AS","3KM-Cosmos","Japan Stationery","Shopee",4,348.00,87.00,87.00,87.00,4,2025-10-17,2026-05-12,1
"4902778183915","Uni Kuru Toga Basic - Automatic Lead Rotation Mechanical Pencil (0.5mm)","Baby Pink","Japan Stationery","Shopee",16,347.20,21.70,21.70,21.70,16,2025-07-23,2026-05-03,1
"4901480141749","Kokuyo Tube File Eco Twin R A4 Vertical Binding Thickness 50mm Blue Double-sided Pipe File フ-RT630B フ-RT630C フ-RT640B","Blue 50mm","Japan Stationery","Shopee",6,346.20,57.70,57.70,57.70,1,2026-06-26,2026-06-26,1
"4955414925202","Staedtler 925-25 Drafting Mechanical Pencil Metal Body (0.3mm, 0.5mm, 0.7mm, 0.9mm,1.3mm, 2.0mm)","2.0mm","Japan Stationery","Shopee",5,343.50,68.70,68.70,68.70,5,2025-11-10,2026-03-26,1
"4955414926933","Staedtler 925 -35 Drafting Mechanical Pencil Metal Body(0.3, 0.5, 0.7, 0.9, 2.0)","0.9mm","Japan Stationery","Shopee",5,343.50,68.70,68.70,68.70,3,2026-02-16,2026-03-27,1
"6977261692975","Olight i1R 2 Rechargeable Keychain Flashlight i1R2 Pro imorse Camping Hiking Torchlight Small Mini","Pro - Capsule Orange","Japan Stationery","Shopee",5,343.50,68.70,68.70,68.70,5,2026-05-27,2026-06-27,1
"4901140905209","Iwatani Tatsujin Slim III Portable Gas Stove Outdoor Camping Dapur Gas Teppanyaki Sukiyaki Takoyaki Emergency CB-SS-50","Cooking Bowl","Elite Camp","Lazada",3,343.12,114.37,107.00,118.06,2,2026-05-22,2026-06-21,1
"4902505380556","Pilot Iroshizuku Fountain Pen Ink 50 ml INK-50-AS Pilot Iroshizuku 50ml bottle","MO-Maple","Japan Stationery","Shopee",5,340.80,68.16,62.00,69.70,5,2025-12-24,2026-03-06,1
"6972378124548","Olight Warrior X3 Rechargeable Tactical Flashlight Waterproof Torchlight Camping Hiking Compact Torch Flash x4","X3 Black","Elite Camp","Shopee",1,339.00,339.00,339.00,339.00,1,2026-06-18,2026-06-18,1
"6975498003014","Olight Arkflex 90 Degree Rotating Head EDC Flashlight 1000 Lumens 85 Meters","Black","Japan Stationery","Shopee",1,339.00,339.00,339.00,339.00,1,2025-10-02,2025-10-02,1
"6972378124548","Olight Warrior X3 & X4 Rechargeable Tactical Flashlight Waterproof Torchlight Compact Torch Flash","X3 Black","Japan Stationery","Shopee",1,339.00,339.00,339.00,339.00,1,2026-04-22,2026-04-22,1
"6972378123213","Olight O'pen Pro LED Penlight with Laser Pointer Rechargeable EDC","Black","Japan Stationery","Shopee",1,338.00,338.00,338.00,338.00,1,2026-01-04,2026-01-04,1
"6975498006138","Olight Warrior 3S Tactical Flashlight Proximity Sensor Rechargeable Hiking Torchlight Torch Flash","Regal Blue","Elite Camp","Shopee",1,337.00,337.00,337.00,337.00,1,2026-05-21,2026-05-21,1
"6977261690193","Olight Perun 3 & Perun 3 Mini Waterproof Headlight Camping Hiking Fishing Flashlight Torchlight Compact Torch Headlamp","Perun 3","Elite Camp","Shopee",1,337.00,337.00,337.00,337.00,1,2026-05-23,2026-05-23,1
"6975498002116","Olight Seeker 4 Pro/Mini Waterproof Rechargeable Flashlight Camping Fishing UV Emergency Torch","S4 - Matte Black","Elite Camp","Shopee",1,337.00,337.00,337.00,337.00,1,2026-06-05,2026-06-05,1
"4902506185358","Japan Version Pentel Graph Gear 1000 Drafting Mech Pencil PG1015 0.3 0.4 0.5 0.7 0.9mm Graphgear 1000 Limited Edition","Variation3:0.3mm","Japan Stationery","Lazada",11,336.99,30.64,23.90,34.50,11,2025-09-08,2026-05-08,1
"4902505684821","Pilot Juice up Sanrio Characters Japan Limited Edition Ballpoint Pen 0.5mm LJPS5S25-MAB LJPS5S25-PCB LJPS5S25-CNB LJPS5S","Kuromi","Japan Stationery","Shopee",19,336.30,17.70,17.70,17.70,17,2025-10-11,2026-06-23,1
"4902778325988","Mitsubishi Uni Kuru Toga Wood 0.5mm New 2025 M5KW1P.23 M5KW1P.88","Color:Forest Green","Japan Stationery","Lazada",2,334.59,167.29,165.70,168.89,2,2026-02-03,2026-04-10,1
"4902505374753","Pilot Iroshizuku Fountain Pen Ink 50 ml INK-50-AS Pilot Iroshizuku 50ml bottle","SY-Shoro Mushroom","Japan Stationery","Shopee",5,333.10,66.62,62.00,69.70,5,2025-09-02,2026-06-23,1
"4014519790686","Uni Mitsubishi LAMY Safari JETSTREAM Inside Debut Ballpoint Pen 0.5/0.7mm L7B0 L7A9 L717 L712 L718 L714 L716 LM17EF LM17","Umbra","Japan Stationery","Shopee",2,331.40,165.70,165.70,165.70,2,2025-07-03,2025-07-05,1
"4902778319055","Uni Mitsubishi Jetstream × Karimoku Multi-functional 4&1 Ballpoint Pen Limited Edition MSXE5KF05.CGB MSXE5KF05.CGG","Blue Green","Japan Stationery","Shopee",2,331.40,165.70,165.70,165.70,2,2025-08-24,2025-08-24,1
"4901480374062","Kokuyo Hasa-003 High Quality Scissors For Paper And Crafts, Fine Pointed Kai Blade Black HASA-001 HASA-002 HASA-003","Paper/Work","Japan Stationery","Shopee",3,330.00,110.00,110.00,110.00,3,2025-10-13,2026-05-17,1
"6972378127624","Olight Arkfeld Green Laser & White Light Dual Slim Flashlight Waterproof Torchlight Camping Hiking Compact Torch Flash","OD Green","Elite Camp","Shopee",1,329.00,329.00,329.00,329.00,1,2025-10-02,2025-10-02,1
"6926540912778","OLIGHT MCC 3 MCC 1A Charger Smart Magnetic Charging Cable","MCC-1A Cable","Japan Stationery","Shopee",7,329.00,47.00,47.00,47.00,7,2025-08-21,2026-04-19,1
"4895151500051","rOtring 800 Ballpoint pen / Pencil - Premium Office Gift Executive Signature Pen","Color:800 Pen Black BP","Japan Stationery","Lazada",1,329.00,329.00,329.00,329.00,1,2026-01-25,2026-01-25,1
"4903419821074","Original Lihit Lab Pen / Pencil Case – Large Double Book Type","Black","Japan Stationery","Shopee",5,328.50,65.70,65.70,65.70,5,2025-12-23,2026-03-02,1
"6972378120908","Olight i1R 2 Rechargeable Keychain Flashlight i1R2 Pro imorse Instant Camping Hiking Torchlight Small Portable Mini","Dessert","Japan Stationery","Shopee",5,327.80,65.56,59.70,89.00,5,2026-01-03,2026-05-01,2
"4953571073101","Soto Compact Camping Stove ST-310 Outdoor Hiking Wild Camping Regulator Burner Gas Stove ST310","Silver","Elite Camp","Shopee",1,327.00,327.00,327.00,327.00,1,2025-10-07,2025-10-07,1
"4903419830601","Original Lihit Lab Pen / Pencil Case - Book Type A-7551 A7551","Navy Camouflage","Japan Stationery","Shopee",7,326.90,46.70,46.70,46.70,7,2025-12-29,2026-05-28,1
"4903419842062","Original Lihit Lab Pen / Pencil Case - Book Type A-7551 A7551","Brown","Japan Stationery","Shopee",7,326.90,46.70,46.70,46.70,7,2026-01-02,2026-06-19,1
"4903419830595","Original Lihit Lab Pen / Pencil Case - Book Type A-7551 A7551","Green Camouflage","Japan Stationery","Shopee",7,326.90,46.70,46.70,46.70,7,2026-01-04,2026-05-18,1
"4901681812899","Zebra Sarasa Clip & Sarasa Grand Moomin Japan Limited Edition Gel Ballpoint Pen 0.5mm JJ29-MM-BK1","Black","Japan Stationery","Shopee",8,325.60,40.70,40.70,40.70,7,2025-07-11,2026-02-01,1
"4902778303474","Uni Jetstream 4in1 Bamboo Multifunction Ballpoint Pen + Pencil 0.5 mm MSXE5-2000B-05","Sage","Japan Stationery","Shopee",6,322.50,53.75,48.70,79.00,5,2025-07-11,2026-05-11,1
"4902506406484","Japan Pentel Ain Mechanical Pencil Lead 0.2/0.3/0.4/0.5/0.7/0.9/1.3 mm","0.4 2B","Japan Stationery","Shopee",27,321.30,11.90,11.90,11.90,17,2025-10-05,2026-06-21,1
"4902778603413","Uni Mitsubishi Hi-Uni GRCT Mechanical Pencil Refill Leads 0.3/0.5 mm HU033002H HU03300H HU03300HB HU03300B","HB (0.5)","Japan Stationery","Shopee",17,321.30,18.90,18.90,18.90,9,2025-10-10,2026-06-10,1
"4902668669017","Zebra DelGuard Jujutsu Kaisen LIMITED EDITION Mechanical Pencil 0.5 mm HH4001Gojo Geto Ieiri Nanami","Delguard/Geto","Japan Stationery","Shopee",6,319.80,53.30,53.30,53.30,6,2025-07-11,2026-04-23,2
"4902505684814","Pilot Juice up Sanrio Characters Japan Limited Edition Ballpoint Pen 0.5mm LJPS5S25-MAB LJPS5S25-PCB LJPS5S25-CNB LJPS5S","My Melody","Japan Stationery","Shopee",18,318.60,17.70,17.70,17.70,18,2025-10-21,2026-06-17,1
"4902778309575","Kuru Toga Switch Alpha Gel Automatic Lead Rotation Mechanical Pencil (0.5mm) Uni Kurutoga","0.5mm Opal Green","Japan Stationery","Shopee",6,318.20,53.03,49.70,69.70,6,2025-07-17,2026-04-30,1
"6977261690889","Olight i3T & i3T2 Small Flashlight Dual Outpot Slim EDC Camping Hiking Torchlight Small Portable","i3T 2 (OD Green)","Japan Stationery","Shopee",4,318.10,79.53,79.00,79.70,4,2025-10-24,2026-03-29,1
"6977261690834","Olight Oclip Rechargable EDC Flashlight  White & Red Light","Pro - Orange","Elite Camp","Shopee",2,318.00,159.00,149.00,169.00,2,2026-03-22,2026-05-19,1
"4901681277766","Zebra DelGuard Rubber Grip Type - GR Anti-break Core Mechanical Pencil (0.5mm)","White","Japan Stationery","Shopee",7,317.10,45.30,43.70,54.90,7,2025-07-20,2026-05-06,1
"3501179001814","rOtring 800+ Mechanical Pencil + Stylus (Mech Pencil 0.5mm, 0.7mm) Ipad Iphone Android Tab rotring","0.5mm Black","Japan Stationery","Shopee",1,317.00,317.00,317.00,317.00,1,2026-01-15,2026-01-15,1
"3501179001845","rOtring 800+ Mechanical Pencil + Stylus (Mech Pencil 0.5mm, 0.7mm) Ipad Iphone Android Tab rotring","0.7mm Silver","Japan Stationery","Shopee",1,317.00,317.00,317.00,317.00,1,2026-01-19,2026-01-19,1
"4902778229620","Refill for Mitsubishi Multi Function Jetstream Pen SXR-600-05 (0.5mm) and SXR-600-07 (0.7mm) G2 refill","Black 0.5mm","Japan Stationery","Shopee",9,314.10,34.90,34.90,34.90,7,2025-07-02,2026-06-22,1
"3501179001821","rOtring 800+ Mechanical Pencil + Stylus (Mech Pencil 0.5mm, 0.7mm) Ipad Iphone Android Tab rotring","Color:0.7mm Black","Japan Stationery","Lazada",1,314.00,314.00,314.00,314.00,1,2026-01-25,2026-01-25,1
"4901681886616","Zebra DelGuard Basic Anti-break Core Mechanical Pencil (0.7mm) 0.7 Japan Premium Stationery Student Gift","Black (0.7mm)","Japan Stationery","Shopee",12,313.80,26.15,22.70,36.50,12,2025-07-09,2026-06-18,1
"4901681131587","Zebra Snoopy Wakuwaku Delguard Mildliner Macky Sarasa Japan Limited Edition P-MA85-SN-WS-PU WKT7-SN-WS-MBP YYTS7-SN-WS-B","Del Purple 0.5mm","Japan Stationery","Shopee",9,312.30,34.70,34.70,34.70,9,2026-03-24,2026-06-26,1
"4901681131594","Zebra Snoopy Wakuwaku Delguard Mildliner Macky Sarasa Japan Limited Edition P-MA85-SN-WS-PU WKT7-SN-WS-MBP YYTS7-SN-WS-B","Del Clear 0.5mm","Japan Stationery","Shopee",9,312.30,34.70,34.70,34.70,9,2026-03-25,2026-06-16,1
"4902778320433","Uni Mitsubishi Uni-ball One F Japan Limited Edition Ballpoint Pen 0.38/0.5mm UMNSFCC38.CP UMNSFCC38.CBR UMNSFCC05.PG","Cotton Pink 0.38","Japan Stationery","Shopee",15,310.50,20.70,20.70,20.70,2,2025-10-04,2025-11-14,1
"4902506314048","Pentel Graph 1000 for Pro Drafting Pencil (0.3mm, 0.4mm, 0.5mm, 0.7mm, 0.9mm)","0.7mm","Japan Stationery","Shopee",6,310.20,51.70,51.70,51.70,6,2025-07-02,2026-01-18,1
"4902506314055","Pentel Graph 1000 for Pro Drafting Pencil (0.3mm, 0.4mm, 0.5mm, 0.7mm, 0.9mm)","0.9mm","Japan Stationery","Shopee",6,310.20,51.70,51.70,51.70,4,2025-07-18,2026-02-24,1
"4902778319321","Uni Mitsubishi Kurutoga KS Switch Limited Edition  Mechanical Pencil 0.5mm M5KS1P.BRY M51009GG1P.AG M5KSSR1P.BHG ULSF051","Ivory","Japan Stationery","Shopee",11,310.20,28.20,28.20,28.20,11,2025-08-09,2026-06-06,1
"4902778258842","Refill for Jetstream Edge 0.28 mm SXR203-28","Blue","Japan Stationery","Shopee",26,309.40,11.90,11.90,11.90,19,2025-07-09,2026-05-26,1
"4901681886647","Zebra DelGuard Basic Anti-break Core Mechanical Pencil (0.7mm) 0.7 Japan Premium Stationery Student Gift","Light Blue (0.7mm)","Japan Stationery","Shopee",13,308.90,23.76,22.70,36.50,12,2025-08-03,2026-06-27,1
"4902778257074","Uni-Ball RE3 Biz: Erasable 3in1 Ballpoint Pen RE3 Multicolor Mitsubishi Pencil Thermal Erase Ink RE-3 R.E3","Black","Japan Stationery","Shopee",5,308.50,61.70,61.70,61.70,5,2025-09-18,2026-06-27,1
"4901480372990","KOKUYO Dotliner Glue Tape Standard, Long, Hold, Long50, Power (refill or tape set) TA-DM400-08N D400-08N","Red,Standard (8.4mm*16m)","Japan Stationery","Shopee",11,306.90,27.90,27.90,27.90,2,2025-12-12,2026-04-07,1
"4902778326787","Uni Kurutoga KS & Switch & Replacement Lead 25-02 Limited Edition M3KS1P.WPC M5KS1P.CCM M5KS1P.MCA M5KS1P.SBM","0.5 D Chocolate","Japan Stationery","Shopee",6,304.20,50.70,50.70,50.70,6,2025-08-31,2026-02-17,1
"4901480315515","Kokuyo Stapleless Stapler Harinacs Compact Alpha SLN-MSH305B SLN-MSH305DB SLN-MSH305G SLN-MSH305P SLN-MSH305W","Green","Japan Stationery","Shopee",9,303.30,33.70,33.70,33.70,5,2025-08-01,2025-10-10,1
"4901480315492","Kokuyo Stapleless Stapler Harinacs Compact Alpha SLN-MSH305B SLN-MSH305DB SLN-MSH305G SLN-MSH305P SLN-MSH305W","Blue","Japan Stationery","Shopee",9,303.30,33.70,33.70,33.70,9,2025-09-10,2026-03-31,1
"4901681698011","Delguard Type Lx0.5 City Color Series P-MA86-CC-DOR P-MA86-CC-CGR P-MA86-CC-FW P-MA86-CC-MNV","Dusk Orange","Japan Stationery","Shopee",4,302.80,75.70,75.70,75.70,4,2025-08-11,2026-03-11,2
"4902778244043","Uni Kuru Toga Advance Automatic Lead Rotation (2X speed) Mechanical Pencil 0.7mm","Color:Navy Blue | Color family:Navy Blue","Japan Stationery","Lazada",9,302.52,33.61,29.86,38.66,9,2025-07-25,2026-06-30,1
"4902506406613","Japan Pentel Ain Mechanical Pencil Lead 0.2/0.3/0.4/0.5/0.7/0.9/1.3 mm","0.5 HB","Japan Stationery","Shopee",25,301.50,12.06,11.90,15.90,24,2025-10-12,2026-06-27,1
"4902505684838","Pilot Juice up Sanrio Characters Japan Limited Edition Ballpoint Pen 0.5mm LJPS5S25-MAB LJPS5S25-PCB LJPS5S25-CNB LJPS5S","Little Twin Stars","Japan Stationery","Shopee",17,300.90,17.70,17.70,17.70,15,2025-10-15,2026-06-17,1
"4901480339344","Kokuyo Gloo Strong, Clean, Disappearing Adhesive Glue Stick Turbo G321N-1P G322N-1P G323N-1P G301N-1P","Blue S Pack of 5","Japan Stationery","Shopee",8,300.00,37.50,37.50,37.50,2,2025-11-11,2026-01-03,1
"4977114924507","Special Edition Platinum Pro-Use 171 Matte Black Drafting Pencil Metal Grip Professional Mechanical Pencil (0.5mm)","Matte Black 0.3mm","Japan Stationery","Shopee",2,299.40,149.70,149.70,149.70,2,2026-05-22,2026-06-10,1
"4903419844318","Original Lihit Lab Pen / Pencil Case - Book Type XXL (Triple) A-7556 A7556","Black Camouflage","Japan Stationery","Shopee",3,299.10,99.70,99.70,99.70,3,2025-12-22,2026-03-26,1
"4903419832544","Original Lihit Lab Pen / Pencil Case - Book Type XXL (Triple) A-7556 A7556","Jet Black","Japan Stationery","Shopee",3,299.10,99.70,99.70,99.70,3,2026-01-10,2026-06-05,1
"4903419844325","Original Lihit Lab Pen / Pencil Case - Book Type XXL (Triple) A-7556 A7556","Ice Gray Camouflage","Japan Stationery","Shopee",3,299.10,99.70,99.70,99.70,2,2026-03-16,2026-05-21,1
"4903419842154","Original Lihit Lab Pen / Pencil Case – 2 Way Pen Case A-7552 A7552 A-7557 A7557","Black Standard","Japan Stationery","Shopee",7,298.90,42.70,42.70,42.70,7,2025-11-07,2026-06-26,1
"4902778322260","Uni Mitsubishi Uniball ZENTO Basic Standard Flow Gel Pens 0.38/0.5mm UBNZS38.15 UBNZS38 UBNZS05","Flow Agate 0.38","Japan Stationery","Shopee",5,298.50,59.70,59.70,59.70,5,2025-08-16,2025-10-07,1
"4902778301302","Refill for Mitsubishi Multi Function Jetstream Pen SXR-80-05 (0.5mm)","Black (Pack of 5pcs)","Japan Stationery","Shopee",15,298.50,19.90,19.90,19.90,12,2025-10-03,2026-05-25,1
"4902778211366","Uni Nano Diamond Color Erasable Lead - 0.5 mm - Orange Green Red Mint Blue Pink","Mint Blue","Japan Stationery","Shopee",25,297.50,11.90,11.90,11.90,23,2025-07-06,2026-06-14,1
"4901480365374","Kokuyo 2-Way Highlighter Marker 5 Colors Set. Mark+ Gray Type PM-MT201BM PM-MT201GM PM-MT201PM PM-MT201VM","Pack of 5","Japan Stationery","Shopee",7,297.50,42.50,42.50,42.50,7,2025-07-12,2026-02-23,1
"4902778273296","Uni Jetstream Edge Ballpoint Pen - 0.28 mm Uniball Extra Fine Tip Pen Mitsubishi (SXN-1003-28) Premium Japan","Berry Pink | 0.38 Berry Pink","Japan Stationery","Shopee",10,297.00,29.70,29.70,29.70,10,2025-08-03,2025-12-19,2
"4901480143019","Kokuyo Tube File Eco Twin R A4 Vertical Binding Thickness 50mm Blue Double-sided Pipe File フ-RT630B フ-RT630C フ-RT640B","Silver 100mm","Japan Stationery","Shopee",4,294.80,73.70,73.70,73.70,3,2025-12-24,2026-05-11,1
"4955414924038","Staedtler 925-15 Drafting Mechanical Pencil Plastic Body Light Weight (0.3, 0.5, 0.7, 0.9)","0.9mm","Japan Stationery","Shopee",9,294.30,32.70,32.70,32.70,6,2025-08-10,2026-02-01,1
"3501179042565","rOtring Rapid Pro Full Metal Drafting Pencil (0.5, 0.7, 2.0 mm) Ballpoint Pen (1.0mm) Black/Silver RapidPro rotring","RP Pencil 0.7 Silver","Japan Stationery","Shopee",2,294.00,147.00,147.00,147.00,2,2025-08-14,2026-05-12,1
"3501179042572","rOtring Rapid Pro Full Metal Drafting Pencil (0.5, 0.7, 2.0 mm) Ballpoint Pen (1.0mm) Black/Silver RapidPro rotring","RP Pencil 0.7 Black","Japan Stationery","Shopee",2,294.00,147.00,147.00,147.00,2,2025-12-07,2026-03-29,1
"3501179042916","rOtring Rapid Pro Full Metal Drafting Pencil (0.5, 0.7, 2.0 mm) Ballpoint Pen (1.0mm) Black/Silver RapidPro rotring","Rapid Pro Pen Silver","Japan Stationery","Shopee",2,294.00,147.00,147.00,147.00,2,2025-12-17,2026-05-15,1
"4901480351742","Kokuyo Pen Case Neo Critz Worksus Stationery Pencil Case  Large Capacity F-VBF215B F-VBF215D F-VBF215S","Navy Blue","Japan Stationery","Shopee",3,293.70,97.90,97.90,97.90,3,2025-07-28,2025-11-22,1
"4901681813346","Zebra Sarasa Clip & Sarasa Grand Moomin Japan Limited Edition Gel Ballpoint Pen 0.5mm JJ29-MM-BK1","Cassis Black (Black)","Japan Stationery","Shopee",3,293.70,97.90,97.90,97.90,3,2025-09-09,2025-11-29,1
"4902778322093","Uni Mitsubishi Uniball ZENTO Basic Standard Flow Gel Pens 0.38/0.5mm UBNZS38.15 UBNZS38 UBNZS05","Std Canary 0.5","Japan Stationery","Shopee",17,292.40,17.20,17.20,17.20,15,2025-08-19,2026-05-21,1
"4902506431158","Zebra Floatune Japan Limited Edition Airy Design Pen Special color Smooth ink and tip BZN204AD1-A BZN205AD1-A XZRN4-A","Bright Airy Set 0.5m","Japan Stationery","Shopee",5,292.25,58.45,58.45,58.45,5,2025-07-27,2025-11-08,1
"4901480396774","Kokuyo Harinacs Latest Color Staplerless Top Press Type Stapler Paper Press","Salmon pink","Japan Stationery","Shopee",4,291.60,72.90,72.90,72.90,4,2026-03-03,2026-06-15,1
"4901480308531","kokuyo Systemic 2 Books Storage Cover Notebook Ring Notebook B5 A5 40-50 Sheets ノ-V683B-D ノ-V685B-D","B5 Black","Japan Stationery","Shopee",2,290.00,145.00,145.00,145.00,2,2025-09-05,2025-12-27,1
"5980X5","Refill for Tombow Airpress Pressurized Ballpoint Pen - 0.7 mm","Black (5pcs)","Japan Stationery","Shopee",6,288.00,48.00,48.00,48.00,6,2025-07-30,2026-01-30,1
"6975498007357","Olight Baton 3 (Pro) (Pro Max) Rechargeable Water Proof Magnetic Flash Light Camping Hiking Emergency EDC Torch Light","Type:Baton3ProMAX-Orange","Japan Stationery","Lazada",1,287.00,287.00,287.00,287.00,1,2026-01-25,2026-01-25,1
"4902668669109","Zebra Mildliner Jujutsu Kaisen LIMITED EDITION Double-Sided  Highlighter 4mm/1.0-1.4mm Jyujutsu Gojo","Mildliner/Gojo","Japan Stationery","Shopee",10,287.00,28.70,28.70,28.70,10,2025-08-13,2026-06-14,1
"4902778273289","Uni Jetstream Edge Ballpoint Pen - 0.28 mm Uniball Extra Fine Tip Pen Mitsubishi (SXN-1003-28) Premium Japan","Mint Green | 0.38 Mint Green","Japan Stationery","Shopee",9,286.30,31.81,29.70,48.70,9,2025-07-21,2025-11-07,2
"4902778211359","Uni Nano Diamond Color Erasable Lead - 0.5 mm - Orange Green Red Mint Blue Pink","Red","Japan Stationery","Shopee",24,285.60,11.90,11.90,11.90,22,2025-07-15,2026-06-22,1
"4902778301470","Uni Mitsubishi Kuro Toga Dive Mechanical Pencil 0.5 mm M5-5000 1P","Type:Abyss Blue","Japan Stationery","Lazada",1,284.19,284.19,284.19,284.19,1,2025-07-27,2025-07-27,1
"4901480339283","Kokuyo Gloo Strong, Clean, Disappearing Adhesive Glue Stick Turbo G321N-1P G322N-1P G323N-1P G301N-1P","Grey - Medium 22g","Japan Stationery","Shopee",17,283.90,16.70,16.70,16.70,14,2025-07-28,2026-02-27,1
"4901681886449","Zebra DelGuard Original Anti-break Core Mechanical Pencil Basic (0.5mm)","Light Blue","Japan Stationery","Shopee",13,283.40,21.80,20.70,35.00,13,2025-07-06,2026-06-12,1
"4902505684852","Pilot Juice up Sanrio Characters Japan Limited Edition Ballpoint Pen 0.5mm LJPS5S25-MAB LJPS5S25-PCB LJPS5S25-CNB LJPS5S","Hello Kitty","Japan Stationery","Shopee",16,283.20,17.70,17.70,17.70,13,2025-11-11,2026-06-16,1
"4901681847358","Sarasa Nano 0.38 Limited Edition Winnie the Pooh W280 Zebra Japan Disney JJX72-DSWP-BK1 JJX72-DSWP-VSB JJX72-DSWP-4C","Sepia Black 0.38","Japan Stationery","Shopee",18,282.60,15.70,15.70,15.70,17,2025-10-04,2026-06-25,2
"4901991655049","Tombow Mono Zero Metal Type EH-KUMS Retractable Eraser","Red","Japan Stationery","Shopee",13,282.10,21.70,21.70,21.70,10,2025-07-10,2026-01-24,1
"6926540912778","OLIGHT MCC 3 MCC 1A Charger Smart Magnetic Charging Cable","MCC-1A Cable","Elite Camp","Shopee",6,282.00,47.00,47.00,47.00,6,2025-09-09,2026-05-08,1
"4902778326466","Uni Kurutoga KS & Switch & Replacement Lead 25-02 Limited Edition M3KS1P.WPC M5KS1P.CCM M5KS1P.MCA M5KS1P.SBM","0.3 Whipped Cream","Japan Stationery","Shopee",10,282.00,28.20,28.20,28.20,9,2025-07-19,2025-09-25,1
"4902505684005","Pilot Japan Limited Edition Frixion Zones x Lunettes Rondes CSLFBKZLUH-BBN CSLFBKZLUL-CGY CSLFBKZLUH-BR CSLFBKZLUL-CLB","Black & Red","Japan Stationery","Shopee",2,281.40,140.70,140.70,140.70,2,2025-12-22,2026-06-22,1
"4955414927329","Staedtler Avant Garde Premium 4 in 1 Function - 3 Color Ball Point Pen (0.7mm) + Mechanical Pencil (0.5mm) + Pencil Case","BB-Blast Black","Japan Stationery","Shopee",2,279.40,139.70,139.70,139.70,2,2025-11-28,2026-01-03,1
"4971516026050","Ohto Bloom 3-in-1 2 Color 0.7 mm Ballpoint Multi Pen + 0.5 mm Pencil Premium Japan","Red","Japan Stationery","Shopee",2,279.40,139.70,139.70,139.70,2,2025-12-27,2026-02-15,1
"6975498001706","Olight Warrior Nano 1200 Lumens Tactical EDC Flashlight Rechargeable Water Proof Flash Light Camping Hiking","Black","Elite Camp","Shopee",1,279.00,279.00,279.00,279.00,1,2025-07-07,2025-07-07,1
"6977261692173","Olight i1R 2 Rechargeable Keychain Flashlight i1R2 Pro imorse Instant Camping Hiking Torchlight Small Portable Mini","OD Green | Pro - OD Green","Elite Camp","Shopee",4,278.80,69.70,69.70,69.70,4,2025-08-01,2026-02-16,1
"4902778120705","Mitsubishi Uni Jetstream 4 Color (0.5mm/0.7mm) & Mechanical Pencil (0.5mm) Limited Edition Multi","Red Bordeaux","Japan Stationery","Shopee",7,277.90,39.70,39.70,39.70,5,2025-08-23,2026-06-17,1
"4902506371621","Pentel Orenz Metal Grip Drafting Mechanical Pencil 0.2mm 0.3mm","0.2mm Black","Japan Stationery","Shopee",7,277.90,39.70,39.70,39.70,7,2025-09-18,2026-05-17,1
"4901480339337","Kokuyo Gloo Strong, Clean, Disappearing Adhesive Glue Stick Turbo G321N-1P G322N-1P G323N-1P G301N-1P","Grey S Pack of 5","Japan Stationery","Shopee",8,277.60,34.70,34.70,34.70,8,2025-07-21,2026-04-14,1
"6977261692661","Olight Sphere C Colorful Crystal Ball Light Stepless Dimming 360 Degree Multiple Lighting Effects 75 Lumens","Stellar Sky","Japan Stationery","Shopee",3,277.10,92.37,89.70,93.70,3,2025-09-28,2026-04-06,1
"6972378121882","Olight Baton 3 (Pro) (Pro Max) Rechargeable Water Proof Magnetic Flash Light Camping Hiking Emergency EDC Torch Light","Baton3Premium-Black","Elite Camp","Shopee",1,277.00,277.00,277.00,277.00,1,2025-07-07,2025-07-07,1
"6975498007357","Olight Baton 3 (Pro) (Pro Max) Rechargeable Water Proof Magnetic Flash Light Camping Hiking Emergency EDC Torch Light","Baton 3 Pro MAX,Orange","Japan Stationery","Shopee",1,277.00,277.00,277.00,277.00,1,2025-08-12,2025-08-12,1
"6975498001096","Olight Baton 3 (Pro) (Pro Max) Rechargeable Water Proof Magnetic Flash Light Camping Hiking Emergency EDC Torch Light","Baton 3 Pro MAX,OD Green","Japan Stationery","Shopee",1,277.00,277.00,277.00,277.00,1,2025-10-20,2025-10-20,1
"4902778302392","New Kuru Toga KS Uni Japan Mechanical Pencil Lead Self-rotating M3/5-KS Upgraded Version 0.3mm/0.5mm","0.5 Light Gray","Japan Stationery","Shopee",10,277.00,27.70,27.70,27.70,9,2025-08-06,2026-03-22,1
"4902505680748","Pilot Dr.GRIP CL PlayBorder x Neox GRAPHITE Collaboration Limited Edition Mechanical Pencil 0.3/0.5","Gray 0.5","Japan Stationery","Shopee",9,276.30,30.70,30.70,30.70,9,2025-08-31,2026-06-27,1
"6972378120779","Olight i1R 2 Rechargeable Keychain Flashlight i1R2 Pro imorse Instant Camping Hiking Torchlight Small Portable Mini","i1R 2 Eos - Black","Elite Camp","Shopee",4,276.00,69.00,69.00,69.00,4,2025-07-24,2025-12-02,1
"4902778272411","Uni Mitsubishi Mechanical Pencil Refill Leads 0.3/0.4/0.5/0.7/0.9 mm UL-S-0.3-25 1P","HB (0.3)","Japan Stationery","Shopee",31,275.90,8.90,8.90,8.90,25,2025-07-20,2026-06-12,1
"4902778325988","Mitsubishi Uni Kuru Toga Wood 0.5mm New 2025 M5KW1P.23 M5KW1P.88","Forest Green","Japan Stationery","Shopee",1,275.70,275.70,275.70,275.70,1,2026-02-26,2026-02-26,1
"4955414925257","Staedtler 925-25 Drafting Mechanical Pencil Metal Body (0.3mm, 0.5mm, 0.7mm, 0.9mm,1.3mm, 2.0mm)","0.5mm","Japan Stationery","Shopee",4,274.80,68.70,68.70,68.70,4,2025-10-10,2026-06-10,1
"4901681886623","Zebra DelGuard Basic Anti-break Core Mechanical Pencil (0.7mm) 0.7 Japan Premium Stationery Student Gift","Blue (0.7mm)","Japan Stationery","Shopee",12,272.40,22.70,22.70,22.70,12,2025-08-18,2026-06-14,1
"4901681849475","Zebra Sarasa Series Limited Monochrome Series Clip 3C Grand Japan Limited","Grand 0.5 Black","Japan Stationery","Shopee",3,272.10,90.70,90.70,90.70,3,2026-01-10,2026-05-17,1
"4902506337184","Pentel Smash Drafting Mechanical Pencil - 0.5 mm","Gun Metallic","Japan Stationery","Shopee",4,271.60,67.90,67.90,67.90,4,2025-09-17,2025-12-06,1
"4903419336455","Original Lihit Lab Pen / Pencil Case - Book Type XL (Double) A-7555 A7555","Indigo Blue","Japan Stationery","Shopee",4,271.60,67.90,67.90,67.90,4,2026-01-13,2026-05-13,1
"4902505453625","Pilot Iroshizuku Fountain Pen Ink 50 ml INK-50-AS Pilot Iroshizuku 50ml bottle","AMA-Amber","Japan Stationery","Shopee",4,271.10,67.77,62.00,69.70,4,2025-09-01,2026-06-15,1
"4901480315539","Kokuyo Stapleless Stapler Harinacs Compact Alpha SLN-MSH305B SLN-MSH305DB SLN-MSH305G SLN-MSH305P SLN-MSH305W","White","Japan Stationery","Shopee",8,269.60,33.70,33.70,33.70,8,2025-07-06,2025-10-04,1
"4901480315898","Kokuyo Stapleless Stapler Harinacs Compact Alpha SLN-MSH305B SLN-MSH305DB SLN-MSH305G SLN-MSH305P SLN-MSH305W","Black","Japan Stationery","Shopee",8,269.60,33.70,33.70,33.70,8,2025-07-07,2025-10-30,1
"4901480315522","Kokuyo Stapleless Stapler Harinacs Compact Alpha SLN-MSH305B SLN-MSH305DB SLN-MSH305G SLN-MSH305P SLN-MSH305W","Pink","Japan Stationery","Shopee",8,269.60,33.70,33.70,33.70,8,2025-09-29,2026-04-03,1
"4977114211621","Platinum Pro-Use 171 Drafting Pencil Metal Grip Professional Mechanical Pencil (0.3mm 0.5mm 0.7mm 0.9mm)","0.7mm Black","Japan Stationery","Shopee",3,269.10,89.70,89.70,89.70,3,2025-11-01,2026-01-30,1
"4902805421676","Midori Premium Brass Ruler 15cm Made in Japan","Brass","Japan Stationery","Shopee",3,269.10,89.70,89.70,89.70,3,2025-11-07,2026-01-10,1
"4901681886425","Zebra DelGuard Original Anti-break Core Mechanical Pencil Basic (0.5mm)","Blue","Japan Stationery","Shopee",13,269.10,20.70,20.70,20.70,12,2025-07-06,2026-02-11,1
"4902778181591","Refill for Mitsubishi Jetstream Pen SXR-5 (0.5mm) SXR-38 SXR-7Multi Function SXN-150 SXN-250","Black (0.38mm)(5pcs)","Japan Stationery","Shopee",15,268.50,17.90,17.90,17.90,12,2025-08-15,2026-05-19,1
"6975498005049","Olight Oclip Rechargable EDC Flashlight  White & Red Light","Color:Green","Japan Stationery","Lazada",2,268.38,134.19,134.19,134.19,2,2025-07-12,2025-09-05,1
"4902778349069","Uni-ball Pure Malt Jetstream 25th Year New Model Edition 4+1s, signature pen MSXE520050588 MSXE520050520 SXNPM05.70","Pen Natural","Japan Stationery","Shopee",2,267.40,133.70,133.70,133.70,1,2026-03-15,2026-03-15,1
"4902778349076","Uni-ball Pure Malt Jetstream 25th Year New Model Edition 4+1s, signature pen MSXE520050588 MSXE520050520 SXNPM05.70","Pen Dark Brown","Japan Stationery","Shopee",2,267.40,133.70,133.70,133.70,2,2026-05-21,2026-06-22,1
"4902778227497","Uni Kuru Toga Advance (0.3mm version) Mechanical Pencil","Navy (0.3mm)","Japan Stationery","Shopee",10,267.00,26.70,26.70,26.70,9,2025-07-19,2026-03-26,1
"4902778258774","Uni Jetstream Edge Ballpoint Pen - 0.28 mm Uniball Extra Fine Tip Pen Mitsubishi (SXN-1003-28) Premium Japan","Black","Japan Stationery","Shopee",5,266.90,53.38,29.70,69.90,5,2025-07-09,2026-04-17,1
"6975498007678","Olight Warrior Mini 3 Rechargeable Tactical Flashlight Waterproof Torchlight Camping Hiking Compact Torch Flash","Forest Gradient","Japan Stationery","Shopee",1,265.00,265.00,265.00,265.00,1,2026-01-26,2026-01-26,1
"4902778309537","Uni Mitsubishi Kuro Toga Dive Mechanical Pencil 0.5 mm M5-5000 1P","Type:Aurora Purple","Japan Stationery","Lazada",1,263.05,263.05,263.05,263.05,1,2026-03-23,2026-03-23,1
"4902778121795","Uni Kuru Toga Alpha Gel Automatic Lead Rotation Mechanical Pencil (0.5mm)","Blue","Japan Stationery","Shopee",6,262.20,43.70,43.70,43.70,3,2026-04-09,2026-05-08,1
"4902505492549","Pilot Iroshizuku Fountain Pen Ink (Mini 3-Piece Set) 15 ml INK-15-3AS","3TAK-Bamboo Charcoal","Japan Stationery","Shopee",3,261.00,87.00,87.00,87.00,3,2025-10-16,2026-05-27,1
"3501178523072","Rotring 500 Drafting Mechanical Pencil Black Body (0.35mm, 0.5mm, 0.7mm) rotring","0.7mm","Japan Stationery","Shopee",3,261.00,87.00,87.00,87.00,3,2025-11-16,2026-06-14,1
"4901991655032","Tombow Mono Zero Metal Type EH-KUMS Retractable Eraser","Blue","Japan Stationery","Shopee",12,260.40,21.70,21.70,21.70,11,2025-07-03,2025-12-23,1
"4901480308593","kokuyo Systemic 2 Books Storage Cover Notebook Ring Notebook B5 A5 40-50 Sheets ノ-V683B-D ノ-V685B-D","A5 Gray","Japan Stationery","Shopee",2,260.00,130.00,130.00,130.00,2,2025-08-03,2025-09-15,1
"4901681877980","Zebra Sarasa Pokemon Series Japan Limited Edition Sarasa Grand Evolution P-JJ57-PO-VGB P-JJ57-PO-S P-JJ57-PO-VRB","Evolution Set Red","Japan Stationery","Shopee",2,259.40,129.70,129.70,129.70,2,2026-06-12,2026-06-24,1
"4901681877973","Zebra Sarasa Pokemon Series Japan Limited Edition Sarasa Grand Evolution P-JJ57-PO-VGB P-JJ57-PO-S P-JJ57-PO-VRB","Evolution Set Blue","Japan Stationery","Shopee",2,259.40,129.70,129.70,129.70,2,2026-06-25,2026-06-29,1
"4953571174303","Soto Torch Burner ST-430 Gas Burner Portable field Chucker","","Elite Camp","Shopee",1,259.00,259.00,259.00,259.00,1,2026-02-27,2026-02-27,1
"6975498007463","Olight Baton 3 (Pro) (Pro Max) Rechargeable Water Proof Magnetic Flash Light Camping Hiking Emergency EDC Torch Light","Baton 3 Pro MAX,Orange (NW Light)","Japan Stationery","Shopee",1,259.00,259.00,259.00,259.00,1,2026-05-10,2026-05-10,1
"4901681382330","Zebra ClickArt Pen Fine Liner Marker Water Based Set 12pcs 36pcs 48 pcs limited edition Click Art","Dark Green Pack","Japan Stationery","Shopee",4,258.80,64.70,64.70,64.70,3,2025-10-11,2026-04-29,1
"3501179044439","rOtring 600 Full Metal Drafting Pencil (0.3, 0.5, 0.7, 2.0 mm) or Ballpoint Pen (1.0 mm) Black / Silver Body rotring","Color:Pencil 0.5mm Black | Color family:Pencil 0.5mm Black","Japan Stationery","Lazada",2,258.39,129.19,121.69,136.70,2,2025-10-14,2025-12-14,1
"4902778364789","Uni Mitsubishi Replacement Lead Refill 2.0mm ULN","Red","Japan Stationery","Shopee",20,258.00,12.90,12.90,12.90,20,2025-07-28,2026-06-14,1
"6975498007340","Olight Obulb Pro S Multi-Color Wireless Bulb Light Camping Portable Waterproof Sleeping Night light","Red","Elite Camp","Shopee",2,254.00,127.00,127.00,127.00,2,2025-08-17,2025-10-19,1
"6975498007067","Olight Obulb Pro S Multi-Color Wireless Bulb Light Camping Portable Waterproof Sleeping Night light","Orange","Japan Stationery","Shopee",2,254.00,127.00,127.00,127.00,2,2025-07-13,2025-08-20,1
"3026981142642","rOtring 600 Special Color Edition Full Metal Drafting Pencil (0.5 mm), Ballpoint Pen, Blue / Red / Green rotring","Red (Pencil 0.5mm)","Japan Stationery","Shopee",2,254.00,127.00,127.00,127.00,2,2025-11-26,2026-02-16,1
"4902778309124","Mitsubishi Pencil Jetstream Karimoku 4&1 Multi-Function Pen Steel 0.5 MSXE5-KF-05 Jet Stream","Steel Blue","Japan Stationery","Shopee",2,254.00,127.00,127.00,127.00,2,2025-12-10,2025-12-12,1
"3026981142659","rOtring 600 Special Color Edition Full Metal Drafting Pencil (0.5 mm), Ballpoint Pen, Blue / Red / Green rotring","Red (Pencil 0.7mm)","Japan Stationery","Shopee",2,254.00,127.00,127.00,127.00,2,2026-01-11,2026-04-15,1
"3026981142673","rOtring 600 Special Color Edition Full Metal Drafting Pencil (0.5 mm), Ballpoint Pen, Blue / Red / Green rotring","Blue (Pencil 0.7mm)","Japan Stationery","Shopee",2,254.00,127.00,127.00,127.00,2,2026-01-11,2026-03-30,1
"3026981839122","Rotring 600 Special Color Edition Gold Rose Pearl White Mechanical Pencil 0.5mm BP Ballpoint pen","Pen Rose Gold","Japan Stationery","Shopee",2,254.00,127.00,127.00,127.00,2,2026-02-05,2026-03-06,1
"3026981839115","Rotring 600 Special Color Edition Gold Rose Pearl White Mechanical Pencil 0.5mm BP Ballpoint pen","Pen Gold","Japan Stationery","Shopee",2,254.00,127.00,127.00,127.00,2,2026-05-05,2026-05-29,1
"3026981838903","Rotring 600 Special Color Edition Gold Rose Pearl White Mechanical Pencil 0.5mm BP Ballpoint pen","Pen Pearl White","Japan Stationery","Shopee",2,254.00,127.00,127.00,127.00,2,2026-05-12,2026-06-16,1
"4895151557833","Rotring 600 Special Color Edition Gold Rose Pearl White Mechanical Pencil 0.5mm BP Ballpoint pen","0.5mm, Gold","Japan Stationery","Shopee",2,254.00,127.00,127.00,127.00,2,2026-05-17,2026-06-03,1
"4902778220887","Uni Kuru Toga Advance Putaran Automatik (2X kelajuan) Mekanikal Pensil 0.5mm","Color:Navy Blue | Color family:Navy Blue","Japan Stationery","Lazada",8,253.91,31.74,28.41,33.89,8,2025-07-21,2026-06-07,1
"4902506406606","Japan Pentel Ain Mechanical Pencil Lead 0.2/0.3/0.4/0.5/0.7/0.9/1.3 mm","0.5 B","Japan Stationery","Shopee",21,253.90,12.09,11.90,15.90,14,2025-07-11,2026-05-11,1
"4902778319307","Uni Mitsubishi Kurutoga KS Switch Limited Edition  Mechanical Pencil 0.5mm M5KS1P.BRY M51009GG1P.AG M5KSSR1P.BHG ULSF051","Misty Blue","Japan Stationery","Shopee",9,253.80,28.20,28.20,28.20,9,2025-07-30,2026-06-17,1
"4902778320884","Uni Mitsubishi Jetstream Prime Light Touch Ink 3-Color Ballpoint Pen 0.5mm SXE3LPR05.46 SXE3LPR05.39 SXE3LPR05.51 SXE3LP","Cloudy White","Japan Stationery","Shopee",2,251.40,125.70,125.70,125.70,2,2025-08-15,2025-12-28,1
"4902778320914","Uni Mitsubishi Jetstream Prime Light Touch Ink 3-Color Ballpoint Pen 0.5mm SXE3LPR05.46 SXE3LPR05.39 SXE3LPR05.51 SXE3LP","Citron Yellow","Japan Stationery","Shopee",2,251.40,125.70,125.70,125.70,1,2025-10-05,2025-10-05,1
"4902505681332","Pilot Lightive Fountain Pen 2024 Limited Edition Color P-FLT24-1-CLYF P-FLT24-1-CLYM P-FLT24-1-SCAF P-FLT24-1-SCAM","Mustard (Fine)","Japan Stationery","Shopee",2,251.40,125.70,125.70,125.70,2,2025-11-26,2026-05-24,2
"4902505681295","Pilot Lightive Fountain Pen 2024 Limited Edition Color P-FLT24-1-CLYF P-FLT24-1-CLYM P-FLT24-1-SCAF","Scarlet (Fine)","Japan Stationery","Shopee",2,251.40,125.70,125.70,125.70,2,2025-12-12,2026-01-03,1
"4902778320822","Uni Mitsubishi Jetstream Prime Light Touch Ink 3-Color Ballpoint Pen 0.5mm SXE3LPR05.46 SXE3LPR05.39 SXE3LPR05.51 SXE3LP","Brick Orange","Japan Stationery","Shopee",2,251.40,125.70,125.70,125.70,2,2025-12-21,2026-04-03,1
"4901480374079","Kokuyo Hasa-003 High Quality Scissors For Paper And Crafts, Fine Pointed Kai Blade Black HASA-001 HASA-002 HASA-003","Powerful Long","Japan Stationery","Shopee",2,250.00,125.00,125.00,125.00,2,2026-02-08,2026-05-29,1
"4902778039939","Mitsubishi Uni Jetstream F Series 2 Color & Mechanical Pencil","Luminous Black","Japan Stationery","Shopee",7,249.90,35.70,35.70,35.70,7,2025-07-03,2026-02-04,1
"4902778120699","2025 New Uni-ball Jetstream 4+1 Ballpoint Pen 4 color mechanical pencil 0.5mm multipen 4in1 5in1 SXE350705.24","Black","Japan Stationery","Shopee",7,249.90,35.70,35.70,35.70,7,2025-10-30,2026-05-01,1
"4902778258156","Mitsubishi Uni Jetstream 4 Color (0.5mm/0.7mm) & Mechanical Pencil (0.5mm) Limited Edition Multi","LIMITED Blood Orange","Japan Stationery","Shopee",5,248.50,49.70,49.70,49.70,5,2025-07-08,2025-11-07,1
"4971516011896","Ohto Wooden Mechanical Pencil Lead Holder - 2.0 mm","Brown","Japan Stationery","Shopee",5,248.50,49.70,49.70,49.70,5,2025-07-10,2026-05-05,1
"4902778272008","Kuru Toga Switch Alpha Gel Automatic Lead Rotation Mechanical Pencil (0.5mm) Uni Kurutoga","0.5mm Navy","Japan Stationery","Shopee",5,248.50,49.70,49.70,49.70,5,2025-07-13,2026-05-18,1
"4902778258149","Mitsubishi Uni Jetstream 4 Color (0.5mm/0.7mm) & Mechanical Pencil (0.5mm) Limited Edition Multi","LIMITED Lemon Yellow","Japan Stationery","Shopee",5,248.50,49.70,49.70,49.70,5,2025-07-23,2025-12-31,1
"4971516011919","Ohto Wooden Mechanical Pencil Lead Holder - 2.0 mm","Black","Japan Stationery","Shopee",5,248.50,49.70,49.70,49.70,3,2025-08-03,2026-05-25,1
"4902506432490","Pentel Japan Limited Edition 60th Anniversary  Drafting Mechanical Pencil P-MA93-RE-CAG P-MA93-RE-TPU P-MA93-RE-RGR","Set of 3","Japan Stationery","Shopee",1,248.20,248.20,248.20,248.20,1,2026-05-14,2026-05-14,1
"4902505390548","Pilot Iroshizuku Fountain Pen Ink 50 ml INK-50-AS Pilot Iroshizuku 50ml bottle","FG-Winter Persimmon","Japan Stationery","Shopee",4,248.00,62.00,62.00,62.00,4,2025-09-01,2025-11-10,1
"4901480330709","Kokuyo Shellbro Pen Case, Shell-shaped Structure Big Capacity Pencil Case F-VBF190-1","Gray x Pink","Japan Stationery","Shopee",3,247.50,82.50,82.50,82.50,3,2025-09-01,2026-04-07,1
"4901480278667","Kokuyo Campus Notebook B5 A4 A6 Environmentally Friendly Notebook 7mm 6mm Normal-Medium Lines ノ-3ANX3 ノ-4ANX3 ノ-5ANX3","30S-3sets-6mm-BLU-A4","Japan Stationery","Shopee",5,247.50,49.50,49.50,49.50,5,2026-02-03,2026-06-14,1
"4902778257043","Uni-Ball RE3 Biz: Erasable 3in1 Ballpoint Pen RE3 Multicolor Mitsubishi Pencil Thermal Erase Ink RE-3 R.E3","White","Japan Stationery","Shopee",4,246.80,61.70,61.70,61.70,4,2025-08-06,2026-06-27,1
"4901681677085","Zebra Lightwrite α Outdoor Japan Limited Edition  Ballpoint Pen 0.7mm P-BA96-0C/K P-BA96-0C/CO P-BA96-0C/NV P-BA96-0C/S","Navy","Japan Stationery","Shopee",8,245.60,30.70,30.70,30.70,7,2025-07-14,2026-03-04,1
"6977261691718","Olight Baton Turbo Rechargeable Water Proof Magnetic Flash Light Camping Hiking Emergency EDC Torch Light","Roadster","Elite Camp","Shopee",1,245.00,245.00,245.00,245.00,1,2025-09-26,2025-09-26,1
"6977261691190","Olight Baton Turbo Rechargeable Water Proof Magnetic Flash Light Camping Hiking Emergency EDC Torch Light","orange","Japan Stationery","Shopee",1,245.00,245.00,245.00,245.00,1,2025-07-01,2025-07-01,1
"6975498003885","Olight Baton Turbo Rechargeable Water Proof Magnetic Flash Light Camping Hiking Emergency EDC Torch Light","od green","Japan Stationery","Shopee",1,245.00,245.00,245.00,245.00,1,2025-08-11,2025-08-11,1
"6977261691718","Olight Baton Turbo Rechargeable Water Proof Magnetic Flash Light Camping Hiking Emergency EDC Torch Light","Roadster","Japan Stationery","Shopee",1,245.00,245.00,245.00,245.00,1,2025-12-09,2025-12-09,1
"4901681882199","Zebra Delguard Type GR 0.5 Limited Relaxation Color Japan Limited Edition P-MA93-RE-CAG P-MA93-RE-TPU P-MA93-RE-RGR","Starry Navy","Japan Stationery","Shopee",6,244.20,40.70,40.70,40.70,6,2025-10-02,2026-06-24,1
"4902778332030","Uni Disney Japan Limited Edition Jetstream 4&1 Jet Stream or Type 807 MSXE516D5PMBC SXE3807D05CG MSXE516D5PMBM","4in1 Coral","Japan Stationery","Shopee",3,242.10,80.70,80.70,80.70,2,2025-12-08,2026-03-16,1
"4901478202483","Sanrio Air Pita Pen Case Hello Kitty Japan Limited Edition Cinnamon Roll Kuromi Pachacco SA006A SA006B SA006C SA006D","Cinnamon","Japan Stationery","Shopee",2,241.40,120.70,120.70,120.70,2,2026-05-25,2026-06-25,1
"uni-sxr80-05-blue-x5pcs","Refill for Mitsubishi Multi Function Jetstream Pen SXR-80-05 (0.5mm)","Blue (0.5mm) x5pcs","Japan Stationery","Shopee",11,240.90,21.90,21.90,21.90,6,2026-02-15,2026-06-12,1
"4902778322079","Uni Mitsubishi Uniball ZENTO Basic Standard Flow Gel Pens 0.38/0.5mm UBNZS38.15 UBNZS38 UBNZS05","Std Sea 0.38","Japan Stationery","Shopee",14,240.80,17.20,17.20,17.20,13,2025-07-18,2026-05-29,1
"4902778274187","Uni Mitsubishi Mechanical Pencil Refill Leads 0.3/0.4/0.5/0.7/0.9 mm UL-S-0.3-25 1P","2H (0.5)","Japan Stationery","Shopee",27,240.30,8.90,8.90,8.90,20,2025-08-03,2026-04-05,1
"4902778185650","Uni Kuru Toga Basic - Automatic Lead Rotation Mechanical Pencil (0.7mm) 0.7","Blue (0.7mm)","Japan Stationery","Shopee",9,240.30,26.70,26.70,26.70,5,2025-07-06,2025-10-19,1
"4902778227510","Uni Kuru Toga Advance (0.3mm version) Mechanical Pencil","Baby Pink (0.3mm)","Japan Stationery","Shopee",9,240.30,26.70,26.70,26.70,8,2025-10-07,2026-05-15,1
"3501179044552","rOtring Trio 3in1 / Quattro 4in1 Gravity Mechanism Multi Function Pen - Black, Red Mechanical Pencil (0.5 mm) rotring","Color:Quattro 4in1 Graphite","Japan Stationery","Lazada",1,239.00,239.00,239.00,239.00,1,2026-02-21,2026-02-21,1
"4902778301333","Refill for Mitsubishi Multi Function Jetstream Pen SXR-80-07 (0.7mm)","Black (Pack of 6pcs)","Japan Stationery","Shopee",12,238.80,19.90,19.90,19.90,10,2025-07-09,2026-06-14,1
"4902506406361","Japan Pentel Ain Mechanical Pencil Lead 0.2/0.3/0.4/0.5/0.7/0.9/1.3 mm","0.3 2B","Japan Stationery","Shopee",20,238.00,11.90,11.90,11.90,17,2025-09-29,2026-05-19,1
"6975498002703","Olight Oclip Rechargable EDC Flashlight  White & Red Light","Black","Elite Camp","Shopee",2,238.00,119.00,109.00,129.00,2,2025-09-15,2026-04-07,1
"4902505673801","Limited Edition Anna Sui x Acro Collaboration Oil-based Ballpoint Pen SIlver Line Gold Line (0.5mm)","Gold Purple","Japan Stationery","Shopee",2,238.00,119.00,119.00,119.00,2,2025-07-13,2026-05-17,1
"4901681853557","Zebra DelGuard Metal Grip Type-Lx Anti-break Core Mechanical Pencil (0.5mm)","Blue  Eraser Bonus","Japan Stationery","Shopee",8,237.60,29.70,29.70,29.70,8,2025-09-09,2026-04-11,1
"6975498007678","Olight Warrior Mini 3 Rechargeable Tactical Flashlight Waterproof Torchlight Camping Hiking Compact Torch Flash","Forest Gradient","Elite Camp","Shopee",1,237.00,237.00,237.00,237.00,1,2026-04-30,2026-04-30,1
"6975498001386","Olight Baton 3 (Pro) (Pro Max) Rechargeable Water Proof Magnetic Flash Light Camping Hiking Emergency EDC Torch Light","Type:Baton3Pro-Orange","Elite Camp","Lazada",1,237.00,237.00,237.00,237.00,1,2025-10-17,2025-10-17,1
"4977564607562","Plus Deco Rush Wide Type Limited Edition Neko Rush 91559 91560 91561 91562 91563 91564 91565","Munchkin","Japan Stationery","Shopee",12,236.40,19.70,19.70,19.70,12,2026-03-16,2026-06-05,1
"6972378120557","OLIGHT MCC 3 MCC 1A Charger Smart Magnetic Charging Cable","MCC3 Cable","Elite Camp","Shopee",4,236.00,59.00,59.00,59.00,4,2025-12-28,2026-06-08,1
"4903419843717","Lihit Lab ALTNA A7773-24 Tote Bag","Green","Japan Stationery","Shopee",4,236.00,59.00,59.00,59.00,4,2025-07-02,2025-11-25,1
"4902506188380","Japan Version Pentel Graph Gear 1000 Drafting Mech Pencil PG1015 0.3 0.4 0.5 0.7 0.9mm Graphgear","0.4mm","Japan Stationery","Shopee",6,234.60,39.10,37.90,39.70,6,2025-08-24,2026-06-19,1
"4902778164150","0.5mm Refill for Mitsubishi Jetstream Prime Pen SXR-200-05 (0.5mm) (D1 refill size)","Red","Japan Stationery","Shopee",18,234.00,13.00,13.00,13.00,15,2025-07-12,2026-06-29,1
"4902505673832","Limited Edition Anna Sui x Acro Collaboration Oil-based Ballpoint Pen SIlver Line Gold Line (0.5mm)","Silver Black Bouquet","Japan Stationery","Shopee",6,234.00,39.00,39.00,39.00,4,2025-07-13,2026-04-19,1
"4903419844226","Original Lihit Lab Pen / Pencil Case - Book Type A-7551 A7551","Black Camouflage","Japan Stationery","Shopee",5,233.50,46.70,46.70,46.70,5,2025-12-29,2026-06-05,1
"4902870806958","MAX Stapler, Sakuri Flat, 32 Sheet Stapler,","Pink","Japan Stationery","Shopee",6,233.40,38.90,38.90,38.90,5,2025-07-30,2025-11-16,1
"4901480095509","Kokuyo Campus Notebook B5 A4 A6 Environmentally Friendly Notebook 7mm 6mm Normal-Medium Lines ノ-3ANX3 ノ-4ANX3 ノ-5ANX3","50S-5sets-6mm-BLU-B5","Japan Stationery","Shopee",3,232.50,77.50,77.50,77.50,3,2026-03-06,2026-04-18,1
"4902778274217","Uni Mitsubishi Mechanical Pencil Refill Leads 0.3/0.4/0.5/0.7/0.9 mm UL-S-0.3-25 1P","3B (0.5)","Japan Stationery","Shopee",26,231.40,8.90,8.90,8.90,19,2025-07-09,2026-02-02,1
"4902506406576","Japan Pentel Ain Mechanical Pencil Lead 0.2/0.3/0.4/0.5/0.7/0.9/1.3 mm","0.5 4B","Japan Stationery","Shopee",19,230.10,12.11,11.90,15.90,14,2025-10-12,2026-06-19,1
"4901480364704","KOKUYO Enpitsu Sharp Mechanical Pencil Lead - HB / B / 2B ( 0.3 / 0.5 / 0.7 / 0.9 / 1.3 mm ) PSR-2B03-1P PSR-B03-1P","0.5mm 2B (40pcs)","Japan Stationery","Shopee",20,230.00,11.50,11.50,11.50,8,2025-07-19,2026-06-06,1
"4901681581030","Original Japan Zebra Mildliner Double Sided Highlighter Set - Pack of 5 Colors","WKT7-N-5C-N","Japan Stationery","Shopee",11,229.90,20.90,20.90,20.90,11,2025-07-15,2025-12-27,1
"4901480287454","Kokuyo Harinacs Staplerless Stapler Gun-Type Paper Press 10 Sheets SLN-MSH110D SLN-MSH110G SLN-MSH110LB SLN-MSH110W","Green","Japan Stationery","Shopee",5,229.50,45.90,45.90,45.90,2,2025-08-29,2025-09-12,1
"6977261691190","Olight Baton Turbo Rechargeable Water Proof Magnetic Flash Light Camping Hiking Emergency EDC Torch Light","orange","Elite Camp","Shopee",1,229.00,229.00,229.00,229.00,1,2026-05-05,2026-05-05,1
"X001173TY5","rOtring 600 3-in-1 Multi Function Ballpoint Pen (Black, Red ink) Mechanical Pencil (0.5mm) Full Metal rotring","Silver (3-in-1)","Japan Stationery","Shopee",1,229.00,229.00,229.00,229.00,1,2025-12-25,2025-12-25,1
"6975498003601","Olight Baton Turbo Rechargeable Water Proof Magnetic Flash Light Camping Hiking Emergency EDC Torch Light","black","Japan Stationery","Shopee",1,229.00,229.00,229.00,229.00,1,2026-06-06,2026-06-06,1
"4955414924007","Staedtler 925-15 Drafting Mechanical Pencil Plastic Body Light Weight (0.3, 0.5, 0.7, 0.9)","0.3mm","Japan Stationery","Shopee",7,228.90,32.70,32.70,32.70,7,2025-07-08,2026-06-09,1
"4902778143308","Uni Mitsubishi Field Architectural  Mechanical Pencil Refill 2.0mm M20-700 1P","Red","Japan Stationery","Shopee",7,228.90,32.70,32.70,32.70,7,2025-07-25,2026-06-25,1
"4902778143285","Uni Mitsubishi Field Architectural  Mechanical Pencil Refill 2.0mm M20-700 1P","HB","Japan Stationery","Shopee",7,228.90,32.70,32.70,32.70,7,2025-08-01,2026-05-15,1
"4901991635980","Refill for Tombow Airpress Pressurized Ballpoint Pen - 0.7 mm","Black","Japan Stationery","Shopee",19,228.00,12.00,12.00,12.00,14,2025-07-19,2026-03-25,1
"4902505680267","Pilot KAKUNO Drowsy Color Kumi Madoromi Color Series Fountain Pen Fine/Medium P-FKA-1-MDPF -MDPM -MDIF -MDIM -MDBNF","Drowsy Ivory (Fine)","Japan Stationery","Shopee",3,227.10,75.70,75.70,75.70,3,2025-08-24,2025-12-18,1
"4901681698042","Delguard Type Lx0.5 City Color Japan Limited Edition Series P-MA86-CC-DOR P-MA86-CC-CGR P-MA86-CC-FW P-MA86-CC-MNV","Midnight Navy","Japan Stationery","Shopee",3,227.10,75.70,75.70,75.70,3,2025-10-12,2026-01-10,1
"6975498001362","Olight Baton 3 (Pro) (Pro Max) Rechargeable Water Proof Magnetic Flash Light Camping Hiking Emergency EDC Torch Light","Baton3Pro-Purple","Elite Camp","Shopee",1,227.00,227.00,227.00,227.00,1,2026-03-15,2026-03-15,1
"6975498001324","Olight Baton 3 (Pro) (Pro Max) Rechargeable Water Proof Magnetic Flash Light Camping Hiking Emergency EDC Torch Light","Baton 3 Pro,OD Green","Japan Stationery","Shopee",1,227.00,227.00,227.00,227.00,1,2025-10-25,2025-10-25,1
"6975498001362","Olight Baton 3 (Pro) (Pro Max) Rechargeable Water Proof Magnetic Flash Light Camping Hiking Emergency EDC Torch Light","Baton 3 Pro,Purple","Japan Stationery","Shopee",1,227.00,227.00,227.00,227.00,1,2026-01-19,2026-01-19,1
"4901681580293","Zebra DelGuard Basic Anti-break Core Mechanical Pencil (0.7mm) 0.7 Japan Premium Stationery Student Gift","Pink (0.7mm)","Japan Stationery","Shopee",10,227.00,22.70,22.70,22.70,10,2025-08-01,2026-05-23,1
"4902506406897","Japan Pentel Ain Mechanical Pencil Lead 0.2/0.3/0.4/0.5/0.7/0.9/1.3 mm","0.7 2B","Japan Stationery","Shopee",19,226.10,11.90,11.90,11.90,16,2025-11-01,2026-06-30,1
"4902778319314","Uni Mitsubishi Kurutoga KS Switch Limited Edition  Mechanical Pencil 0.5mm M5KS1P.BRY M51009GG1P.AG M5KSSR1P.BHG ULSF051","Bright Yellow","Japan Stationery","Shopee",8,225.60,28.20,28.20,28.20,8,2025-07-30,2026-06-25,1
"6977261692364","Olight Oclip Ultra Rechargeable Torch 530 lumens","Color:Navy Blue","Japan Stationery","Lazada",1,224.19,224.19,224.19,224.19,1,2025-08-07,2025-08-07,1
"4902778180372","Mitsubishi Uni Jetstream Stylus 3 Colors Multi Pen (0.5mm) & Stylus (Ag Fiber)","Pink","Japan Stationery","Shopee",3,224.10,74.70,74.70,74.70,3,2025-12-08,2026-06-04,1
"6975498003885","Olight Baton Turbo Rechargeable Water Proof Magnetic Flash Light Camping Hiking Emergency EDC Torch Light","color:od green","Elite Camp","Lazada",1,224.00,224.00,224.00,224.00,1,2026-04-22,2026-04-22,1
"4902778302354","New Kuru Toga KS Uni Japan Mechanical Pencil Lead Self-rotating M3/5-KS Upgraded Version 0.3mm/0.5mm","0.3 Black","Japan Stationery","Shopee",8,221.60,27.70,27.70,27.70,7,2025-07-08,2026-05-12,1
"4902778309636","New Kuru Toga KS Uni Japan Mechanical Pencil Lead Self-rotating M3/5-KS Upgraded Version 0.3mm/0.5mm","0.5 Herb Green","Japan Stationery","Shopee",8,221.60,27.70,27.70,27.70,8,2025-07-28,2026-06-15,1
"6972378120137","Olight i3E EOS LED Keychain Mono Output Flashlight Torchlight Camping Hiking Compact Torch Flash","Color:Black","Japan Stationery","Lazada",6,221.43,36.91,33.67,42.19,6,2025-07-02,2026-05-05,1
"4902668669154","Uni-Ball One Jujutsu Kaisen JAPAN LIMITED EDITION Gel Pen 0.38 mm HH4031 Jyujutsu Gojo","UniballOne/Gojo","Japan Stationery","Shopee",6,221.40,36.90,36.90,36.90,6,2025-08-07,2025-09-19,1
"4901478149764","Uni Kuru Toga Advance Puma Limited Edition Automatic Lead Rotation (2X) Mechanical Pencil (0.5mm)","Light Blue","Japan Stationery","Shopee",5,220.70,44.14,25.90,48.70,5,2026-01-25,2026-06-28,1
"4902778019597","Mitsubishi Uni Jetstream Ballpoint Pen - 0.7 mm Alpha Gel Grip Series SXN-1000-07 1P","Pink","Japan Stationery","Shopee",4,220.00,55.00,55.00,55.00,3,2025-12-19,2026-05-06,1
"4901480374055","Kokuyo Hasa-003 High Quality Scissors For Paper And Crafts, Fine Pointed Kai Blade Black HASA-001 HASA-002 HASA-003","Powerful","Japan Stationery","Shopee",2,220.00,110.00,110.00,110.00,2,2026-01-09,2026-05-29,1
"6977261691008","Olight Baton 4 Powerful EDC Flashlight 1300 Lumens Rechargeable Water Proof  Flash Light Camping Hiking Torch Light","Fighter Pilot","Elite Camp","Shopee",1,219.00,219.00,219.00,219.00,1,2025-10-14,2025-10-14,1
"6977261692456","Olight Baton 4 Powerful EDC Flashlight 1300 Lumens Rechargeable Water Proof  Flash Light Camping Hiking Torch Light","Orange","Elite Camp","Shopee",1,219.00,219.00,219.00,219.00,1,2026-04-09,2026-04-09,1
"4902778121818","Uni Kuru Toga Alpha Gel Automatic Lead Rotation Mechanical Pencil (0.5mm)","Turquoise","Japan Stationery","Shopee",5,218.50,43.70,43.70,43.70,5,2025-08-16,2026-01-01,1
"6977261691718","Olight Baton Turbo Rechargeable Water Proof Magnetic Flash Light Camping Hiking Emergency EDC Torch Light","Variation1:Roadster","Japan Stationery","Lazada",1,216.27,216.27,216.27,216.27,1,2025-09-09,2025-09-09,1
"4901681648184","Zebra DelGuard Checked Edition Anti-break Core Mechanical Pencil (0.5mm)","Checked Purple","Japan Stationery","Shopee",8,213.60,26.70,26.70,26.70,7,2025-07-31,2026-05-24,1
"4902668669031","Zebra DelGuard Jujutsu Kaisen LIMITED EDITION Mechanical Pencil 0.5 mm Jyujutsu Gojo Geto Ieiri","Delguard/Nanami","Japan Stationery","Shopee",4,213.20,53.30,53.30,53.30,4,2025-11-07,2026-03-02,1
"4902668669024","Zebra DelGuard Jujutsu Kaisen LIMITED EDITION Mechanical Pencil 0.5 mm Jyujutsu Gojo Geto Ieiri","Delguard/Ieiri","Japan Stationery","Shopee",4,213.20,53.30,53.30,53.30,2,2026-01-08,2026-06-02,1
"4901480353975","Kokuyo Mark+ Two Tone Color Marker PM-MT100-5S","Dual Tone MT100-5S","Japan Stationery","Shopee",5,212.50,42.50,42.50,42.50,5,2025-08-13,2026-01-13,1
"4901480365312","Kokuyo PM-MT200 Mark+ Two Way Color Highlighter Fineliner Marker PM-MT200LG PM-MT200K PM-MT200G PM-MT200DB PM-MT200P","5 Color Set","Japan Stationery","Shopee",5,212.50,42.50,42.50,42.50,5,2025-09-18,2026-01-17,1
"4902778348789","2025 New Retreat Color Uni-ball Zento Standard Flow UMNSFT38D.1 UMNSFT38D.32 UMNSFT05D.6 UMNSFT05D.13","Std-Slate Gray | Std-Slate Gray 0.5","Japan Stationery","Shopee",16,211.20,13.20,13.20,13.20,14,2025-10-02,2026-06-29,1
"4902778258163","2025 New Uni-ball Jetstream 4+1 Ballpoint Pen 4 color mechanical pencil 0.5mm multipen 4in1 5in1 SXE350705.24","Teal Blue | LIMITED Teal BLue","Japan Stationery","Shopee",5,210.50,42.10,29.70,49.70,5,2025-08-07,2026-06-26,2
"6975498001829","Olight Seeker 4 Pro/Mini Waterproof Rechargeable Flashlight Camping Fishing UV Emergency Torch","S4 Mini - Black","Elite Camp","Shopee",1,210.00,210.00,210.00,210.00,1,2026-04-10,2026-04-10,1
"6975498007388","Olight Seeker 4 Pro/Mini Waterproof Rechargeable Flashlight Camping Fishing UV Emergency Torch","S4 Mini - Red","Elite Camp","Shopee",1,210.00,210.00,210.00,210.00,1,2026-05-05,2026-05-05,1
"4902778227138","Refill for Mitsubishi Multi Function Jetstream Pen SXR-600-05 (0.5mm) and SXR-600-07 (0.7mm) G2 refill","Black 0.7mm","Japan Stationery","Shopee",6,209.40,34.90,34.90,34.90,4,2026-05-29,2026-06-18,1
"4902506172891","Japan Version Pentel Graph Gear 500 Drafting Mech Pencil 0.3 0.4 0.5 0.7 0.9mm PG513 PG514 PG515 PG517 PG519","Size:0.5mm","Japan Stationery","Lazada",9,208.23,23.14,22.14,27.59,8,2025-07-03,2026-02-28,1
"4902778322109","Uni Mitsubishi Uniball ZENTO Basic Standard Flow Gel Pens 0.38/0.5mm UBNZS38.15 UBNZS38 UBNZS05","Std Ivory 0.5","Japan Stationery","Shopee",12,206.40,17.20,17.20,17.20,12,2025-09-04,2026-06-30,1
"4955414925271","Staedtler 925-25 Drafting Mechanical Pencil Metal Body (0.3mm, 0.5mm, 0.7mm, 0.9mm,1.3mm, 2.0mm)","0.7mm","Japan Stationery","Shopee",3,206.10,68.70,68.70,68.70,2,2025-08-13,2025-10-17,1
"4955414926872","Staedtler 925 -35 Drafting Mechanical Pencil Metal Body(0.3, 0.5, 0.7, 0.9, 2.0)","0.3mm","Japan Stationery","Shopee",3,206.10,68.70,68.70,68.70,3,2025-10-24,2026-04-02,1
"4902778363973","Uni Mitsubishi Mechanical Pencil Lead Holder 2.0mm MH500","Red","Japan Stationery","Shopee",8,205.60,25.70,25.70,25.70,8,2025-07-22,2026-06-14,1
"4977564637699","Plus Twiggy Portable Scissors FitCut Curve","Green","Japan Stationery","Shopee",8,204.90,25.61,23.70,39.00,7,2025-09-26,2026-05-24,1
"4953571074856","SOTO Lighter Ultra Small Strong Windproof Refillable Lightweight Compact ST-480 ST-485 ST-486","ST-485 Orange","Elite Camp","Lazada",2,204.00,102.00,102.00,102.00,1,2026-03-19,2026-03-19,1
"4903419832742","Original Lihit Lab Pen / Pencil Case - Book Type XL (Double) A-7555 A7555","Green","Japan Stationery","Shopee",3,203.70,67.90,67.90,67.90,3,2025-08-22,2025-10-10,1
"4902506337177","Pentel Smash Drafting Mechanical Pencil - 0.5 mm","Navy","Japan Stationery","Shopee",3,203.70,67.90,67.90,67.90,3,2025-11-04,2026-04-06,1
"4902506335678","Pentel Smash Drafting Mechanical Pencil - 0.5 mm","Grey Blue","Japan Stationery","Shopee",3,203.70,67.90,67.90,67.90,3,2025-11-26,2026-05-12,1
"4903419844295","Original Lihit Lab Pen / Pencil Case - Book Type XL (Double) A-7555 A7555","Ice Gray Camouflage","Japan Stationery","Shopee",3,203.70,67.90,67.90,67.90,3,2025-12-31,2026-06-20,1
"4902505684036","Pilot Japan Limited Edition Frixion Zones x Lunettes Rondes CSLFBKZLUH-BBN CSLFBKZLUL-CGY CSLFBKZLUH-BR CSLFBKZLUL-CLB","Clear Light Blue","Japan Stationery","Shopee",5,203.50,40.70,40.70,40.70,5,2025-07-24,2026-06-06,1
"4902778211373","Uni Nano Diamond Color Erasable Lead - 0.5 mm - Orange Green Red Mint Blue Pink","Blue","Japan Stationery","Shopee",17,202.30,11.90,11.90,11.90,14,2025-07-06,2025-12-30,1
"4902506406279","Japan Pentel Ain Mechanical Pencil Lead 0.2/0.3/0.4/0.5/0.7/0.9/1.3 mm","0.2 2B","Japan Stationery","Shopee",17,202.30,11.90,11.90,11.90,13,2025-10-07,2026-06-24,1
"4902778040096","Mitsubishi Uni Jetstream F Series 3 Colors 0.5mm (Black, Red, Blue)","Luminous Black","Japan Stationery","Shopee",6,202.20,33.70,33.70,33.70,6,2025-07-20,2026-06-19,1
"4901991032215","Tombow Mono Graph Multi -2 Color Pen + Mechanical Pencil + Twist Eraser","Lime Green","Japan Stationery","Shopee",6,202.20,33.70,33.70,33.70,6,2025-08-16,2026-03-25,1
"4902778040102","Mitsubishi Uni Jetstream F Series 3 Colors 0.5mm (Black, Red, Blue)","Silky Gold","Japan Stationery","Shopee",6,202.20,33.70,33.70,33.70,6,2025-08-25,2026-06-29,1
"4902505683756","Pilot 4+1 Wood-earth Color Ballpoint Pen 5mm BH41FW-155-RL BH41FW-155-MG BH41FW-155-SBE BH41FW-155-OP","Soil Beige","Japan Stationery","Shopee",2,201.40,100.70,100.70,100.70,2,2025-08-12,2025-11-14,1
"4902505683770","Pilot 4+1 Wood-earth Color Ballpoint Pen 5mm BH41FW-155-RL BH41FW-155-MG BH41FW-155-SBE BH41FW-155-OP","Raccoon Blue","Japan Stationery","Shopee",2,201.40,100.70,100.70,100.70,2,2025-09-04,2025-11-14,1
"4902505683763","Pilot 4+1 Wood-earth Color Ballpoint Pen 5mm BH41FW-155-RL BH41FW-155-MG BH41FW-155-SBE BH41FW-155-OP","Meadow Green","Japan Stationery","Shopee",2,201.40,100.70,100.70,100.70,2,2025-10-29,2026-04-13,1
"4902505374777","Pilot Iroshizuku Fountain Pen Ink 50 ml INK-50-AS Pilot Iroshizuku 50ml bottle","FS-Winter General","Japan Stationery","Shopee",3,201.40,67.13,62.00,69.70,3,2025-09-21,2026-03-12,1
"4902778292396","Refill for Mitsubishi Multi Function Jetstream Pen SXR-80-05 (0.5mm)","Blue (0.5mm)","Japan Stationery","Shopee",41,200.90,4.90,4.90,4.90,28,2025-07-06,2026-06-29,1
"4901480351643","Kokuyo Gloo Strong, Clean, Disappearing Adhesive Glue Stick Turbo G321N-1P G322N-1P G323N-1P G301N-1P","Orange - Medium 22g","Japan Stationery","Shopee",12,200.40,16.70,16.70,16.70,11,2025-08-15,2026-04-06,1
"4901480142913","Kokuyo Tube File Eco Twin R A4 Vertical Binding Thickness 50mm Blue Double-sided Pipe File フ-RT630B フ-RT630C フ-RT640B","Silver 60mm","Japan Stationery","Shopee",3,200.10,66.70,66.70,66.70,2,2025-10-29,2025-11-13,1
"4903419844301","Original Lihit Lab Pen / Pencil Case - Book Type XXL (Triple) A-7556 A7556","Maroon Camouflage","Japan Stationery","Shopee",2,199.40,99.70,99.70,99.70,2,2026-01-04,2026-03-26,1
"4902778353080","JET Lite PEANUTS 2026 Jetstream 4&1 Single Japan Limited Edition 0.5mm","Mellow White","Japan Stationery","Shopee",2,199.40,99.70,99.70,99.70,2,2026-03-25,2026-05-06,1
"6975498006428","Olight Baton 4 Powerful EDC Flashlight 1300 Lumens Rechargeable Water Proof  Flash Light Camping Hiking Torch Light","Regal Blue","Elite Camp","Shopee",1,199.00,199.00,199.00,199.00,1,2026-05-27,2026-05-27,1
"6977261692456","Olight Baton 4 Powerful EDC Flashlight 1300 Lumens Rechargeable Water Proof Camping Hiking Torch","Orange","Japan Stationery","Shopee",1,199.00,199.00,199.00,199.00,1,2026-05-25,2026-05-25,1
"4902778043585","Uni Shift Pipe Lock Retractable Mechanical Pencils 0.3/0.5/0.7/0.9 mm M31010.26 M41010.26 M51010.26 M51010.24 M71010.26","0.7mm, Silver","Japan Stationery","Shopee",4,198.80,49.70,49.70,49.70,4,2025-07-11,2026-06-12,1
"4902778280379","Kuru Toga Switch Alpha Gel Automatic Lead Rotation Mechanical Pencil (0.5mm) Uni Kurutoga","0.3mm Grey","Japan Stationery","Shopee",4,198.80,49.70,49.70,49.70,4,2025-09-16,2026-02-02,1
"4902778309551","Kuru Toga Switch Alpha Gel Automatic Lead Rotation Mechanical Pencil (0.5mm) Uni Kurutoga","0.5mm Grey","Japan Stationery","Shopee",4,198.80,49.70,49.70,49.70,4,2025-10-25,2026-02-16,1
"4902778043424","Mitsubishi Uni Jetstream 4 Color (0.5mm/0.7mm) & Mechanical Pencil (0.5mm) Limited Edition Multi","Silver","Japan Stationery","Shopee",5,198.50,39.70,39.70,39.70,5,2025-07-14,2026-01-04,1
"4901991066616","Tombow Mono Limited Shimmer Edition 958S DPB-142A DPB-142B DPB-142C DPB-142D DPB-142E CT-PAX5C209L CT-PAX5C409L","Pencil Monograph,Rosé","Japan Stationery","Shopee",8,197.60,24.70,24.70,24.70,7,2025-12-12,2026-04-24,1
"4573447645609","TokyoCamp Stand for Portable Bonfire Stand Best in Japan Premium Compact Camping Foldable Wood BBQ Fire Tokyo Camp","","Elite Camp","Shopee",1,197.00,197.00,197.00,197.00,1,2026-03-09,2026-03-09,1
"4901681155376","Zebra Sharbo X LT3 Nuance Color Series Japan Limited Edition P-SB22-NC-MG P-SB22-NC-SGP P-SB22-NC-EG P-SB22-NC-SBB","Cigar Pink","Japan Stationery","Shopee",1,197.00,197.00,197.00,197.00,1,2026-02-08,2026-02-08,1
"4901681155369","Zebra Sharbo X LT3 Nuance Color Series Japan Limited Edition P-SB22-NC-MG P-SB22-NC-SGP P-SB22-NC-EG P-SB22-NC-SBB","Shabby Blue","Japan Stationery","Shopee",1,197.00,197.00,197.00,197.00,1,2026-03-28,2026-03-28,1
"4977564607555","Plus Deco Rush Wide Type Limited Edition Neko Rush 91559 91560 91561 91562 91563 91564 91565","Ragdoll","Japan Stationery","Shopee",10,197.00,19.70,19.70,19.70,10,2026-03-16,2026-05-29,1
"4902778272398","Uni Mitsubishi Mechanical Pencil Refill Leads 0.3/0.4/0.5/0.7/0.9 mm UL-S-0.3-25 1P","B (0.5)","Japan Stationery","Shopee",22,195.80,8.90,8.90,8.90,21,2025-07-06,2026-05-24,1
"4901681813322","Zebra Sarasa Clip & Sarasa Grand Moomin Japan Limited Edition Gel Ballpoint Pen 0.5mm JJ29-MM-BK1","Dark Blue (Black)","Japan Stationery","Shopee",2,195.80,97.90,97.90,97.90,2,2025-07-15,2025-11-04,1
"4902778157015","Uni Kuru Toga Rubber Grip Automatic Lead Rotation Mechanical Pencil","Blue","Japan Stationery","Shopee",7,195.30,27.90,27.90,27.90,7,2025-07-20,2026-04-09,1
"4902778183908","Uni Kuru Toga Basic - Automatic Lead Rotation Mechanical Pencil (0.5mm)","Red","Japan Stationery","Shopee",9,195.30,21.70,21.70,21.70,9,2025-08-14,2026-05-04,1
"4902505673825","Limited Edition Anna Sui x Acro Collaboration Oil-based Ballpoint Pen SIlver Line Gold Line (0.5mm)","Silver Purple Cherry","Japan Stationery","Shopee",5,195.00,39.00,39.00,39.00,4,2025-07-13,2026-04-12,1
"4902778164181","0.7mm Refill for Mitsubishi Jetstream Prime Pen SXR-200-07 (0.7mm) (D1 refill size)","Red","Japan Stationery","Shopee",15,195.00,13.00,13.00,13.00,10,2025-08-15,2026-03-26,1
"4901480279756","Kokuyo Aerofit Superior Scissors Long Thick Blade","Titanium PH24D","Japan Stationery","Shopee",2,195.00,97.50,97.50,97.50,2,2025-11-11,2025-11-29,1
"4901480375571","Kokuyo C2 Tray Type Pencil Case Pen Case F-VBF140-7 F-VBF122-7","Ash Black Large","Japan Stationery","Shopee",3,195.00,65.00,65.00,65.00,3,2026-02-22,2026-06-10,1
"4902778258170","Mitsubishi Uni Jetstream 4 Color (0.5mm/0.7mm) & Mechanical Pencil (0.5mm) Limited Edition Multi","LIMITED Pale Green","Japan Stationery","Shopee",4,194.80,48.70,45.70,49.70,4,2025-10-01,2026-06-06,1
"4901480324272","KOKUYO Dotliner Glue Tape Standard, Long, Hold, Long50, Power (refill or tape set) TA-DM400-08N D400-08N","Blue,Wide (20mm*16meter)","Japan Stationery","Shopee",5,194.50,38.90,38.90,38.90,4,2025-07-19,2025-12-15,1
"6972378124531","Olight i3T Small Flashlight Dual Outpot Slim EDC Camping Hiking Torchlight Small Portable","i3T Plus - Black","Elite Camp","Shopee",2,194.00,97.00,97.00,97.00,2,2025-08-30,2026-03-13,1
"4902778309629","New Kuru Toga KS Uni Japan Mechanical Pencil Lead Self-rotating M3/5-KS Upgraded Version 0.3mm/0.5mm","0.5 Coral Pink","Japan Stationery","Shopee",7,193.90,27.70,27.70,27.70,6,2025-07-31,2026-06-18,1
"4902505374760","Pilot Iroshizuku Fountain Pen Ink 50 ml INK-50-AS Pilot Iroshizuku 50ml bottle","SHR-Fresh Green","Japan Stationery","Shopee",3,193.70,64.57,62.00,69.70,3,2025-08-02,2026-02-20,1
"4902505433337","Pilot Iroshizuku Fountain Pen Ink 50 ml INK-50-AS Pilot Iroshizuku 50ml bottle","CHK-Bamboo Grove","Japan Stationery","Shopee",3,193.70,64.57,62.00,69.70,3,2025-10-06,2026-01-17,1
"4902778364765","Uni Mitsubishi Replacement Lead Refill 2.0mm ULN","3B","Japan Stationery","Shopee",15,193.50,12.90,12.90,12.90,13,2025-08-04,2026-06-14,1
"6975498007555","Olight i3E EOS LED Keychain Mono Output Flashlight Torchlight Camping Hiking Compact Torch Flash","Olight Blue","Elite Camp","Shopee",5,193.50,38.70,38.70,38.70,5,2025-07-04,2025-10-28,1
"6975498007920","Olight i3E EOS LED Keychain Mono Output Flashlight Torchlight Camping Hiking Compact Torch Flash","Stellar Blue","Elite Camp","Shopee",5,193.50,38.70,38.70,38.70,5,2025-07-22,2025-09-08,1
"6975498007654","Olight i3E EOS LED Keychain Mono Output Flashlight Torchlight Camping Hiking Compact Torch Flash","Orange","Elite Camp","Shopee",5,193.50,38.70,38.70,38.70,5,2025-08-08,2025-10-02,1
"4902505686207","Pilot PRERA New Color Majinhitsu Fountain Pen Fine/Medium P-FPR-1-RBN-F P-FPR-1-RBN-M P-FPR-1-OW-F P-FPR-1-OW-M P-FPR-1-","Dark Turquoise F","Japan Stationery","Shopee",1,190.70,190.70,190.70,190.70,1,2026-01-27,2026-01-27,1
"4902506406385","Japan Pentel Ain Mechanical Pencil Lead 0.2/0.3/0.4/0.5/0.7/0.9/1.3 mm","0.3 HB","Japan Stationery","Shopee",16,190.40,11.90,11.90,11.90,15,2025-08-14,2026-05-15,1
"4901480343808","Kokuyo Enpitsu Thick Lead Mechanical Pencil Metal or Rubber Grip Sharp - Type M or MX Writing","Rubber Grip 0.7mm","Japan Stationery","Shopee",6,190.20,31.70,31.70,31.70,6,2025-07-26,2026-05-10,1
"4902778322123","Uni Mitsubishi Uniball ZENTO Basic Standard Flow Gel Pens 0.38/0.5mm UBNZS38.15 UBNZS38 UBNZS05","Std Adobe 0.38","Japan Stationery","Shopee",11,189.20,17.20,17.20,17.20,11,2025-08-19,2026-06-30,1
"4901480334714","Kokuyo Soft Ring Dotted Graph Notebook A5|A5|B6|A6|A7 80 Sheets ス-SV508WT-T ス-SV538WT-T ス-SU508WT","B6 Dotted","Japan Stationery","Shopee",7,189.00,27.00,27.00,27.00,5,2025-08-21,2026-01-03,1
"4901681570294","Zebra DelGuard ER Anti-break Core Mechanical Pencil (0.5mm) - Eraser Edition","Silver","Japan Stationery","Shopee",5,188.50,37.70,37.70,37.70,5,2025-08-03,2026-04-25,1
"4901681570218","Zebra DelGuard ER Anti-break Core Mechanical Pencil (0.5mm) - Eraser Edition","Black","Japan Stationery","Shopee",5,188.50,37.70,37.70,37.70,5,2025-09-01,2026-05-15,1
"4901681847372","Sarasa Nano 0.38 Limited Edition Winnie the Pooh W280 Zebra Japan Disney JJX72-DSWP-BK1 JJX72-DSWP-VSB JJX72-DSWP-4C","Cassis Black 0.38","Japan Stationery","Shopee",12,188.40,15.70,15.70,15.70,12,2025-10-04,2026-06-25,2
"4902505641442","Pilot Iroshizuku Fountain Pen Ink Cartridges Refill (6 Cartridges) 0.8 ml IRF-6S-AS","SNK-Deep Sea","Japan Stationery","Shopee",4,188.00,47.00,47.00,47.00,4,2025-11-05,2026-02-25,1
"4903419819804","Original Lihit Lab Pen / Pencil Case - Book Type A-7551 A7551","Coral","Japan Stationery","Shopee",4,186.80,46.70,46.70,46.70,4,2026-01-06,2026-03-12,1
"4902778292389","Refill for Mitsubishi Multi Function Jetstream Pen SXR-80-05 (0.5mm)","Black (0.5mm)","Japan Stationery","Shopee",38,186.20,4.90,4.90,4.90,27,2025-07-06,2026-06-29,1
"4902505374784","Pilot Iroshizuku Fountain Pen Ink 50 ml INK-50-AS Pilot Iroshizuku 50ml bottle","KS-Drizzle","Japan Stationery","Shopee",3,186.00,62.00,62.00,62.00,1,2025-07-08,2025-07-08,1
"4902505380563","Pilot Iroshizuku Fountain Pen Ink 50 ml INK-50-AS Pilot Iroshizuku 50ml bottle","YB-Wild Grape","Japan Stationery","Shopee",3,186.00,62.00,62.00,62.00,3,2025-07-14,2025-07-24,1
"4901480095455","Kokuyo Campus Notebook B5 A4 A6 Environmentally Friendly Notebook 7mm 6mm Normal-Medium Lines ノ-3ANX3 ノ-4ANX3 ノ-5ANX3","50S-3sets-7mm-PNK-B5","Japan Stationery","Shopee",4,186.00,46.50,46.50,46.50,4,2026-02-16,2026-06-06,1
"4901480095486","Kokuyo Campus Notebook B5 A4 A6 Environmentally Friendly Notebook 7mm 6mm Normal-Medium Lines ノ-3ANX3 ノ-4ANX3 ノ-5ANX3","50S-3sets-6mm-BLU-B5","Japan Stationery","Shopee",4,186.00,46.50,46.50,46.50,3,2026-04-30,2026-05-12,1
"4901681677078","Zebra Lightwrite α Outdoor Japan Limited Edition  Ballpoint Pen 0.7mm P-BA96-0C/K P-BA96-0C/CO P-BA96-0C/NV P-BA96-0C/S","Copper","Japan Stationery","Shopee",6,184.20,30.70,30.70,30.70,6,2025-07-14,2026-06-05,1
"4902505680755","Pilot Dr.GRIP CL PlayBorder x Neox GRAPHITE Collaboration Limited Edition Mechanical Pencil 0.3/0.5","White 0.5","Japan Stationery","Shopee",6,184.20,30.70,30.70,30.70,6,2025-10-05,2026-06-14,1
"4901681847099","Zebra bLen Multi 3C/2+S 0.5 Snoopy 2nd Edition 3 color / 2 color+mechanical pencil B3AS88-SN2-COP SNC-0.5S B3AS88-SN2-LG","2+S White","Japan Stationery","Shopee",6,184.20,30.70,30.70,30.70,6,2025-11-02,2026-06-26,1
"4901480331768","Kokuyo Soft ring Notebook 5mm Grid line A5|A5|B6|A6|A7 Size 70 Sheets ス-SV407B-D ス-SV437B-D SU407B","B5 Graph","Japan Stationery","Shopee",5,182.50,36.50,36.50,36.50,3,2025-09-05,2026-01-22,1
"4901681124701","Zebra Pitan AW Series Award Winning Gel Pen Japan Limited Edition P-JJS115-25AW-G P-JJ115-25AW-G","Limited 0.5 Gold","Japan Stationery","Shopee",3,182.10,60.70,60.70,60.70,3,2026-01-07,2026-06-29,1
"4901480375618","Kokuyo C2 Tray Type Pencil Case Pen Case F-VBF140-7 F-VBF122-7","Turquoise Small","Japan Stationery","Shopee",3,180.00,60.00,60.00,60.00,3,2025-08-18,2025-09-26,1
"4901480369013","Kokuyo Perpanep Notebook Tsuru Sara Zara 3mm|4mm|5mm|6mm 60 Sheets PER-MT106S3M PER-MT106WT4M PER-MS106WT4M","Tsuru Tsuru,4mm Dot","Japan Stationery","Shopee",4,180.00,45.00,45.00,45.00,4,2025-11-02,2026-05-04,1
"4901480369068","Kokuyo Perpanep Notebook Tsuru Sara Zara 3mm|4mm|5mm|6mm 60 Sheets PER-MT106S3M PER-MT106WT4M PER-MS106WT4M","Zara Zara,4mm Dot","Japan Stationery","Shopee",4,180.00,45.00,45.00,45.00,3,2026-01-23,2026-06-23,1
"4902778363935","Uni Mitsubishi Mechanical Pencil Lead Holder 2.0mm MH500","2B","Japan Stationery","Shopee",7,179.90,25.70,25.70,25.70,7,2025-07-07,2026-06-05,1
"uni-sxr80-05-mix4colors-x4pcs","Refill for Mitsubishi Multi Function Jetstream Pen SXR-80-05 (0.5mm)","Mix4color(0.5) x4pcs","Japan Stationery","Shopee",10,179.00,17.90,17.90,17.90,8,2026-02-11,2026-06-26,1
"4573447645494","TokyoCamp Plate for Portable Bonfire Stand Best in Japan Premium Compact Camping Foldable Wood BBQ Fire Tokyo Camp","","Elite Camp","Shopee",1,179.00,179.00,179.00,179.00,1,2026-03-09,2026-03-09,1
"X00144C0RR","rOtring 600 Gift Set Special Color Edition Full Metal Drafting Pencil (0.5 mm)","Red","Japan Stationery","Shopee",1,179.00,179.00,179.00,179.00,1,2025-08-11,2025-08-11,1
"4902505692970","Pilot Acro DRIVE World Traveller Limited Edition","Mystic Forest Green","Japan Stationery","Shopee",1,179.00,179.00,179.00,179.00,1,2026-05-12,2026-05-12,1
"4902505692956","Pilot Acro DRIVE World Traveller Limited Edition","Arctic Silver","Japan Stationery","Shopee",1,179.00,179.00,179.00,179.00,1,2026-05-19,2026-05-19,1
"4902505692987","Pilot Acro DRIVE World Traveller Limited Edition","Deep Sea Blue","Japan Stationery","Shopee",1,179.00,179.00,179.00,179.00,1,2026-05-19,2026-05-19,1
"4902505692963","Pilot Acro DRIVE World Traveller Limited Edition","Desert Copper","Japan Stationery","Shopee",1,179.00,179.00,179.00,179.00,1,2026-06-10,2026-06-10,1
"3501179042565","rOtring Rapid Pro Full Metal Drafting Pencil (0.5, 0.7, 2.0 mm) Ballpoint Pen (1.0mm) Black/Silver RapidPro rotring","Color family:Pencil 0.7mm Silver","Japan Stationery","Lazada",1,179.00,179.00,179.00,179.00,1,2025-07-16,2025-07-16,1
"4902778131121","Mitsubishi Uni Jetstream 4 Color (0.5mm/0.7mm) & Mechanical Pencil (0.5mm) Limited Edition Multi","Light Blue","Japan Stationery","Shopee",5,178.50,35.70,29.70,39.70,4,2025-08-01,2026-06-28,1
"4902778206393","Uni Kuru Toga Disney Edition - Limited Daisy - Automatic Lead Rotation Mechanical Pencil","Limited Daisy","Japan Stationery","Shopee",5,178.50,35.70,35.70,35.70,5,2025-11-10,2026-05-27,1
"4901480287454","Kokuyo Harinacs Staplerless Stapler Gun-Type Paper Press 10 Sheets SLN-MSH110D SLN-MSH110G SLN-MSH110LB SLN-MSH110W","Color:Green","Japan Stationery","Lazada",4,178.45,44.61,40.49,46.09,3,2025-08-12,2025-09-01,1
"4902505367298","Pilot Iroshizuku Fountain Pen Ink 50 ml INK-50-AS","Type:TY-Moonlit Night","Japan Stationery","Lazada",3,178.17,59.39,54.56,67.19,3,2025-12-20,2026-03-22,1
"4902778273982","Uni Mitsubishi Mechanical Pencil Refill Leads 0.3/0.4/0.5/0.7/0.9 mm UL-S-0.3-25 1P","2H (0.3)","Japan Stationery","Shopee",20,178.00,8.90,8.90,8.90,20,2025-07-10,2026-06-20,1
"4977564607548","Plus Deco Rush Wide Type Limited Edition Neko Rush 91559 91560 91561 91562 91563 91564 91565","Scottish fold","Japan Stationery","Shopee",9,177.30,19.70,19.70,19.70,9,2026-04-06,2026-06-05,1
"4903419843700","Lihit Lab ALTNA A7773-24 Tote Bag","Navy","Japan Stationery","Shopee",3,177.00,59.00,59.00,59.00,3,2025-09-25,2025-12-12,1
"4902505684791","Pilot Juice up Sanrio Characters Japan Limited Edition Ballpoint Pen 0.5mm LJPS5S25-MAB LJPS5S25-PCB LJPS5S25-CNB LJPS5S","Pochacco","Japan Stationery","Shopee",10,177.00,17.70,17.70,17.70,10,2025-12-12,2026-06-17,1
"6975498004981","Olight i3T Small Flashlight Dual Outpot Slim EDC Camping Hiking Torchlight Small Portable","i3T 2 EOS Orange","Elite Camp","Shopee",2,175.80,87.90,87.90,87.90,2,2025-08-25,2025-09-18,1
"6977261690889","Olight i3T Small Flashlight Dual Outpot Slim EDC Camping Hiking Torchlight Small Portable","i3T 2 (OD Green)","Elite Camp","Shopee",2,175.80,87.90,87.90,87.90,2,2025-09-13,2025-09-18,1
"6975498002901","Olight i3T Small Flashlight Dual Outpot Slim EDC Camping Hiking Torchlight Small Portable","I3T 2 EOS","Elite Camp","Shopee",2,175.80,87.90,87.90,87.90,2,2025-09-18,2025-11-15,1
"4902778319833","Uni Mitsubishi Jetstream Prime 3&1 Ballpoint Pen 0.5/0.7mm SXE3350005.45 SXE3350005.66 SXE3350005D.9","Rose Pink 0.5","Japan Stationery","Shopee",1,175.70,175.70,175.70,175.70,1,2025-09-21,2025-09-21,1
"4902778319888","Uni Mitsubishi Jetstream Prime 3&1 Ballpoint Pen 0.5/0.7mm SXE3350005.45 SXE3350005.66 SXE3350005D.9","Smokey Green 0.7","Japan Stationery","Shopee",1,175.70,175.70,175.70,175.70,1,2025-09-21,2025-09-21,1
"4901480367521","KOKUYO Soofa Soft Ring Notebook 4 mm Grid Ruled A5 B6 80 sheets ス-SV738S4-DM sufa sooofa SU738S4","Light Blue,B6","Japan Stationery","Shopee",5,175.00,35.00,35.00,35.00,3,2025-08-21,2026-06-28,1
"4901681277711","Zebra DelGuard Rubber Grip Type - GR Anti-break Core Mechanical Pencil (0.5mm)","Black","Japan Stationery","Shopee",4,174.80,43.70,43.70,43.70,4,2025-07-04,2026-05-19,1
"4902778121801","Uni Kuru Toga Alpha Gel Automatic Lead Rotation Mechanical Pencil (0.5mm)","Lavender","Japan Stationery","Shopee",4,174.80,43.70,43.70,43.70,4,2025-07-10,2026-05-21,1
"4901480339368","Kokuyo Gloo Strong, Clean, Disappearing Adhesive Glue Stick Turbo G321N-1P G322N-1P G323N-1P G301N-1P","Blue M Pack of 3","Japan Stationery","Shopee",4,174.80,43.70,43.70,43.70,4,2025-07-28,2026-04-27,1
"4902505492471","Pilot Iroshizuku Fountain Pen Ink (Mini 3-Piece Set) 15 ml INK-15-3AS","3KO-Deep Blue","Japan Stationery","Shopee",2,174.00,87.00,87.00,87.00,2,2025-10-25,2026-03-02,1
"4901480343822","Kokuyo Enpitsu Thick Lead Mechanical Pencil Metal or Rubber Grip Sharp - Type M or MX Writing","Metal Grip 1.3mm","Japan Stationery","Shopee",3,173.10,57.70,57.70,57.70,3,2025-07-11,2025-08-11,1
"4901480343839","Kokuyo Enpitsu Thick Lead Mechanical Pencil Metal or Rubber Grip Sharp - Type M or MX Writing","Metal Grip 0.7mm","Japan Stationery","Shopee",3,173.10,57.70,57.70,57.70,3,2025-07-11,2025-09-22,1
"4901480343815","Kokuyo Enpitsu Thick Lead Mechanical Pencil Metal or Rubber Grip Sharp - Type M or MX Writing","Metal Grip 0.9mm","Japan Stationery","Shopee",3,173.10,57.70,57.70,57.70,3,2025-08-05,2025-10-05,1
"4901991654080","Tombow Mono Graph Elastomer Eraser Refill (Round)","White | Eraser Refill","Japan Stationery","Shopee",21,172.90,8.23,6.70,12.00,18,2025-07-09,2026-05-18,2
"4902778319826","Uni Mitsubishi Jetstream Prime 3&1 Ballpoint Pen 0.5/0.7mm SXE3350005.45 SXE3350005.66 SXE3350005D.9","Type:Beige 0.5","Japan Stationery","Lazada",1,172.50,172.50,172.50,172.50,1,2026-04-23,2026-04-23,1
"4902778322116","Uni Mitsubishi Uniball ZENTO Basic Standard Flow Gel Pens 0.38/0.5mm UBNZS38.15 UBNZS38 UBNZS05","Std Mist 0.5","Japan Stationery","Shopee",10,172.00,17.20,17.20,17.20,10,2025-09-04,2026-05-29,1
"4902506177995","Pentel Sharp Kerry Mechanical Pencil - 0.5 mm","Green","Japan Stationery","Shopee",2,171.40,85.70,85.70,85.70,2,2025-09-09,2026-02-06,1
"4902506178008","Pentel Sharp Kerry Mechanical Pencil - 0.5 mm","Grey","Japan Stationery","Shopee",2,171.40,85.70,85.70,85.70,2,2025-09-13,2026-02-05,1
"4902506311825","Pentel Sharp Kerry Mechanical Pencil - 0.5 mm","Blue","Japan Stationery","Shopee",2,171.40,85.70,85.70,85.70,2,2025-12-15,2026-04-04,1
"4901480331775","Kokuyo Soft ring Notebook 5mm Grid line A5|A5|B6|A6|A7 Size 70 Sheets ス-SV407B-D ス-SV437B-D SU407B","A5 Horizontal","Japan Stationery","Shopee",5,170.00,34.00,34.00,34.00,5,2025-09-18,2026-05-23,1
"4902778320204","Uni Mitsubishi Toirono Colored Pencils 12 & 24 Colors TR12C TR24C","24C","Japan Stationery","Shopee",1,169.80,169.80,169.80,169.80,1,2026-04-30,2026-04-30,1
"4902778352694","Uni-ball Kuru toga KS & Switch & refill Cosmetics 2026 Japan Limited Edition Kurutoga M3KS1P.BRG M3KS1P.GLP M5KS1P.BRG","0.5 KS Powder White","Japan Stationery","Shopee",6,169.20,28.20,28.20,28.20,5,2026-04-04,2026-06-14,1
"4902778352755","Uni-ball Kuru toga KS & Switch & refill Cosmetics 2026 Japan Limited Edition Kurutoga M3KS1P.BRG M3KS1P.GLP M5KS1P.BRG","0.5 KS Tint Purple","Japan Stationery","Shopee",6,169.20,28.20,28.20,28.20,6,2026-04-18,2026-06-23,1
"4902778040072","Mitsubishi Uni Jetstream F Series 3 Colors 0.5mm (Black, Red, Blue)","Sugar Pink","Japan Stationery","Shopee",5,168.50,33.70,33.70,33.70,4,2025-09-30,2026-04-23,1
"4901140904936","Iwatani Tatsujin Slim III Portable Gas Stove Outdoor Camping Dapur Gas Takoyaki Emergency CB-SS-50","Hot Sandwich Grill","Elite Camp","Shopee",1,168.00,168.00,168.00,168.00,1,2025-09-05,2025-09-05,1
"4901681577811","Zebra DelGuard Metal Grip Type-Lx Anti-break Core Mechanical Pencil (0.5mm)","Black","Japan Stationery","Shopee",6,167.40,27.90,27.90,27.90,6,2025-09-11,2025-09-29,1
"4955414924434","Staedtler All Black 925 Drafting Mechanical Pencil Metal Body(0.3, 0.5, 2.0)","0.3mm","Japan Stationery","Shopee",2,167.40,83.70,83.70,83.70,2,2025-11-13,2026-03-28,1
"4901681577866","Zebra DelGuard Metal Grip Type-Lx Anti-break Core Mechanical Pencil (0.5mm)","White","Japan Stationery","Shopee",6,167.40,27.90,27.90,27.90,5,2025-09-09,2025-10-02,1
"4902778322178","Uni Mitsubishi Uniball ZENTO Basic Standard Flow Gel Pens 0.38/0.5mm UBNZS38.15 UBNZS38 UBNZS05","Basic Red 0.5 | Basic Red ink 0.5","Japan Stationery","Shopee",11,167.20,15.20,15.20,15.20,11,2025-07-21,2026-05-18,1
"4902778211342","Uni Nano Diamond Color Erasable Lead - 0.5 mm - Orange Green Red Mint Blue Pink","Pink","Japan Stationery","Shopee",14,166.60,11.90,11.90,11.90,12,2025-07-29,2026-06-20,1
"4901480217734","KOKUYO Dotliner Glue Tape Standard, Long, Hold, Long50, Power (refill or tape set) TA-DM400-08N D400-08N","Red,Refill P (10mm*10m)","Japan Stationery","Shopee",7,165.90,23.70,23.70,23.70,4,2025-07-17,2026-04-08,1
"4014519790655","Uni Mitsubishi LAMY Safari JETSTREAM Inside Debut Ballpoint Pen 0.5/0.7mm L7B0 L7A9 L717 L712 L718 L714 L716 LM17EF LM17","Yellow","Japan Stationery","Shopee",1,165.70,165.70,165.70,165.70,1,2025-10-21,2025-10-21,1
"4902778318980","Uni Mitsubishi Jetstream × Karimoku Multi-functional 4&1 Ballpoint Pen Limited Edition MSXE5KF05.CGB MSXE5KF05.CGG","Indigo Blue Green","Japan Stationery","Shopee",1,165.70,165.70,165.70,165.70,1,2025-11-11,2025-11-11,1
"4955414925837","Staedtler REG Drafting Mechanical Pencil 925-85 925-85-03F 925-85-05F","0.3mm","Japan Stationery","Shopee",1,165.70,165.70,165.70,165.70,1,2026-01-09,2026-01-09,1
"4014519790624","Uni Mitsubishi LAMY Safari JETSTREAM Inside Debut Ballpoint Pen 0.5/0.7mm L7B0 L7A9 L717 L712 L718 L714 L716 LM17EF LM17","Dark Dusk","Japan Stationery","Shopee",1,165.70,165.70,165.70,165.70,1,2026-06-17,2026-06-17,1
"4902778320471","Uni Mitsubishi Uni-ball One F Japan Limited Edition Ballpoint Pen 0.38/0.5mm UMNSFCC38.CP UMNSFCC38.CBR UMNSFCC05.PG","Cobalt Blue 0.38","Japan Stationery","Shopee",8,165.60,20.70,20.70,20.70,4,2025-10-04,2026-02-15,1
"4902778320440","Uni Mitsubishi Uni-ball One F Japan Limited Edition Ballpoint Pen 0.38/0.5mm UMNSFCC38.CP UMNSFCC38.CBR UMNSFCC05.PG","Cocoa Brown 0.38","Japan Stationery","Shopee",8,165.60,20.70,20.70,20.70,6,2025-10-10,2026-02-23,1
"4901480330716","Kokuyo Shellbro Pen Case, Shell-shaped Structure Big Capacity Pencil Case F-VBF190-1","Purple x Emerald GRN","Japan Stationery","Shopee",2,165.00,82.50,82.50,82.50,2,2026-02-05,2026-03-16,1
"4901480367453","KOKUYO Soofa Soft Ring Notebook 4 mm Grid Ruled A5 B6 80 sheets ス-SV738S4-DM sufa sooofa SU738S4","Warm Gray,A5","Japan Stationery","Shopee",4,164.00,41.00,41.00,41.00,4,2025-07-07,2026-06-30,1
"4902505684050","Pilot Japan Limited Edition Frixion Zones x Lunettes Rondes CSLFBKZLUH-BBN CSLFBKZLUL-CGY CSLFBKZLUH-BR CSLFBKZLUL-CLB","Clear Salmon Pink","Japan Stationery","Shopee",4,162.80,40.70,40.70,40.70,4,2025-07-24,2026-06-25,1
"4902778292402","Refill for Mitsubishi Multi Function Jetstream Pen SXR-80-07 (0.7mm)","Green (0.7mm)","Japan Stationery","Shopee",33,161.70,4.90,4.90,4.90,22,2025-07-07,2026-06-23,1
"4902778700297","Uni Pure Malt Glossy Gel Pen - 0.5 mm - Dark / Light Brown Wood Grip Uni-ball","Light Wood","Japan Stationery","Shopee",7,161.00,23.00,23.00,23.00,7,2025-07-30,2025-12-06,1
"4901681570263","Zebra DelGuard ER Anti-break Core Mechanical Pencil (0.5mm) - Eraser Edition","White","Japan Stationery","Shopee",4,160.80,40.20,37.70,47.70,4,2026-01-25,2026-05-01,1
"4901681853113","Sarasa Clip 0.5 Limited Sanrio Characters 1st Edition JJ29-SR1-BK1 JJ29-SR1-R1 JJ29-SR1-C0BL JJ29-SR1-ROR JJ29-SR1-3CA R","Kuromi (Black ink)","Japan Stationery","Shopee",15,160.50,10.70,10.70,10.70,14,2025-09-28,2026-06-20,1
"4902778274026","Uni Mitsubishi Mechanical Pencil Refill Leads 0.3/0.4/0.5/0.7/0.9 mm UL-S-0.3-25 1P","HB (0.4)","Japan Stationery","Shopee",18,160.20,8.90,8.90,8.90,15,2025-08-04,2026-06-19,1
"4901480331836","Kokuyo Soft Ring Notebook - Natural - Semi B5|A5 7mm Rule 80 Sheets ス-SV608A-D ス-SV608A-DB ス-SU608A","B5 Black","Japan Stationery","Shopee",5,160.00,32.00,32.00,32.00,2,2025-11-10,2025-12-27,1
"4902668669000","Zebra DelGuard Jujutsu Kaisen LIMITED EDITION Mechanical Pencil 0.5 mm HH4001Gojo Geto Ieiri Nanami","Delguard/Gojo","Japan Stationery","Shopee",3,159.90,53.30,53.30,53.30,3,2025-07-11,2025-07-31,1
"4902778164143","0.5mm Refill for Mitsubishi Jetstream Prime Pen SXR-200-05 (0.5mm) (D1 refill size)","Color:Black","Japan Stationery","Lazada",12,159.28,13.27,9.95,14.73,5,2025-09-28,2026-04-28,1
"4902778301319","Refill for Mitsubishi Multi Function Jetstream Pen SXR-80-05 (0.5mm)","Black (Pack of 6pcs)","Japan Stationery","Shopee",8,159.20,19.90,19.90,19.90,7,2025-09-30,2026-06-24,1
"4901480339290","Kokuyo Gloo Strong, Clean, Disappearing Adhesive Glue Stick Turbo G321N-1P G322N-1P G323N-1P G301N-1P","Grey - Large 40g","Japan Stationery","Shopee",7,158.90,22.70,22.70,22.70,7,2025-07-28,2026-01-02,1
"4901480339320","Kokuyo Gloo Strong, Clean, Disappearing Adhesive Glue Stick Turbo G321N-1P G322N-1P G323N-1P G301N-1P","Blue - Large 40g","Japan Stationery","Shopee",7,158.90,22.70,22.70,22.70,7,2025-10-16,2026-04-25,1
"4902778131138","Mitsubishi Uni Jetstream 4 Color (0.5mm/0.7mm) & Mechanical Pencil (0.5mm) Limited Edition Multi","Pink","Japan Stationery","Shopee",4,158.80,39.70,39.70,39.70,3,2025-08-12,2025-10-31,1
"4902506371645","Pentel Orenz Metal Grip Drafting Mechanical Pencil 0.2mm 0.3mm","0.2mm Turquoise","Japan Stationery","Shopee",4,158.80,39.70,39.70,39.70,4,2025-09-04,2026-06-14,1
"4902778227503","Uni Kuru Toga Advance (0.3mm version) Mechanical Pencil","Lavender (0.3mm)","Japan Stationery","Shopee",6,158.20,26.37,24.70,26.70,6,2025-07-10,2026-06-25,1
"4901681531424","Rrefill for Zebra Blen 3C SNC-0.5 Multi-pen 0.5mm","Blue","Japan Stationery","Shopee",20,158.00,7.90,7.90,7.90,4,2026-01-29,2026-04-27,1
"4014519790655","Uni Mitsubishi LAMY Safari JETSTREAM Inside Debut Ballpoint Pen 0.5/0.7mm L7B0 L7A9 L717 L712 L718 L714 L716 LM17EF LM17","Type:Yellow","Japan Stationery","Lazada",1,157.88,157.88,157.88,157.88,1,2026-04-12,2026-04-12,1
"6977261691527","Olight Oclip Rechargable EDC Flashlight  White & Red Light","Pro (OD Green)","Elite Camp","Shopee",1,157.00,157.00,157.00,157.00,1,2025-10-09,2025-10-09,1
"6977261692753","Olight Oclip Rechargable EDC Flashlight  White & Red Light","Pro White","Elite Camp","Shopee",1,157.00,157.00,157.00,157.00,1,2026-02-26,2026-02-26,1
"4902505654725","Pilot Limited Edition Juice 10th Anniversary 2nd Edition 3-Color Set LJU30EFA2-3CKUD LJU30EFA2-3CKUN LJU30EFA1-3CCA","Saturday Afternoon","Japan Stationery","Shopee",10,157.00,15.70,15.70,15.70,10,2025-07-22,2025-09-15,1
"4902505654701","Pilot Limited Edition Juice 10th Anniversary 2nd Edition 3-Color Set LJU30EFA2-3CKUD LJU30EFA2-3CKUN LJU30EFA1-3CCA","Good Afternoon","Japan Stationery","Shopee",10,157.00,15.70,15.70,15.70,10,2025-07-29,2025-12-11,1
"4902505654695","Pilot Limited Edition Juice 10th Anniversary 2nd Edition 3-Color Set LJU30EFA2-3CKUD LJU30EFA2-3CKUN LJU30EFA1-3CCA","Good Morning","Japan Stationery","Shopee",10,157.00,15.70,15.70,15.70,10,2025-07-29,2025-12-18,1
"6977261692753","Olight Oclip Rechargable EDC Flashlight  White & Red Light","Color:Pro White","Japan Stationery","Lazada",1,157.00,157.00,157.00,157.00,1,2025-10-01,2025-10-01,1
"6972378124524","Olight i1R 2 Rechargeable Keychain Flashlight i1R2 Pro imorse Instant Camping Hiking Torchlight Small Portable Mini","Color:i1R 2 PRO - Black","Japan Stationery","Lazada",2,156.52,78.26,72.22,84.30,2,2025-10-01,2025-11-15,1
"4901480260471","KOKUYO Dotliner Glue Tape Knock, Stamp (refill or tape set) TA-DM480-07NB D480-07N DM480-07NP DM460-08","Knock Pink","Japan Stationery","Shopee",8,156.00,19.50,19.50,19.50,4,2025-07-14,2026-01-22,1
"4967576649018","Iris Ohyama Portable Stove Gas Cassette Camping Stove IGC-E1","Black","Elite Camp","Shopee",1,155.00,155.00,155.00,155.00,1,2025-07-03,2025-07-03,1
"4901480279749","Kokuyo Aerofit Superior Scissors Long Thick Blade","Glueless P240D","Japan Stationery","Shopee",2,155.00,77.50,77.50,77.50,2,2025-09-26,2026-01-27,1
"4901480323282","KOKUYO Stand Pen Tool Neo Critz Large Size Pencil Case F-VBF180-1 F-VBF181-1","Black x Dark Gray","Japan Stationery","Shopee",2,155.00,77.50,77.50,77.50,2,2026-02-07,2026-05-17,1
"4902778363959","Uni Mitsubishi Mechanical Pencil Lead Holder 2.0mm MH500","4B","Japan Stationery","Shopee",6,154.20,25.70,25.70,25.70,6,2025-07-07,2026-04-06,1
"4902505680779","Pilot Dr.GRIP CL PlayBorder x Neox GRAPHITE Collaboration Limited Edition Mechanical Pencil 0.3/0.5","Orange 0.5","Japan Stationery","Shopee",5,153.50,30.70,30.70,30.70,5,2025-07-04,2026-06-24,1
"4902505680786","Pilot Dr.GRIP CL PlayBorder x Neox GRAPHITE Collaboration Limited Edition Mechanical Pencil 0.3/0.5","Blue 0.5","Japan Stationery","Shopee",5,153.50,30.70,30.70,30.70,5,2025-07-07,2025-08-31,1
"4902505680762","Pilot Dr.GRIP CL PlayBorder x Neox GRAPHITE Collaboration Limited Edition Mechanical Pencil 0.3/0.5","Beige 0.5","Japan Stationery","Shopee",5,153.50,30.70,30.70,30.70,5,2025-07-16,2026-03-08,1
"4902506431295","Pentel Orenz 2025 Click Once Renewal Release 0.2 0.3 0.5mm Drafting Pencil XPP502-RA XPP1002G2-RD","0.2 Dark Green","Japan Stationery","Shopee",5,153.50,30.70,30.70,30.70,5,2025-10-04,2026-06-08,1
"4902778319444","Uni Mitsubishi Kurutoga KS Switch Limited Edition  Mechanical Pencil 0.5mm M5KS1P.BRY M51009GG1P.AG M5KSSR1P.BHG ULSF051","BH Green","Japan Stationery","Shopee",4,152.80,38.20,38.20,38.20,4,2025-07-12,2026-05-19,1
"4902778319451","Uni Mitsubishi Kurutoga KS Switch Limited Edition  Mechanical Pencil 0.5mm M5KS1P.BRY M51009GG1P.AG M5KSSR1P.BHG ULSF051","BML Pink","Japan Stationery","Shopee",4,152.80,38.20,38.20,38.20,4,2025-10-24,2026-05-21,1
"4902778322055","Uni Mitsubishi Uniball ZENTO Basic Standard Flow Gel Pens 0.38/0.5mm UBNZS38.15 UBNZS38 UBNZS05","Basic Red 0.38 | Basic Red ink 0.38","Japan Stationery","Shopee",10,152.00,15.20,15.20,15.20,10,2025-07-18,2026-06-30,1
"4902778183885","Uni Kuru Toga Basic - Automatic Lead Rotation Mechanical Pencil (0.5mm)","Navy","Japan Stationery","Shopee",7,151.90,21.70,21.70,21.70,7,2025-10-12,2026-05-29,1
"4902505680281","Pilot KAKUNO Drowsy Color Kumi Madoromi Color Series Fountain Pen Fine/Medium P-FKA-1-MDPF -MDPM -MDIF -MDIM -MDBNF","Drowsy Brown (Fine)","Japan Stationery","Shopee",2,151.40,75.70,75.70,75.70,2,2025-09-08,2025-12-21,1
"4902505680274","Pilot KAKUNO Drowsy Color Kumi Madoromi Color Series Fountain Pen Fine/Medium P-FKA-1-MDPF -MDPM -MDIF -MDIM -MDBNF","Drowsy Ivory (Medium","Japan Stationery","Shopee",2,151.40,75.70,75.70,75.70,2,2025-10-25,2025-12-29,1
"4902505680250","Pilot KAKUNO Drowsy Color Kumi Madoromi Color Series Fountain Pen Fine/Medium P-FKA-1-MDPF -MDPM -MDIF -MDIM -MDBNF","Drowsy Pink (Medium)","Japan Stationery","Shopee",2,151.40,75.70,75.70,75.70,1,2025-11-25,2025-11-25,1
"4902505680304","Pilot KAKUNO Drowsy Color Kumi Madoromi Color Series Fountain Pen Fine/Medium P-FKA-1-MDPF -MDPM -MDIF -MDIM -MDBNF","Drowsy Blue (Fine)","Japan Stationery","Shopee",2,151.40,75.70,75.70,75.70,2,2026-01-07,2026-01-14,1
"4902505680328","Pilot KAKUNO Drowsy Color Kumi Madoromi Color Series Fountain Pen Fine/Medium P-FKA-1-MDPF -MDPM -MDIF -MDIM -MDBNF","Drowsy Light Blue (F","Japan Stationery","Shopee",2,151.40,75.70,75.70,75.70,2,2026-01-08,2026-05-30,1
"4901681432301","Zebra Justfit Mojini Line Non Smear Highlighter - 3 Color or 5 Color Set","5pcs Pack","Japan Stationery","Shopee",6,150.20,25.03,22.70,29.70,6,2025-07-02,2025-11-23,1
"4901480026916","Kokuyo N-Storage Pencil Case F-VBF250-1","Smoke blue","Japan Stationery","Shopee",2,150.00,75.00,75.00,75.00,2,2026-01-01,2026-03-16,1
"4901480026923","Kokuyo N-Storage Pencil Case F-VBF250-1","Pink terracotta","Japan Stationery","Shopee",2,150.00,75.00,75.00,75.00,2,2026-03-16,2026-03-20,1
"4902778043592","Uni Shift Pipe Lock Retractable Mechanical Pencils 0.3/0.5/0.7/0.9 mm M31010.26 M41010.26 M51010.26 M51010.24 M71010.26","0.9mm, Silver","Japan Stationery","Shopee",3,149.10,49.70,49.70,49.70,3,2026-01-04,2026-05-28,1
"4902778120620","Mitsubishi Uni Jetstream 4 Color (0.5mm/0.7mm) & Mechanical Pencil (0.5mm) Limited Edition Multi","Navy Blue","Japan Stationery","Shopee",4,148.80,37.20,29.70,39.70,4,2025-07-07,2026-06-25,1
"4902778198223","Mitsubishi Uni Jetstream 2 Ink Color & Mechanical Pencil (0.5mm / 0.7mm)","0.5mm Pink","Japan Stationery","Shopee",5,148.50,29.70,29.70,29.70,4,2025-08-07,2025-12-30,1
"4901480346588","Kokuyo Pen Case Pen Stand Neo Critz Shelf F-VBF210B F-VBF210D F-VBF210S","Navy blue","Japan Stationery","Shopee",1,147.50,147.50,147.50,147.50,1,2025-10-13,2025-10-13,1
"4901480143002","Kokuyo Tube File Eco Twin R A4 Vertical Binding Thickness 50mm Blue Double-sided Pipe File フ-RT630B フ-RT630C フ-RT640B","Blue 100mm","Japan Stationery","Shopee",2,147.40,73.70,73.70,73.70,1,2026-05-14,2026-05-14,1
"4901480380636","KOKUYO Dotliner Glue Tape Standard, Long, Hold, Long50, Power (refill or tape set) TA-DM400-08N D400-08N","Blue,Long50 (10mm*50m)","Japan Stationery","Shopee",4,146.80,36.70,36.70,36.70,4,2025-07-17,2026-01-27,1
"4902505680540","Pilot Juice Neon Color Series B Kumi Limited Edition Gel Ink Ballpoint Pen 0.5mm LJU-15-6CN 3CNA -3CNB","6 Color","Japan Stationery","Shopee",4,146.80,36.70,36.70,36.70,4,2025-07-17,2025-10-05,1
"4901480331751","Kokuyo Soft ring Notebook 5mm Grid line A5|A5|B6|A6|A7 Size 70 Sheets ス-SV407B-D ス-SV437B-D SU407B","B5 Horizontal","Japan Stationery","Shopee",4,146.00,36.50,36.50,36.50,4,2025-09-24,2026-05-12,1
"4902778270837","Jetstream Edge 3 Tricolor Pen 0.28 mm Uniball Extra Fine Tip Pen Mitsubishi Uni Ballpoint (SXN-1003-28) Premium Japan","White","Japan Stationery","Shopee",1,145.70,145.70,145.70,145.70,1,2025-09-16,2025-09-16,1
"4902778270875","Jetstream Edge 3 Tricolor Pen 0.28 mm Uniball Extra Fine Tip Pen Mitsubishi Uni Ballpoint (SXN-1003-28) Premium Japan","Red","Japan Stationery","Shopee",1,145.70,145.70,145.70,145.70,1,2026-05-15,2026-05-15,1
"4901480331867","Kokuyo Soft Ring Notebook - Natural - Semi B5|A5 7mm Rule 80 Sheets ス-SV608A-D ス-SV608A-DB ス-SU608A","A5 Black","Japan Stationery","Shopee",5,145.00,29.00,29.00,29.00,4,2025-11-30,2026-05-02,1
"4901480323336","KOKUYO Stand Pen Tool Neo Critz Large Size Pencil Case F-VBF180-1 F-VBF181-1","Navy x Blue","Japan Stationery","Shopee",2,145.00,72.50,72.50,72.50,2,2026-01-26,2026-05-09,1
"4902778344118","Uni Mitsubishi LAMY Safari JETSTREAM Inside Debut Ballpoint Pen 0.5/0.7mm L7B0 L7A9 L717 L712 L718 L714 L716 LM17EF LM17","Type:0.7mm Black","Japan Stationery","Lazada",3,144.92,48.31,48.30,48.31,1,2026-04-12,2026-04-12,1
"4901681431878","Zebra DelGuard Original Anti-break Core Mechanical Pencil Basic (0.5mm)","Pink","Japan Stationery","Shopee",7,144.90,20.70,20.70,20.70,7,2025-07-04,2026-06-26,1
"4902505686498","Pilot S3 Mechanical Pencil Neox Graphite Mini Japan Limited Edition HPS-30R-TMNL3 HPS-30R-TBE3 HPS-30R-TBE4 HPS-30R-TAL4","Trans Aqua Blue 0.4","Japan Stationery","Shopee",7,144.90,20.70,20.70,20.70,7,2025-08-13,2026-06-20,1
"4902778282304","2025 New Uni Jetstream 3-color Ballpoint Pen Extra Black ink 3-in-1 SXE350705.24 SXE350705W.51 SXE350705.37 SXE350705.35","Black","Japan Stationery","Shopee",7,144.90,20.70,20.70,20.70,7,2025-10-17,2026-06-14,1
"4902778199473","Uni Kuru Toga Pipe Slide Automatic Lead Rotation Mechanical Pencil 0.5mm","Color:Pink | Color Family:Pink | Color family:Pink","Japan Stationery","Lazada",7,143.65,20.52,18.68,24.89,7,2025-08-17,2026-05-15,1
"4902506407030","Japan Pentel Ain Mechanical Pencil Lead 0.2/0.3/0.4/0.5/0.7/0.9/1.3 mm","0.9 2B","Japan Stationery","Shopee",12,142.80,11.90,11.90,11.90,10,2025-09-26,2026-06-14,1
"4971516026074","Ohto Bloom 3-in-1 2 Color 0.7 mm Ballpoint Multi Pen + 0.5 mm Pencil Premium Japan","Color:Ice White","Japan Stationery","Lazada",1,142.30,142.30,142.30,142.30,1,2026-05-21,2026-05-21,1
"4971516026081","Ohto Bloom 3-in-1 2 Color 0.7 mm Ballpoint Multi Pen + 0.5 mm Pencil Premium Japan","Color:Iron Grey","Japan Stationery","Lazada",1,142.29,142.29,142.29,142.29,1,2026-05-21,2026-05-21,1
"4901480142968","Kokuyo Tube File Eco Twin R A4 Vertical Binding Thickness 50mm Blue Double-sided Pipe File フ-RT630B フ-RT630C フ-RT640B","Silver 80mm","Japan Stationery","Shopee",2,141.40,70.70,70.70,70.70,1,2026-05-11,2026-05-11,1
"4902505654732","Pilot Limited Edition Juice 10th Anniversary 2nd Edition 3-Color Set LJU30EFA2-3CKUD LJU30EFA2-3CKUN LJU30EFA1-3CCA","Sunday Meeting","Japan Stationery","Shopee",9,141.30,15.70,15.70,15.70,9,2025-07-29,2025-08-29,1
"4902505641435","Pilot Iroshizuku Fountain Pen Ink Cartridges Refill (6 Cartridges) 0.8 ml IRF-6S-AS","TY-Moonlit Night","Japan Stationery","Shopee",3,141.00,47.00,47.00,47.00,3,2025-11-05,2026-02-25,1
"4902505641473","Pilot Iroshizuku Fountain Pen Ink Cartridges Refill (6 Cartridges) 0.8 ml IRF-6S-AS","YB-Wild Grape","Japan Stationery","Shopee",3,141.00,47.00,47.00,47.00,3,2025-12-21,2026-04-17,1
"4902505641480","Pilot Iroshizuku Fountain Pen Ink Cartridges Refill (6 Cartridges) 0.8 ml IRF-6S-AS","AS-Morning Glory","Japan Stationery","Shopee",3,141.00,47.00,47.00,47.00,3,2025-12-28,2026-05-20,1
"4902778352724","Uni-ball Kuru toga KS & Switch & refill Cosmetics 2026 Japan Limited Edition Kurutoga M3KS1P.BRG M3KS1P.GLP M5KS1P.BRG","0.5 KS Rouge Red","Japan Stationery","Shopee",5,141.00,28.20,28.20,28.20,5,2026-04-18,2026-06-26,1
"4902506380432","Pentel Orenz Nero Mechanical Drafting Pencil (0.2mm, 0.3mm, 0.5mm) Spring loaded Metal Auto Feed","Size:0.5mm","Japan Stationery","Lazada",1,141.00,141.00,141.00,141.00,1,2025-07-23,2025-07-23,1
"4903419842055","Original Lihit Lab Pen / Pencil Case - Book Type","Color:Green | Color family:Green","Japan Stationery","Lazada",3,140.85,46.95,43.59,51.61,3,2025-07-12,2026-04-25,1
"4902778351086","Uni Jetstream Prime 2025 Japan Limited Edition SXE3LPR05.IDL SXE3LPR05.MTL SXE3350005.BG SXE3350007.BK","Indigo LT","Japan Stationery","Shopee",1,140.70,140.70,140.70,140.70,1,2026-01-26,2026-01-26,1
"4902778351079","Uni Jetstream Prime 2025 Japan Limited Edition SXE3LPR05.IDL SXE3LPR05.MTL SXE3350005.BG SXE3350007.BK","Milk tea LT","Japan Stationery","Shopee",1,140.70,140.70,140.70,140.70,1,2026-03-29,2026-03-29,1
"4901681849963","Zebra Sarasa Series Limited Monochrome Series Clip 3C Grand Japan Limited","Limited Set Black","Japan Stationery","Shopee",1,140.70,140.70,140.70,140.70,1,2026-06-26,2026-06-26,1
"4901681384518","Zebra ClickArt Pen Fine Liner Marker Water Based Set 12pcs 36pcs 48 pcs limited edition Click Art","Variation1:Complete Set -36pcs","Japan Stationery","Lazada",1,140.53,140.53,140.53,140.53,1,2025-09-12,2025-09-12,1
"4903419842048","Original Lihit Lab Pen / Pencil Case - Book Type A-7551 A7551","Orange","Japan Stationery","Shopee",3,140.10,46.70,46.70,46.70,3,2025-08-12,2026-05-16,1
"4903419844219","Original Lihit Lab Pen / Pencil Case - Book Type A-7551 A7551","Maroon Camouflage","Japan Stationery","Shopee",3,140.10,46.70,46.70,46.70,3,2026-04-27,2026-06-09,1
"4901480334684","Kokuyo Soft ring Notebook 5mm Grid line A5|A5|B6|A6|A7 Size 70 Sheets ス-SV407B-D ス-SV437B-D SU407B","B6 Graph","Japan Stationery","Shopee",5,140.00,28.00,28.00,28.00,2,2025-08-21,2026-04-01,1
"4955414927756","Staedtler Avant Garde Premium 4 in 1 Function - 3 Color Ball Point Pen (0.7mm) + Mechanical Pencil (0.5mm) + Pencil Case","TG-Titanium Grey","Japan Stationery","Shopee",1,139.70,139.70,139.70,139.70,1,2025-08-15,2025-08-15,1
"4955414927152","Staedtler Avant Garde Premium 4 in 1 Function - 3 Color Ball Point Pen (0.7mm) + Mechanical Pencil (0.5mm) + Pencil Case","SWH-Snow White","Japan Stationery","Shopee",1,139.70,139.70,139.70,139.70,1,2025-11-28,2025-11-28,1
"4971516026067","Ohto Bloom 3-in-1 2 Color 0.7 mm Ballpoint Multi Pen + 0.5 mm Pencil Premium Japan","Denim Blue","Japan Stationery","Shopee",1,139.70,139.70,139.70,139.70,1,2026-05-15,2026-05-15,1
"4902778198490","Uni Jetstream Prime 2 Color Ballpoint Multi Pen (0.7mm) & Mechanical Pencil","Silver","Japan Stationery","Shopee",1,139.70,139.70,139.70,139.70,1,2026-06-10,2026-06-10,1
"4902506431042","Zebra Floatune Japan Limited Edition Airy Design Pen Special color Smooth ink and tip BZN204AD1-A BZN205AD1-A XZRN4-A","Summer Orange 0.5mm","Japan Stationery","Shopee",7,139.65,19.95,19.95,19.95,7,2025-09-09,2026-04-18,1
"4901681853120","Sarasa Clip 0.5 Limited Sanrio Characters 1st Edition JJ29-SR1-BK1 JJ29-SR1-R1 JJ29-SR1-C0BL JJ29-SR1-ROR JJ29-SR1-3CA R","Pochacco (Black ink)","Japan Stationery","Shopee",13,139.10,10.70,10.70,10.70,10,2025-09-30,2026-06-08,1
"4902778309568","Kuru Toga Switch Alpha Gel Automatic Lead Rotation Mechanical Pencil (0.5mm) Uni Kurutoga","Color:0.5mm Cotton Pink","Japan Stationery","Lazada",3,138.78,46.26,37.24,52.58,3,2025-07-25,2025-12-30,1
"4902778309612","New Kuru Toga KS Uni Japan Mechanical Pencil Lead Self-rotating M3/5-KS Upgraded Version 0.3mm/0.5mm","0.5 Cream Yellow","Japan Stationery","Shopee",5,138.50,27.70,27.70,27.70,5,2025-07-10,2026-05-07,1
"6977261692975","Olight i1R 2 Rechargeable Keychain Flashlight i1R2 Pro imorse Instant Camping Hiking Torchlight Small Portable Mini","Capsule Orange","Elite Camp","Shopee",2,138.40,69.20,68.70,69.70,2,2026-02-24,2026-04-09,1
"4901480287485","Kokuyo Harinacs Staplerless Stapler Gun-Type Paper Press 10 Sheets SLN-MSH110D SLN-MSH110G SLN-MSH110LB SLN-MSH110W","White","Japan Stationery","Shopee",3,137.70,45.90,45.90,45.90,2,2025-07-21,2025-08-29,1
"4955414925295","Staedtler 925-25 Drafting Mechanical Pencil Metal Body (0.3mm, 0.5mm, 0.7mm, 0.9mm,1.3mm, 2.0mm)","0.9mm","Japan Stationery","Shopee",2,137.40,68.70,68.70,68.70,2,2025-10-14,2026-04-14,1
"4955414925615","Staedtler 925-25 Drafting Mechanical Pencil Metal Body (0.3mm, 0.5mm, 0.7mm, 0.9mm,1.3mm, 2.0mm)","1.3mm","Japan Stationery","Shopee",2,137.40,68.70,68.70,68.70,2,2026-06-06,2026-06-24,1
"4902778292372","Refill for Mitsubishi Multi Function Jetstream Pen SXR-80-05 (0.5mm)","Red (0.5mm)","Japan Stationery","Shopee",28,137.20,4.90,4.90,4.90,20,2025-07-06,2026-06-17,1
"4902505673853","Limited Edition Anna Sui x Acro Collaboration Oil-based Ballpoint Pen SIlver Line Gold Line (0.5mm)","Silver Black Flower","Japan Stationery","Shopee",3,137.00,45.67,39.00,49.00,2,2025-07-13,2025-08-11,1
"4902506347206","Pentel Smash Drafting Mechanical Pencil - 0.5 mm","Metal Red","Japan Stationery","Shopee",2,135.80,67.90,67.90,67.90,2,2025-12-09,2025-12-20,1
"4903419839918","Original Lihit Lab Pen / Pencil Case - Book Type XL (Double) A-7555 A7555","Green Camouflage","Japan Stationery","Shopee",2,135.80,67.90,67.90,67.90,2,2025-12-28,2026-01-22,1
"4903419844271","Original Lihit Lab Pen / Pencil Case - Book Type XL (Double) A-7555 A7555","Maroon Camouflage","Japan Stationery","Shopee",2,135.80,67.90,67.90,67.90,2,2026-01-25,2026-02-26,1
"4902778164099","Uni Jetstream Prime 3 Color Ballpoint Multi Pen - 0.5 mm","Pink","Japan Stationery","Shopee",1,135.70,135.70,135.70,135.70,1,2026-03-25,2026-03-25,1
"4901681127856","Zebra Sharbo Nu0.5 / 0.7  Japan Limited Edition Smart Casual Colors SBS35-SC-BK SBS35-SC-W SB35-SC-BK SB35-SC-W","0.7mm, Orange","Japan Stationery","Shopee",1,135.70,135.70,135.70,135.70,1,2026-04-18,2026-04-18,1
"4901480368962","Kokuyo Perpanep Notebook Tsuru Sara Zara 3mm|4mm|5mm|6mm 60 Sheets PER-MT106S3M PER-MT106WT4M PER-MS106WT4M","Sara Sara,4mm Dot","Japan Stationery","Shopee",3,135.00,45.00,45.00,45.00,3,2025-07-17,2025-12-30,1
"4901681424955","Original Mildliner Brush (Zebra) Double-Sided Highlighter Brush - Brush / Extra Fine","WFT8-5C-NC-N","Japan Stationery","Shopee",4,134.80,33.70,33.70,33.70,4,2025-07-27,2025-11-24,1
"4901991060539","Tombow Mono Graph Multi -2 Color Pen + Mechanical Pencil + Twist Eraser","Gold","Japan Stationery","Shopee",4,134.80,33.70,33.70,33.70,4,2026-02-20,2026-06-07,1
"4548626243570","Uni Kuru Toga Crayon Shin-chan Kurutoga Mechanical Pencil Mitsubishi0.5mm TK3-4769031","Pajama","Japan Stationery","Shopee",3,134.10,44.70,44.70,44.70,3,2026-03-19,2026-06-24,1
"4902778274118","Uni Mitsubishi Mechanical Pencil Refill Leads 0.3/0.4/0.5/0.7/0.9 mm UL-S-0.3-25 1P","4H (0.5)","Japan Stationery","Shopee",15,133.50,8.90,8.90,8.90,13,2025-07-27,2026-05-18,1
"4955414927152","Staedtler Avant Garde Premium 4 in 1 Function - 3 Color Ball Point Pen (0.7mm) + Mechanical Pencil (0.5mm) + Pencil Case","Color family:SWH-Snow White","Japan Stationery","Lazada",1,133.50,133.50,133.50,133.50,1,2025-08-02,2025-08-02,1
"4902778603420","Uni Mitsubishi Hi-Uni GRCT Mechanical Pencil Refill Leads 0.3/0.5 mm HU033002H HU03300H HU03300HB HU03300B","B (0.5)","Japan Stationery","Shopee",7,132.30,18.90,18.90,18.90,6,2025-07-16,2026-01-30,1
"4901480373584","KOKUYO Dotliner Glue Tape Standard, Long, Hold, Long50, Power (refill or tape set) TA-DM400-08N D400-08N","Red,Refill Standard","Japan Stationery","Shopee",7,132.30,18.90,18.90,18.90,4,2025-10-04,2026-04-07,1
"4902505677663","Pilot The Dr.Grip Black Accent Mechanical Pencil 0.3/0.5mm HTDGB-15-MB  -MW -DL -DO -DPU HTDGB-13-MB -MW","Matte White 0.5","Japan Stationery","Shopee",2,131.40,65.70,65.70,65.70,2,2025-07-30,2026-06-25,1
"4902778320754","Uni Mitsubishi Jetstream Lite Limited Edition Ballpoint Pen 0.5mm SXNLS05.SB SXNLS05.WP SXNLS05.28 SXNLS05.39 MSXESL05.C","Midnight Navy","Japan Stationery","Shopee",2,131.40,65.70,65.70,65.70,2,2025-07-30,2025-12-25,1
"6977261692272","Olight imini 2 Rechargeable Mini Flashlight Instant Activation Camping Hiking Torchlight Small Portable","Color:Dream Blue","Japan Stationery","Lazada",2,131.15,65.58,62.21,68.94,2,2026-05-09,2026-06-07,1
"4901681277728","Zebra DelGuard Rubber Grip Type - GR Anti-break Core Mechanical Pencil (0.5mm)","Blue","Japan Stationery","Shopee",3,131.10,43.70,43.70,43.70,3,2025-07-20,2026-02-11,1
"4901681277735","Zebra DelGuard Rubber Grip Type - GR Anti-break Core Mechanical Pencil (0.5mm)","Red","Japan Stationery","Shopee",3,131.10,43.70,43.70,43.70,3,2025-07-20,2026-04-07,1
"4902778292457","Refill for Mitsubishi Multi Function Jetstream Pen SXR-80-10 (1.0mm)","Black (1.0mm)","Japan Stationery","Shopee",19,131.10,6.90,6.90,6.90,11,2025-09-28,2026-06-08,1
"4901480339351","Kokuyo Gloo Strong, Clean, Disappearing Adhesive Glue Stick Turbo G321N-1P G322N-1P G323N-1P G301N-1P","Grey M Pack of 3","Japan Stationery","Shopee",3,131.10,43.70,43.70,43.70,3,2025-11-08,2026-05-22,1
"4902778121825","Uni Kuru Toga Alpha Gel Automatic Lead Rotation Mechanical Pencil (0.5mm)","Pink","Japan Stationery","Shopee",3,131.10,43.70,43.70,43.70,2,2025-11-15,2025-12-23,1
"4902778121788","Uni Kuru Toga Alpha Gel Automatic Lead Rotation Mechanical Pencil (0.5mm)","Black","Japan Stationery","Shopee",3,131.10,43.70,43.70,43.70,2,2025-11-15,2026-04-21,1
"4902778211380","Uni Nano Diamond Color Erasable Lead - 0.5 mm - Orange Green Red Mint Blue Pink","Lavender","Japan Stationery","Shopee",11,130.90,11.90,11.90,11.90,11,2025-08-06,2025-12-24,1
"4902778211335","Uni Nano Diamond Color Erasable Lead - 0.5 mm - Orange Green Red Mint Blue Pink","Green","Japan Stationery","Shopee",11,130.90,11.90,11.90,11.90,11,2025-08-11,2026-06-08,1
"4901681231546","Zebra Sarasa Grand Gel Ink Pen Vintage Color Series 0.3mm/0.5mm","Green Black,0.5mm","Japan Stationery","Shopee",2,130.00,65.00,65.00,65.00,2,2025-07-02,2026-01-26,1
"4901681231515","Zebra Sarasa Grand Gel Ink Pen Vintage Color Series 0.3mm/0.5mm","Matte Black,0.5mm","Japan Stationery","Shopee",2,130.00,65.00,65.00,65.00,1,2025-07-02,2025-07-02,1
"4901681231560","Zebra Sarasa Grand Gel Ink Pen Vintage Color Series 0.3mm/0.5mm","Brown Gray,0.5mm","Japan Stationery","Shopee",2,130.00,65.00,65.00,65.00,2,2025-08-05,2026-04-25,1
"4901681773152","Zebra Sarasa Grand Gel Ink Pen Vintage Color Series 0.3mm/0.5mm","Green Black,0.3mm","Japan Stationery","Shopee",2,130.00,65.00,65.00,65.00,2,2025-08-08,2026-04-25,1
"4901681773138","Zebra Sarasa Grand Gel Ink Pen Vintage Color Series 0.3mm/0.5mm","Matte Black,0.3mm","Japan Stationery","Shopee",2,130.00,65.00,65.00,65.00,2,2025-10-21,2026-04-24,1
"4901681773169","Zebra Sarasa Grand Gel Ink Pen Vintage Color Series 0.3mm/0.5mm","Camel Yellow,0.3mm","Japan Stationery","Shopee",2,130.00,65.00,65.00,65.00,2,2025-11-11,2026-04-25,1
"4901681773176","Zebra Sarasa Grand Gel Ink Pen Vintage Color Series 0.3mm/0.5mm","Brown Gray,0.3mm","Japan Stationery","Shopee",2,130.00,65.00,65.00,65.00,2,2025-11-11,2025-11-30,1
"4901681234844","Zebra Sarasa Grand Gel Ink Pen Vintage Color Series 0.3mm/0.5mm","Sepia Black,0.5mm","Japan Stationery","Shopee",2,130.00,65.00,65.00,65.00,2,2025-11-19,2026-01-29,1
"4901681231522","Zebra Sarasa Grand Gel Ink Pen Vintage Color Series 0.3mm/0.5mm","Dark Blue,0.5mm","Japan Stationery","Shopee",2,130.00,65.00,65.00,65.00,2,2025-11-19,2026-06-28,1
"4902778320822","Uni Mitsubishi Jetstream Prime Light Touch Ink 3-Color Ballpoint Pen 0.5mm SXE3LPR05.46 SXE3LPR05.39 SXE3LPR05.51 SXE3LP","Type:Brick Orange","Japan Stationery","Lazada",1,129.73,129.73,129.73,129.73,1,2026-01-31,2026-01-31,1
"4953571748139","SOTO Lighter Ultra Small Strong Windproof Refillable Lightweight Compact ST-480 ST-485 ST-486","ST-480 Extendable","Elite Camp","Shopee",1,129.00,129.00,129.00,129.00,1,2025-10-18,2025-10-18,1
"6975498005049","Olight Oclip Rechargable EDC Flashlight  White & Red Light","Green","Elite Camp","Shopee",1,129.00,129.00,129.00,129.00,1,2026-06-21,2026-06-21,1
"4901991065367","Tombow Monograph Mechanical Pencil 10th Anniversary Japan Limited Edition","Gray","Japan Stationery","Shopee",11,128.70,11.70,11.70,11.70,11,2025-08-16,2026-05-24,1
"4902778320730","Uni Mitsubishi Jetstream Lite Limited Edition Ballpoint Pen 0.5mm SXNLS05.SB SXNLS05.WP SXNLS05.28 SXNLS05.39 MSXESL05.C","Type:Bitter Orange","Japan Stationery","Lazada",2,128.67,64.34,62.97,65.70,2,2025-09-18,2026-02-14,1
"4902778363966","Uni Mitsubishi Mechanical Pencil Lead Holder 2.0mm MH500","No Mark (Default)","Japan Stationery","Shopee",5,128.50,25.70,25.70,25.70,4,2026-02-19,2026-06-01,1
"4901681151233","Zebra Snoopy Wakuwaku Delguard Mildliner Macky Sarasa Japan Limited Edition P-MA85-SN-WS-PU WKT7-SN-WS-MBP YYTS7-SN-WS-B","Sarasa B Simple","Japan Stationery","Shopee",12,128.40,10.70,10.70,10.70,11,2026-03-27,2026-05-30,1
"4903419842109","Original Lihit Lab Pen / Pencil Case – 2 Way Pen Case A-7552 A7552 A-7557 A7557","Orange Standard","Japan Stationery","Shopee",3,128.10,42.70,42.70,42.70,3,2025-11-07,2026-02-27,1
"4901480349466","Kokuyo Campus Study Planner Notebook Daily Weekly Ruled B5|A5 ノ-Y80MD-G ノ-Y80MW-B","B5 Blue Weekly Ruled","Japan Stationery","Shopee",8,128.00,16.00,16.00,16.00,7,2025-07-14,2026-04-18,1
"4901480033990","Kokuyo Mark+ Two Tone Color Marker PM-MT100-5S","Dual Tip","Japan Stationery","Shopee",3,127.50,42.50,42.50,42.50,3,2026-02-02,2026-05-04,1
"4901480381015","Kokuyo Mark+ Two Tone Color Marker PM-MT100-5S","Dual Tone MT100-5S2","Japan Stationery","Shopee",3,127.50,42.50,42.50,42.50,3,2026-02-12,2026-05-19,1
"4902778320716","Uni Mitsubishi Jetstream Lite Limited Edition Ballpoint Pen 0.5mm SXNLS05.SB SXNLS05.WP SXNLS05.28 SXNLS05.39 MSXESL05.C","Warm Pink","Japan Stationery","Shopee",10,127.00,12.70,12.70,12.70,5,2025-07-16,2026-06-19,1
"4902778309117","Mitsubishi Pencil Jetstream Karimoku 4&1 Multi-Function Pen Steel 0.5 MSXE5-KF-05 Jet Stream","Sunset Orange","Japan Stationery","Shopee",1,127.00,127.00,127.00,127.00,1,2025-12-27,2025-12-27,1
"3026981142611","rOtring 600 Special Color Edition Full Metal Drafting Pencil (0.5 mm), Ballpoint Pen, Blue / Red / Green rotring","Red Ballpoint Pen 2","Japan Stationery","Shopee",1,127.00,127.00,127.00,127.00,1,2026-03-24,2026-03-24,1
"4902778309117","Mitsubishi Pencil Jet Stream Karimoku 4&1 Multi-Function Pen Steel 0.5 MSXE5-KF-05","Color:Sunset Orange","Japan Stationery","Lazada",1,127.00,127.00,127.00,127.00,1,2026-01-01,2026-01-01,1
"4902778121818","Uni Kuru Toga Uni Kurutoga Alpha Gel Automatic Lead Rotation Mechanical Pencil (0.5mm)","Color:Green | Color family:Green","Japan Stationery","Lazada",3,126.80,42.27,37.09,46.01,3,2025-08-10,2026-05-14,1
"4901480343785","Kokuyo Enpitsu Thick Lead Mechanical Pencil Metal or Rubber Grip Sharp - Type M or MX Writing","Rubber Grip 0.9mm","Japan Stationery","Shopee",4,126.80,31.70,31.70,31.70,4,2025-08-01,2026-03-02,1
"4902505681288","Pilot Lightive Fountain Pen 2024 Limited Edition Color P-FLT24-1-CLYF P-FLT24-1-CLYM P-FLT24-1-SCAF P-FLT24-1-SCAM","Clay (Medium)","Japan Stationery","Shopee",1,125.70,125.70,125.70,125.70,1,2025-07-05,2025-07-05,1
"4902505681325","Pilot Lightive Fountain Pen 2024 Limited Edition Color P-FLT24-1-CLYF P-FLT24-1-CLYM P-FLT24-1-SCAF","Turquoise (Medium)","Japan Stationery","Shopee",1,125.70,125.70,125.70,125.70,1,2026-02-19,2026-02-19,1
"4902778320815","Uni Mitsubishi Jetstream Prime Light Touch Ink 3-Color Ballpoint Pen 0.5mm SXE3LPR05.46 SXE3LPR05.39 SXE3LPR05.51 SXE3LP","Cozy Blue","Japan Stationery","Shopee",1,125.70,125.70,125.70,125.70,1,2026-05-22,2026-05-22,1
"6975498006312","Olight Diffuse 700 Lumens EDC Pocket Flashlight Compact Waterproof Gift Camping Pocket Torch Light","Red","Elite Camp","Shopee",1,125.00,125.00,125.00,125.00,1,2025-09-09,2025-09-09,1
"6975498002741","Olight Diffuse 700 Lumens EDC Pocket Flashlight Compact Waterproof Gift Camping Pocket Torch Light","Black","Elite Camp","Shopee",1,125.00,125.00,125.00,125.00,1,2026-01-25,2026-01-25,1
"4562263605751","Refill for rOtring Pen for 600 800 Rapid Pro series Jumbo Giant, Black, S0 195-390 G2","Pack of 5","Japan Stationery","Shopee",1,125.00,125.00,125.00,125.00,1,2025-07-05,2025-07-05,1
"4006856007381","Refill for rOtring Pen for 600 800 Rapid Pro series Jumbo Giant, Black, S0 195-390 G2","Pack:Pack of 5 Blue","Japan Stationery","Lazada",1,125.00,125.00,125.00,125.00,1,2026-01-25,2026-01-25,1
"4902505374746","Pilot Iroshizuku Fountain Pen Ink 50 ml INK-50-AS","Type:KJ-Peacock","Japan Stationery","Lazada",2,124.70,62.35,61.38,63.32,2,2025-07-14,2025-09-18,1
"4902778273999","Uni Mitsubishi Mechanical Pencil Refill Leads 0.3/0.4/0.5/0.7/0.9 mm UL-S-0.3-25 1P","H (0.3)","Japan Stationery","Shopee",14,124.60,8.90,8.90,8.90,14,2025-07-10,2026-06-25,1
"4902778322284","Uni Mitsubishi Uniball ZENTO Basic Standard Flow Gel Pens 0.38/0.5mm UBNZS38.15 UBNZS38 UBNZS05","Type:Flow Hematite 0.5","Japan Stationery","Lazada",2,124.59,62.30,59.70,64.89,2,2025-08-30,2026-02-08,1
"4902505433313","Pilot Iroshizuku Fountain Pen Ink 50 ml INK-50-AS Pilot Iroshizuku 50ml bottle","KM-Cosmos","Japan Stationery","Shopee",2,124.00,62.00,62.00,62.00,2,2025-07-05,2025-07-19,1
"4902505636042","Pilot Iroshizuku Fountain Pen Ink 50 ml INK-50-AS Pilot Iroshizuku 50ml bottle","SU-Jade","Japan Stationery","Shopee",2,124.00,62.00,62.00,62.00,2,2025-07-14,2025-09-15,1
"4902505453618","Pilot Iroshizuku Fountain Pen Ink 50 ml INK-50-AS Pilot Iroshizuku 50ml bottle","SNK-Deep Sea","Japan Stationery","Shopee",2,124.00,62.00,62.00,62.00,2,2025-07-19,2025-07-30,1
"4902505684845","Pilot Juice up Sanrio Characters Japan Limited Edition Ballpoint Pen 0.5mm LJPS5S25-MAB LJPS5S25-PCB LJPS5S25-CNB LJPS5S","Tuxedo Sam","Japan Stationery","Shopee",7,123.90,17.70,17.70,17.70,5,2026-02-23,2026-06-17,1
"4901480254029","KOKUYO Dotliner Glue Tape Standard, Long, Hold, Long50, Power (refill or tape set) TA-DM400-08N D400-08N","Blue,Hold (8.4mm*16meter)","Japan Stationery","Shopee",4,123.60,30.90,30.90,30.90,4,2025-07-30,2026-05-03,1
"4901681382316","Zebra ClickArt Pen Fine Liner Marker Water Based Set 12pcs 36pcs 48 pcs limited edition Click Art","Color:Orange Pack","Japan Stationery","Lazada",2,123.10,61.55,59.05,64.05,2,2025-10-30,2026-04-23,1
"4902778267745","Jetstream 4+1 Metal Edition - Mitsubishi Uni 4 Color (0.5mm) & Mechanical Pencil (0.5mm)","Color:Gun Metallic","Japan Stationery","Lazada",1,123.09,123.09,123.09,123.09,1,2026-05-07,2026-05-07,1
"4902778309124","Mitsubishi Pencil Jet Stream Karimoku 4&1 Multi-Function Pen Steel 0.5 MSXE5-KF-05","Color:Steel Blue","Japan Stationery","Lazada",1,123.00,123.00,123.00,123.00,1,2025-12-04,2025-12-04,1
"4901140905155-DU","Iwatani Windproof Portable Camping Stove Butane Gas Tafumaru  Tough Maru CB-ODX-1BC-ODX-JR","Color:Yakiniku Plate (L)","Elite Camp","Lazada",1,122.98,122.98,122.98,122.98,1,2026-03-12,2026-03-12,1
"4901681677061","Zebra Lightwrite α Outdoor Japan Limited Edition  Ballpoint Pen 0.7mm P-BA96-0C/K P-BA96-0C/CO P-BA96-0C/NV P-BA96-0C/S","Silver","Japan Stationery","Shopee",4,122.80,30.70,30.70,30.70,4,2025-08-06,2026-05-14,1
"4902505684029","Pilot Japan Limited Edition Frixion Zones x Lunettes Rondes CSLFBKZLUH-BBN CSLFBKZLUL-CGY CSLFBKZLUH-BR CSLFBKZLUL-CLB","Clear Gray","Japan Stationery","Shopee",3,122.10,40.70,40.70,40.70,3,2025-07-24,2026-06-06,1
"4901478202476","Sanrio Air Pita Pen Case Hello Kitty Japan Limited Edition Cinnamon Roll Kuromi Pachacco SA006A SA006B SA006C SA006D","Hello Kitty","Japan Stationery","Shopee",1,120.70,120.70,120.70,120.70,1,2026-03-28,2026-03-28,1
"4902778267738","Jetstream 4+1 Metal Edition - Mitsubishi Uni 4 Color (0.5mm) & Mechanical Pencil (0.5mm)","Color family:Dark Green","Japan Stationery","Lazada",1,120.50,120.50,120.50,120.50,1,2025-10-17,2025-10-17,1
"4902778322147","Uni Mitsubishi Uniball ZENTO Basic Standard Flow Gel Pens 0.38/0.5mm UBNZS38.15 UBNZS38 UBNZS05","Std Cloud 0.38","Japan Stationery","Shopee",7,120.40,17.20,17.20,17.20,7,2025-09-28,2026-06-19,1
"4901480349534","Kokuyo Campus Study Planner Notebook Daily Weekly Ruled B5|A5 ノ-Y80MD-G ノ-Y80MW-B","A5 Gray Daily Ruled","Japan Stationery","Shopee",8,120.00,15.00,15.00,15.00,7,2025-08-01,2026-06-25,1
"4902506430915","Zebra Floatune Japan Limited Edition Airy Design Pen Special color Smooth ink and tip BZN204AD1-A BZN205AD1-A XZRN4-A","Savon Purple 0.4mm","Japan Stationery","Shopee",6,119.70,19.95,19.95,19.95,6,2025-08-09,2026-06-01,1
"4903419843984","Hinemo Lihit Lab Stand Pen Pouch Reversible","Large Yellow","Japan Stationery","Shopee",1,119.70,119.70,119.70,119.70,1,2025-10-30,2025-10-30,1
"4902506431066","Zebra Floatune Japan Limited Edition Airy Design Pen Special color Smooth ink and tip BZN204AD1-A BZN205AD1-A XZRN4-A","Mist Violet 0.5mm","Japan Stationery","Shopee",6,119.70,19.95,19.95,19.95,5,2025-12-12,2026-03-16,1
"4902778301357","Refill for Mitsubishi Multi Function Jetstream Pen SXR-80-38 (0.38mm) Extra Fine","Black 0.38 (packof6)","Japan Stationery","Shopee",6,119.40,19.90,19.90,19.90,6,2025-08-05,2026-04-18,1
"4902778313893","Uni Jetstream Lite Freshers Set 2025 Lite 4 & 1 Multi pen 4 color + Mechanical Pencil MSXE5L5.05.1 SXRL8005.24","Grass Green","Japan Stationery","Shopee",2,119.40,59.70,59.70,59.70,2,2026-01-10,2026-02-03,1
"4902506371638","Pentel Orenz Metal Grip Drafting Mechanical Pencil 0.2mm 0.3mm","0.2mm Dark Blue","Japan Stationery","Shopee",3,119.10,39.70,39.70,39.70,3,2026-03-10,2026-06-24,1
"4902778348772","2025 New Retreat Color Uni-ball Zento Standard Flow UMNSFT38D.1 UMNSFT38D.32 UMNSFT05D.6 UMNSFT05D.13","Std-Lip Blue | Std-Lip Blue 0.38","Japan Stationery","Shopee",9,118.80,13.20,13.20,13.20,9,2025-09-25,2026-06-20,1
"4901480380643","KOKUYO Dotliner Glue Tape Standard, Long, Hold, Long50, Power (refill or tape set) TA-DM400-08N D400-08N","Blue,Refill L50(10mm*50m)","Japan Stationery","Shopee",4,118.80,29.70,29.70,29.70,3,2025-07-04,2025-07-19,1
"4901681662111","Zebra DelGuard Light Grayish Japan Limited Edition  Mechanical Pencil 0.5mm P-MA85-LG-MBL P-MA85-LG-MG P-MA85-LG-MBE","Matte Blue","Japan Stationery","Shopee",4,118.80,29.70,29.70,29.70,4,2025-10-12,2026-04-08,1
"4902778198254","Mitsubishi Uni Jetstream 2 Ink Color & Mechanical Pencil (0.5mm / 0.7mm)","0.7mm Black","Japan Stationery","Shopee",4,118.80,29.70,29.70,29.70,4,2026-02-19,2026-05-22,1
"4901480331027","KOKUYO File Box <NEOS> A4 Vertical/Horizontal 2-Way Type A4-NELF-B A4-NELF-D A4-NELF-DB A4-NELF-DG A4-NELF-R A4-NELF-W","Olive Green","Japan Stationery","Shopee",6,118.20,19.70,19.70,19.70,2,2025-12-01,2026-06-29,1
"4901480330990","KOKUYO File Box <NEOS> A4 Vertical/Horizontal 2-Way Type A4-NELF-B A4-NELF-D A4-NELF-DB A4-NELF-DG A4-NELF-R A4-NELF-W","Turquoise Blue","Japan Stationery","Shopee",6,118.20,19.70,19.70,19.70,2,2026-02-15,2026-05-06,1
"4901681432103","Zebra Justfit Mojini Line Non Smear Highlighter - 3 Color or 5 Color Set","3pcs Pack","Japan Stationery","Shopee",6,118.20,19.70,19.70,19.70,5,2026-02-25,2026-06-25,1
"4902505415463","Pilot Acroball Ballpoint Pen Refill BRFV-10EF-B 0.5mm","Black","Japan Stationery","Shopee",20,118.00,5.90,5.90,5.90,6,2025-09-24,2026-03-16,1
"4903419843694","Lihit Lab ALTNA A7773-24 Tote Bag","Red","Japan Stationery","Shopee",2,118.00,59.00,59.00,59.00,2,2025-10-10,2025-12-12,1
"4903419843724","Lihit Lab ALTNA A7773-24 Tote Bag","Black","Japan Stationery","Shopee",2,118.00,59.00,59.00,59.00,2,2025-12-12,2026-04-10,1
"4902506412652","Pentel Orenz AT Dual Grip Mechanical Pencil - 0.5 mm Japan Premium Gifts","Dark Grey","Japan Stationery","Shopee",1,117.90,117.90,117.90,117.90,1,2025-12-28,2025-12-28,1
"4901681853144","Sarasa Clip 0.5 Limited Sanrio Characters 1st Edition JJ29-SR1-BK1 JJ29-SR1-R1 JJ29-SR1-C0BL JJ29-SR1-ROR JJ29-SR1-3CA R","Hello Kitty (Red)","Japan Stationery","Shopee",11,117.70,10.70,10.70,10.70,11,2025-09-28,2026-05-30,1
"4901681151226","Zebra Snoopy Wakuwaku Delguard Mildliner Macky Sarasa Japan Limited Edition P-MA85-SN-WS-PU WKT7-SN-WS-MBP YYTS7-SN-WS-B","Sarasa B Yumekawa","Japan Stationery","Shopee",11,117.70,10.70,10.70,10.70,10,2026-03-24,2026-06-26,1
"4902778292419","Refill for Mitsubishi Multi Function Jetstream Pen SXR-80-07 (0.7mm)","Red (0.7mm)","Japan Stationery","Shopee",24,117.60,4.90,4.90,4.90,12,2025-07-03,2026-06-23,1
"4953571274850","SOTO Lighter Ultra Small Strong Windproof Refillable Lightweight Compact ST-480 ST-485 ST-486","ST-485 Black","Elite Camp","Shopee",1,117.00,117.00,117.00,117.00,1,2026-06-16,2026-06-16,1
"4902505676536","Pilot Neox Graphite Mechanical Pencil Refill 0.3/0.4/0.5/0.7/0.9mm HRFG-03-H -HB -B -2B HRFG-04-H -HB -B -2B HRFG-05-2H","2B 0.5","Japan Stationery","Shopee",10,117.00,11.70,11.70,11.70,6,2025-07-16,2025-08-22,1
"6975498005285","Olight Diffuse 700 Lumens EDC Pocket Flashlight Compact Waterproof Gift Camping Pocket Torch Light","OD Green","Japan Stationery","Shopee",1,117.00,117.00,117.00,117.00,1,2026-05-05,2026-05-05,1
"4902506412645","Pentel Orenz AT Dual Grip Mechanical Pencil - 0.5 mm Japan Premium Gifts","Color:Dark Blue","Japan Stationery","Lazada",1,116.53,116.53,116.53,116.53,1,2026-02-28,2026-02-28,1
"4902778322239","Uni Mitsubishi Uniball ZENTO Gel Pen Refill 0.38/0.5mm UBRZ38.15 UBRZ38.24 UBRZ38 UBRZ05 UBRZ05.24","Refill Black 0.5","Japan Stationery","Shopee",12,116.40,9.70,9.70,9.70,7,2026-03-18,2026-06-30,1
"6975498000372","Olight i3E EOS LED Keychain Mono Output Flashlight Torchlight Camping Hiking Compact Torch Flash","Antique Bronze","Elite Camp","Shopee",3,116.10,38.70,38.70,38.70,3,2025-07-24,2025-10-15,1
"4901480306414","Kokuyo Resare Eraser Color Student Art Eraser Convenient Foam Eraser Powerful Clean ケシ90N","Blue","Japan Stationery","Shopee",16,116.00,7.25,7.25,7.25,14,2025-07-03,2026-04-25,1
"4953571174860","SOTO Lighter Ultra Small Strong Windproof Refillable Lightweight Compact ST-480 ST-485 ST-486","ST-486 Blue","Elite Camp","Lazada",1,115.83,115.83,115.83,115.83,1,2025-08-23,2025-08-23,1
"4977564716059","PLUS Scissors - Fit Cut Curve Premium Titanium Coated","Premium Pink","Japan Stationery","Shopee",2,115.80,57.90,57.90,57.90,2,2025-10-13,2025-10-22,1
"4902778153376","Uni Kuru Toga Disney Edition - Automatic Lead Rotation Mechanical Pencil","Mickey (0.5mm Red)","Japan Stationery","Shopee",4,115.60,28.90,28.90,28.90,4,2025-07-03,2025-09-07,1
"4902778220870","Uni Kuru Toga Advance Putaran Automatik (2X kelajuan) Mekanikal Pensil 0.5mm","Color:White | Color family:White","Japan Stationery","Lazada",5,115.26,23.05,8.41,28.52,5,2025-09-05,2026-05-11,1
"4901480279732","Kokuyo Aerofit Superior Scissors Long Thick Blade","Standard 240DM","Japan Stationery","Shopee",2,115.00,57.50,57.50,57.50,1,2026-01-27,2026-01-27,1
"4901480095448","Kokuyo Campus Notebook B5 A4 A6 Environmentally Friendly Notebook 7mm 6mm Normal-Medium Lines ノ-3ANX3 ノ-4ANX3 ノ-5ANX3","40S-5sets-6mm-BLU-B5","Japan Stationery","Shopee",2,115.00,57.50,57.50,57.50,2,2026-05-23,2026-06-06,1
"4901770709697","Metacil Non sharpening Metal Pencil (Metal Body) for Artist Drawing, Sketching SUN-STAR Stylish Japan premium","Color family:Metallic Grey","Japan Stationery","Lazada",2,114.96,57.48,57.48,57.48,1,2025-08-05,2025-08-05,1
"4901480351650","Kokuyo Gloo Strong, Clean, Disappearing Adhesive Glue Stick Turbo G321N-1P G322N-1P G323N-1P G301N-1P","Orange - Large 40g","Japan Stationery","Shopee",5,113.50,22.70,22.70,22.70,4,2025-07-22,2026-01-01,1
"4901681657094","Zebra Sarasa Clip 3C Japan Limited Edition Relax Series Ballpoint Pen 0.4/0.5mm JJ3S5-RX-SBE JJ3S5-RX-COP JJ3S5-RX-TB","Charcoal Brown","Japan Stationery","Shopee",5,113.50,22.70,22.70,22.70,5,2025-10-30,2026-06-26,1
"4901681580231","Zebra DelGuard Basic Anti-break Core Mechanical Pencil (0.7mm) 0.7 Japan Premium Stationery Student Gift","Green (0.7mm)","Japan Stationery","Shopee",5,113.50,22.70,22.70,22.70,3,2025-12-03,2026-06-10,1
"4902778561362","Uni Mitsubishi Hi-Uni GRCT Mechanical Pencil Refill Leads 0.3/0.5 mm HU033002H HU03300H HU03300HB HU03300B","4B (0.5)","Japan Stationery","Shopee",6,113.40,18.90,18.90,18.90,3,2025-07-16,2025-11-15,1
"4901681570270","Zebra DelGuard ER Anti-break Core Mechanical Pencil (0.5mm) - Eraser Edition","Pink","Japan Stationery","Shopee",3,113.10,37.70,37.70,37.70,3,2025-07-06,2026-05-04,1
"4901991060447","Tombow Mono Graph Zero Metal Body Mechanical Pencil (0.5mm, 0.3mm)","Mono (0.3mm)","Japan Stationery","Shopee",3,113.10,37.70,37.70,37.70,3,2025-08-11,2026-06-12,1
"4901681570287","Zebra DelGuard ER Anti-break Core Mechanical Pencil (0.5mm) - Eraser Edition","Purple","Japan Stationery","Shopee",3,113.10,37.70,37.70,37.70,3,2025-10-12,2026-05-04,1
"4902778352700","Uni-ball Kuru toga KS & Switch & refill Cosmetics 2026 Japan Limited Edition Kurutoga M3KS1P.BRG M3KS1P.GLP M5KS1P.BRG","0.5 KS Gloss Pearl","Japan Stationery","Shopee",4,112.80,28.20,28.20,28.20,4,2026-04-04,2026-06-27,1
"4903419818920","Original Lihit Lab Pen / Pencil Case - Smart Fit Compact Type","Color family:Green","Japan Stationery","Lazada",3,112.71,37.57,34.49,41.89,3,2025-08-18,2025-10-19,1
"4902778292426","Refill for Mitsubishi Multi Function Jetstream Pen SXR-80-07 (0.7mm)","Black (0.7mm)","Japan Stationery","Shopee",23,112.70,4.90,4.90,4.90,15,2025-07-03,2026-06-29,1
"4901480339276","Kokuyo Gloo Strong, Clean, Disappearing Adhesive Glue Stick Turbo G321N-1P G322N-1P G323N-1P G301N-1P","Grey - Small 10g","Japan Stationery","Shopee",15,112.50,7.50,7.50,7.50,13,2025-07-16,2026-01-01,1
"4901480351636","Kokuyo Gloo Strong, Clean, Disappearing Adhesive Glue Stick Turbo G321N-1P G322N-1P G323N-1P G301N-1P","Orange - Small 10g","Japan Stationery","Shopee",15,112.50,7.50,7.50,7.50,15,2025-07-17,2026-01-06,1
"4901480298863","Kokuyo Karu Easy Cut Tape Dispenser Handy Type Small Large T-SM200D T-SM200W T-SM300LB T-SM300P T-SM300W","White Large","Japan Stationery","Shopee",3,112.50,37.50,37.50,37.50,3,2025-09-10,2025-10-13,1
"4901681577828","Zebra DelGuard Metal Grip Type-Lx Anti-break Core Mechanical Pencil (0.5mm)","Blue","Japan Stationery","Shopee",4,111.60,27.90,27.90,27.90,2,2025-10-02,2025-10-14,1
"4901681392797","Limited Edition Zebra Blen 3C Snoopy Multi-pen 0.5mm","Beige","Japan Stationery","Shopee",4,111.60,27.90,27.90,27.90,4,2026-01-08,2026-06-06,1
"4902778255117","Uni Kuru Toga Advance Upgrade Model Mechanical Pencil - 0.3 / 0.5 mm Punch Punched Upgraded","Color:0.5mm White","Japan Stationery","Lazada",2,111.34,55.67,53.70,57.64,2,2025-12-21,2026-04-23,1
"4902778309599","New Kuru Toga KS Uni Japan Mechanical Pencil Lead Self-rotating M3/5-KS Upgraded Version 0.3mm/0.5mm","0.3 Herb Green","Japan Stationery","Shopee",4,110.80,27.70,27.70,27.70,4,2025-07-11,2025-10-09,1
"4902778302408","New Kuru Toga KS Uni Japan Mechanical Pencil Lead Self-rotating M3/5-KS Upgraded Version 0.3mm/0.5mm","0.5 Ice Blue","Japan Stationery","Shopee",4,110.80,27.70,27.70,27.70,3,2025-08-07,2026-04-15,1
"4902778302415","New Kuru Toga KS Uni Japan Mechanical Pencil Lead Self-rotating M3/5-KS Upgraded Version 0.3mm/0.5mm","0.5 Blue","Japan Stationery","Shopee",4,110.80,27.70,27.70,27.70,4,2025-09-21,2026-05-09,1
"4902506427410","Pentel Orenz AT Cool Nuance Japan Limited Edition Mechanical Pencil 0.5mm XPP2005-LMD XPP2005-LME XPP2005-LMS XPP2005-LM","Ash Bronze","Japan Stationery","Shopee",1,110.70,110.70,110.70,110.70,1,2025-09-17,2025-09-17,1
"4902506432469","Pentel Japan Limited Edition 60th Anniversary  Drafting Mechanical Pencil P-MA93-RE-CAG P-MA93-RE-TPU P-MA93-RE-RGR","GraphGear1000","Japan Stationery","Shopee",1,110.70,110.70,110.70,110.70,1,2026-04-22,2026-04-22,1
"4902506427403","Pentel Orenz AT Cool Nuance Japan Limited Edition Mechanical Pencil 0.5mm XPP2005-LMD XPP2005-LME XPP2005-LMS XPP2005-LM","Cobalt Green","Japan Stationery","Shopee",1,110.70,110.70,110.70,110.70,1,2026-04-25,2026-04-25,1
"4902668669185","Uni-Ball One Jujutsu Kaisen JAPAN LIMITED EDITION Gel Pen 0.38 mm HH4031","UniballOne/Nanami","Japan Stationery","Shopee",3,110.70,36.90,36.90,36.90,3,2025-07-30,2026-03-02,2
"4902778230732","Refill for Uni-Ball Erasable Ballpoint Pen RE & RE3 Thermal Erase Ink Mitsubishi RE-3 URR-103-05","Black","Japan Stationery","Shopee",14,110.60,7.90,7.90,7.90,10,2025-07-17,2026-05-05,1
"4902506314055","Pentel Graph 1000 for Pro Drafting Pencil (0.3mm, 0.4mm, 0.5mm, 0.7mm, 0.9mm)","Variation1:0.9mm | Color family:0.9mm","Japan Stationery","Lazada",2,110.16,55.08,53.27,56.89,2,2025-07-14,2026-01-14,1
"4903419843960","Hinemo Lihit Lab Stand Pen Pouch Reversible","Small Black","Japan Stationery","Shopee",1,109.70,109.70,109.70,109.70,1,2025-11-11,2025-11-11,1
"4903419843939","Hinemo Lihit Lab Stand Pen Pouch Reversible","Small Yellow","Japan Stationery","Shopee",1,109.70,109.70,109.70,109.70,1,2026-06-06,2026-06-06,1
"4902778313909","Uni Jetstream Lite Freshers Set 2025 Lite 4 & 1 Multi pen 4 color + Mechanical Pencil MSXE5L5.05.1 SXRL8005.24","Coral Pink","Japan Stationery","Shopee",2,109.40,54.70,49.70,59.70,2,2025-11-07,2026-06-28,1
"4902778255148","Uni Kuru Toga Advance Upgrade Model Mechanical Pencil - 0.3 / 0.5 mm Punch Punched Upgraded","Color:0.5mm Black","Japan Stationery","Lazada",2,109.30,54.65,52.01,57.29,2,2025-08-03,2025-08-04,1
"4901480074016","Kokuyo Notebook Campus Notebook Music Book Twin Ring A4 30 Sheets オン-T10","Size:A4","Japan Stationery","Lazada",4,109.19,27.30,27.28,27.31,1,2025-12-02,2025-12-02,1
"6975498006329","Olight Oclip & oclip Pro Rechargable EDC Flashlight White & Red Light","Copper","Japan Stationery","Shopee",1,109.00,109.00,109.00,109.00,1,2025-07-07,2025-07-07,1
"4902778028193","Uni Kuru Toga Basic - Automatic Lead Rotation Mechanical Pencil (0.5mm)","Light Blue","Japan Stationery","Shopee",5,108.50,21.70,21.70,21.70,4,2026-02-15,2026-05-09,1
"4902778028186","Uni Kuru Toga Basic - Automatic Lead Rotation Mechanical Pencil (0.5mm)","Silver","Japan Stationery","Shopee",5,108.50,21.70,21.70,21.70,5,2026-02-25,2026-06-04,1
"4901140905179","Iwatani Tatsujin Slim III Portable Gas Stove Outdoor Camping Dapur Gas Teppanyaki Sukiyaki Takoyaki Emergency CB-SS-50","Teppanyaki Plate","Elite Camp","Lazada",1,108.23,108.23,108.23,108.23,1,2026-06-30,2026-06-30,1
"YAKI-SAUCE","Accessory for Iwatani Portable Korean BBQ Yakimaru Smokeless Grill Yakiniku Stove Outdoor Butane Gas Stove Camping","Yakimaru WaterSaucer","Elite Camp","Shopee",1,108.00,108.00,108.00,108.00,1,2026-06-27,2026-06-27,1
"4991259626348","Nomadic's Wise-Walker Carbonium Japanese Premium Pen Case PF-03 Large PF-05 Small Black Brown","Large Brown","Japan Stationery","Shopee",1,107.90,107.90,107.90,107.90,1,2025-08-11,2025-08-11,1
"4901480142852","Kokuyo Tube File Eco Twin R A4 Vertical Binding Thickness 50mm Blue Double-sided Pipe File フ-RT630B フ-RT630C フ-RT640B","Blue 40mm","Japan Stationery","Shopee",2,107.40,53.70,53.70,53.70,2,2025-07-31,2025-11-03,1
"4901480254036","KOKUYO Dotliner Glue Tape Standard, Long, Hold, Long50, Power (refill or tape set) TA-DM400-08N D400-08N","Blue,Refill Hold","Japan Stationery","Shopee",6,107.40,17.90,17.90,17.90,5,2025-08-04,2026-05-03,1
"4901480142869","Kokuyo Tube File Eco Twin R A4 Vertical Binding Thickness 50mm Blue Double-sided Pipe File フ-RT630B フ-RT630C フ-RT640B","Silver 40mm","Japan Stationery","Shopee",2,107.40,53.70,53.70,53.70,1,2025-11-03,2025-11-03,1
"4902506406378","Japan Pentel Ain Mechanical Pencil Lead 0.2/0.3/0.4/0.5/0.7/0.9/1.3 mm","0.3 B","Japan Stationery","Shopee",9,107.10,11.90,11.90,11.90,8,2025-08-14,2026-06-27,1
"4902506406583","Japan Pentel Ain Mechanical Pencil Lead 0.2/0.3/0.4/0.5/0.7/0.9/1.3 mm","0.5 3B","Japan Stationery","Shopee",9,107.10,11.90,11.90,11.90,9,2025-10-10,2026-06-18,1
"4902778225615","Uni NanoDia Color Erasable Lead 0.7 mm U07202NDC","Mint Blue","Japan Stationery","Shopee",9,107.10,11.90,11.90,11.90,8,2025-07-20,2026-05-22,1
"4902778039946","Mitsubishi Uni Jetstream F Series 2 Color & Mechanical Pencil","Silky Gold","Japan Stationery","Shopee",3,107.10,35.70,35.70,35.70,3,2025-09-20,2026-01-09,1
"4902506405845","Japan Pentel Ain Mechanical Pencil Lead 0.2/0.3/0.4/0.5/0.7/0.9/1.3 mm","0.5 Blue","Japan Stationery","Shopee",9,107.10,11.90,11.90,11.90,5,2025-10-13,2026-03-06,1
"4902778039915","Mitsubishi Uni Jetstream F Series 2 Color & Mechanical Pencil","Sugar Pink","Japan Stationery","Shopee",3,107.10,35.70,35.70,35.70,3,2025-11-02,2025-12-20,1
"4902506406286","Japan Pentel Ain Mechanical Pencil Lead 0.2/0.3/0.4/0.5/0.7/0.9/1.3 mm","0.2 B","Japan Stationery","Shopee",9,107.10,11.90,11.90,11.90,6,2025-07-10,2026-04-25,1
"6975498003847","OLIGHT Gober Kit Safety Light, High Visibility LED Beacon Lights with 4 Lighting Modes, USB-C Rechargeable Flashing","Gober 2 (Blue)","Elite Camp","Shopee",1,107.00,107.00,107.00,107.00,1,2025-09-25,2025-09-25,1
"4902778274293","Uni Mitsubishi Mechanical Pencil Refill Leads 0.3/0.4/0.5/0.7/0.9 mm UL-S-0.3-25 1P","HB (0.9","Japan Stationery","Shopee",12,106.80,8.90,8.90,8.90,8,2025-08-04,2026-02-24,1
"4902506289438","Refill for Pentel Vicuna EX & EX3 (KBXES7)","Black (0.7mm)","Japan Stationery","Shopee",12,106.80,8.90,8.90,8.90,7,2025-08-23,2026-06-30,1
"4901681648191","Zebra DelGuard Checked Edition Anti-break Core Mechanical Pencil (0.5mm)","Checked Green","Japan Stationery","Shopee",4,106.80,26.70,26.70,26.70,4,2025-07-03,2026-01-28,1
"4902778251300","Jetstream Uni-Ball RE+ Ballpoint Pen Set","Pearl White","Japan Stationery","Shopee",3,106.65,35.55,35.55,35.55,3,2025-10-01,2026-01-24,1
"4901480264158","Kokuyo Campus Eraser for Elementary School Students (B.HB and 2B Types) Poppy-C100-1N C100-2N","B.HB","Japan Stationery","Shopee",17,106.25,6.25,6.25,6.25,10,2025-07-26,2026-03-08,1
"4902668669024","Zebra DelGuard Jujutsu Kaisen LIMITED EDITION Mechanical Pencil 0.5 mm HH4001","Type:Delguard/Ieiri","Japan Stationery","Lazada",2,106.07,53.03,52.77,53.30,2,2025-10-15,2026-03-21,1
"4901991065350","Tombow Monograph Mechanical Pencil 10th Anniversary Japan Limited Edition","Navy","Japan Stationery","Shopee",9,105.30,11.70,11.70,11.70,7,2025-07-03,2025-09-11,1
"4901480095615","Kokuyo Campus Notebook B5 A4 A6 Environmentally Friendly Notebook 7mm 6mm Normal-Medium Lines ノ-3ANX3 ノ-4ANX3 ノ-5ANX3","48S-3sets-6mm-BLU-A6","Japan Stationery","Shopee",5,105.00,21.00,21.00,21.00,4,2026-01-24,2026-06-16,1
"4902778022207","Refill for Mitsubishi Multi Function Jetstream Pen SXR-80-10 (1.0mm)","Blue (1.0mm)","Japan Stationery","Shopee",15,103.50,6.90,6.90,6.90,9,2025-09-28,2026-06-08,1
"4901991065299","Tombow Monograph Mechanical Pencil 10th Anniversary Japan Limited Edition","Matte Navy","Japan Stationery","Shopee",5,103.50,20.70,20.70,20.70,4,2025-07-06,2025-08-08,1
"4901991065305","Tombow Monograph Mechanical Pencil 10th Anniversary Japan Limited Edition","Matte Gray","Japan Stationery","Shopee",5,103.50,20.70,20.70,20.70,5,2025-07-09,2025-09-09,1
"4901991065329","Tombow Monograph Mechanical Pencil 10th Anniversary Japan Limited Edition","Matte Purple","Japan Stationery","Shopee",5,103.50,20.70,20.70,20.70,4,2025-07-14,2025-09-09,1
"4902505686504","Pilot S3 Mechanical Pencil Neox Graphite Mini Japan Limited Edition HPS-30R-TMNL3 HPS-30R-TBE3 HPS-30R-TBE4 HPS-30R-TAL4","Trans Baby Pink 0.4","Japan Stationery","Shopee",5,103.50,20.70,20.70,20.70,5,2025-08-26,2026-06-20,1
"4902668669017","Zebra DelGuard Jujutsu Kaisen LIMITED EDITION Mechanical Pencil 0.5 mm HH4001","Type:Delguard/Geto","Japan Stationery","Lazada",2,103.40,51.70,50.10,53.30,2,2026-03-21,2026-06-19,1
"4006856505337","Rotring Tikky Hi-Polymer Pencil Lead (0.3 0.35 0.5 0.7 0.9 1.0 2.0 mm 2H H HB B 2B)","0.35mm HB","Japan Stationery","Shopee",8,103.20,12.90,12.90,12.90,7,2025-12-17,2026-05-22,1
"4902506269164","Pentel Ain Stein High Polymer Mechanical Pencil Lead- 0.2 mm, 0.4 mm 0.2/0.4mm","0.4mm B","Japan Stationery","Shopee",8,103.20,12.90,12.90,12.90,3,2026-03-30,2026-06-30,1
"4902778292365","Refill for Mitsubishi Multi Function Jetstream Pen SXR-80-05 (0.5mm)","Green (0.5mm)","Japan Stationery","Shopee",21,102.90,4.90,4.90,4.90,18,2025-07-06,2026-05-14,1
"4902778363911","Uni Mitsubishi Mechanical Pencil Lead Holder 2.0mm MH500","HB","Japan Stationery","Shopee",4,102.80,25.70,25.70,25.70,4,2025-09-19,2026-03-26,1
"4977564819965","Plus Decoration Roller Stamp Limited Edition Neko Roll 40236 40237 40238 40239","11mm Rear view Black","Japan Stationery","Shopee",4,102.80,25.70,25.70,25.70,4,2026-04-02,2026-05-02,1
"4901681531417","Rrefill for Zebra Blen 3C SNC-0.5 Multi-pen 0.5mm","Black","Japan Stationery","Shopee",13,102.70,7.90,7.90,7.90,7,2026-01-09,2026-05-14,1
"6975498007579","OLIGHT Gober Kit Safety Light, High Visibility LED Beacon Lights with 4 Lighting Modes, USB-C Rechargeable Flashing","Color family:Blue","Japan Stationery","Lazada",1,102.19,102.19,102.19,102.19,1,2025-07-04,2025-07-04,1
"4903419842093","Original Lihit Lab Pen / Pencil Case - Book Type","Color:Black","Japan Stationery","Lazada",2,102.13,51.06,49.04,53.09,2,2026-01-07,2026-01-18,1
"4902778164174","Uniball Refill for Mitsubishi Jetstream Prime Pen SXR-200-07 (0.7mm)","Color:Black | Color family:Black","Japan Stationery","Lazada",8,102.05,12.76,8.00,14.85,5,2025-09-25,2026-02-14,1
"4902778322239","Uni Mitsubishi Uniball ZENTO Gel Pen Refill 0.38/0.5mm UBRZ38.15 UBRZ38.24 UBRZ38 UBRZ05 UBRZ05.24","Type:Refill Black 0.5","Japan Stationery","Lazada",10,101.99,10.20,10.18,10.22,2,2026-04-23,2026-05-27,1
"4901480306421","Kokuyo Resare Eraser Color Student Art Eraser Convenient Foam Eraser Powerful Clean ケシ90N","Pink","Japan Stationery","Shopee",14,101.50,7.25,7.25,7.25,12,2025-07-03,2026-06-27,1
"4902778319277","Uni Mitsubishi Kurutoga KS Switch Limited Edition  Mechanical Pencil 0.5mm M5KS1P.BRY M51009GG1P.AG M5KSSR1P.BHG ULSF051","Apple Green","Japan Stationery","Shopee",2,101.40,50.70,50.70,50.70,2,2025-07-05,2026-04-29,1
"4548351187675","Uni Mitsubishi Monotone Collection Japan Limited Edition Mechanical Pencil & Ballpoint Pen 0.38/0.5mm SXN100328FB MSXE51","Full Black 0.5","Japan Stationery","Shopee",2,101.40,50.70,50.70,50.70,2,2025-09-02,2026-02-15,1
"4902505683695","Pilot Dr. GRIP 4+1 Botanical Color Ballpoint Pen 5mm BH41DG-155-AL","Old Rose","Japan Stationery","Shopee",2,101.40,50.70,50.70,50.70,2,2025-11-29,2025-12-03,1
"4902778347539","Japan Limited Edition Kuru Toga Alpha Gel Switch Gummy Candy Special Mechanical Pencil Uni M51007GG1P.LY M51007GG1P.YO","Soft - Yogurt","Japan Stationery","Shopee",2,101.40,50.70,50.70,50.70,2,2025-12-29,2026-05-03,1
"4902505683732","Pilot Dr. GRIP 4+1 Botanical Color Ballpoint Pen 5mm BH41DG-155-AL","Hydrangea Blue","Japan Stationery","Shopee",2,101.40,50.70,50.70,50.70,2,2026-01-01,2026-02-26,1
"4902505683725","Pilot Dr. GRIP 4+1 Botanical Color Ballpoint Pen 5mm BH41DG-155-AL","Sage Green","Japan Stationery","Shopee",2,101.40,50.70,50.70,50.70,2,2026-01-27,2026-02-12,1
"4902778352748","Uni-ball Kuru toga KS & Switch & refill Cosmetics 2026 Japan Limited Edition Kurutoga M3KS1P.BRG M3KS1P.GLP M5KS1P.BRG","Switch Line Gray","Japan Stationery","Shopee",2,101.40,50.70,50.70,50.70,2,2026-05-19,2026-06-17,1
"4902805656122","Midori Eraser Dust Mini Cleaner (Car) and Mini Cleaner II (Round)","Car Pink","Japan Stationery","Shopee",3,101.10,33.70,33.70,33.70,3,2025-07-11,2025-08-08,1
"4901991032192","Tombow Mono Graph Multi -2 Color Pen + Mechanical Pencil + Twist Eraser","Black","Japan Stationery","Shopee",3,101.10,33.70,33.70,33.70,3,2025-07-12,2025-08-15,1
"4901681424948","Original Mildliner Brush (Zebra) Double-Sided Highlighter Brush - Brush / Extra Fine","WFT8-5C-N","Japan Stationery","Shopee",3,101.10,33.70,33.70,33.70,3,2025-07-27,2025-12-20,1
"4902505683749","Pilot 4+1 Wood-earth Color Ballpoint Pen 5mm BH41FW-155-RL BH41FW-155-MG BH41FW-155-SBE BH41FW-155-OP","Orchard Pink","Japan Stationery","Shopee",1,100.70,100.70,100.70,100.70,1,2026-03-30,2026-03-30,1
"4902778352526","Uni-ball Kuru Toga Metal New Color and Uni Metal Cases Refill Japan Limited Edition Kurutoga M3KH1P.24 ULSM05HB ULSD03TK","Refill Metal Case MB","Japan Stationery","Shopee",1,100.70,100.70,100.70,100.70,1,2026-06-07,2026-06-07,1
"Pentel-GraphGear-500-Full Set (5pcs)","Japan Version Pentel Graph Gear 500 Drafting Mech Pencil 0.3 0.4 0.5 0.7 0.9mm PG513 PG514 PG515 PG517 PG519","Size:Full Set (5pcs)","Japan Stationery","Lazada",1,100.29,100.29,100.29,100.29,1,2026-03-19,2026-03-19,1
"4901480339313","Kokuyo Gloo Strong, Clean, Disappearing Adhesive Glue Stick Turbo G321N-1P G322N-1P G323N-1P G301N-1P","Blue - Medium 22g","Japan Stationery","Shopee",6,100.20,16.70,16.70,16.70,6,2025-09-21,2026-06-20,1
"4902778211724","Uni-ball R:E 4pcs Erasable Gel Pen 0.5 mm - Off Black Ink - Disney Minnie Mickey Donald Daisy RE Erase","4pcs Gel Pen 0.5mm","Japan Stationery","Shopee",2,99.80,49.90,49.90,49.90,2,2026-02-23,2026-03-17,1
"6972378124630","Olight i3T & i3T2 Small Flashlight Dual Outpot Slim EDC Camping Hiking Torchlight Small Portable","i3T Plus - OD Green","Japan Stationery","Shopee",1,99.70,99.70,99.70,99.70,1,2025-08-29,2025-08-29,1
"4903419839680","Original Lihit Lab Pen / Pencil Case - Book Type XXL (Triple) A-7556 A7556","Blue","Japan Stationery","Shopee",1,99.70,99.70,99.70,99.70,1,2026-01-01,2026-01-01,1
"4902778043547","Uni Shift Pipe Lock Retractable Mechanical Pencils 0.3/0.5/0.7/0.9 mm M31010.26 M41010.26 M51010.26 M51010.24 M71010.26","0.3mm, Silver","Japan Stationery","Shopee",2,99.40,49.70,49.70,49.70,2,2025-07-25,2025-11-05,1
"4902778280362","Kuru Toga Switch Alpha Gel Automatic Lead Rotation Mechanical Pencil (0.5mm) Uni Kurutoga","0.3mm Black","Japan Stationery","Shopee",2,99.40,49.70,49.70,49.70,2,2025-08-15,2025-12-15,1
"4971516011872","Ohto Wooden Mechanical Pencil Lead Holder - 2.0 mm","Natural Wood","Japan Stationery","Shopee",2,99.40,49.70,49.70,49.70,2,2025-10-14,2026-03-13,1
"4902778089408","Uni Shift Pipe Lock Retractable Mechanical Pencils 0.3/0.5/0.7/0.9 mm M31010.26 M41010.26 M51010.26 M51010.24 M71010.26","0.5mm, Black","Japan Stationery","Shopee",2,99.40,49.70,49.70,49.70,2,2026-01-15,2026-05-11,1
"4901480318226","Kokuyo Campus Notepad Grid Ruled Cut Off A4|A7|A5|B5 70 Sheets レ-M747S5-D レ-M737S5-D レ-M727S5-D メ-M777S5-D","A4 70S","Japan Stationery","Shopee",2,99.00,49.50,49.50,49.50,2,2026-04-07,2026-06-11,1
"4955414924021","Staedtler 925-15 Drafting Mechanical Pencil Plastic Body Light Weight (0.3, 0.5, 0.7, 0.9)","0.7mm","Japan Stationery","Shopee",3,98.10,32.70,32.70,32.70,3,2025-08-13,2025-09-23,1
"4901681667277","Zebra Metal Grip Tect 2way 0.3mm (Shake+Press) Dual Function Drafting Mechanical Pencil","Silver (0.3mm)","Japan Stationery","Shopee",3,98.10,32.70,32.70,32.70,3,2025-10-13,2025-11-21,1
"4902778143278","Uni Mitsubishi Field Architectural  Mechanical Pencil Refill 2.0mm M20-700 1P","2H","Japan Stationery","Shopee",3,98.10,32.70,32.70,32.70,2,2026-01-03,2026-05-05,1
"4901681847396","Sarasa Nano 0.38 Limited Edition Winnie the Pooh W280 Zebra Japan Disney JJX72-DSWP-BK1 JJX72-DSWP-VSB JJX72-DSWP-4C","Variation1:SB-BG-CB-BB 0.38 | Color:SB-BG-CB-BB 0.38","Japan Stationery","Lazada",2,98.06,49.03,41.01,57.05,2,2025-10-09,2025-10-31,1
"4901480351766","Kokuyo Pen Case Neo Critz Worksus Stationery Pencil Case  Large Capacity F-VBF215B F-VBF215D F-VBF215S","Brown","Japan Stationery","Shopee",1,97.90,97.90,97.90,97.90,1,2025-08-22,2025-08-22,1
"4902778351413","Uni Mitsubishi Uniball ZENTO Gel Pen Refill 0.38/0.5mm UBRZ38.15 UBRZ38.24 UBRZ38 UBRZ05 UBRZ05.24","Refill Black 0.7mm","Japan Stationery","Shopee",10,97.00,9.70,9.70,9.70,7,2026-03-26,2026-06-03,1
"6975498007579","OLIGHT Gober Kit Safety Light, High Visibility LED Beacon Lights with 4 Lighting Modes, USB-C Rechargeable Flashing","Blue","Elite Camp","Shopee",1,97.00,97.00,97.00,97.00,1,2025-09-25,2025-09-25,1
"4902778327166","JETSTREAM 4&1 BAMBOO 25th Spring Limited Edition Set","Sun Orange","Japan Stationery","Shopee",1,97.00,97.00,97.00,97.00,1,2025-07-14,2025-07-14,1
"4903419336660","Original Lihit Lab Pen / Pencil Case - Flat type New release Wide Thin A7652-6 A7653-24","Wide,Blue","Japan Stationery","Shopee",1,97.00,97.00,97.00,97.00,1,2025-11-19,2025-11-19,1
"4902778327029","JETSTREAM 4&1 BAMBOO 25th Spring Limited Edition Set","Cedar Wood","Japan Stationery","Shopee",1,97.00,97.00,97.00,97.00,1,2026-01-28,2026-01-28,1
"4902778326923","JETSTREAM 4&1 BAMBOO 25th Spring Limited Edition Set","Lilac Bouquet","Japan Stationery","Shopee",1,97.00,97.00,97.00,97.00,1,2026-02-05,2026-02-05,1
"4902778326664","Uni Kurutoga KS & Switch & Replacement Lead 25-02 Limited Edition M3KS1P.WPC M5KS1P.CCM M5KS1P.MCA M5KS1P.SBM","Color:0.5 C Sugar","Japan Stationery","Lazada",2,96.71,48.36,44.28,52.43,2,2025-12-06,2026-03-25,1
"4901681135318","Zebra Sarasa Gel Pen Refill - 0.38 mm  JF-0.38 - Black","JF-0.38-Bk","Japan Stationery","Shopee",14,96.60,6.90,6.90,6.90,8,2025-09-25,2026-03-24,1
"4901991065282","Tombow Monograph Mechanical Pencil 10th Anniversary Japan Limited Edition","Mono Blue","Japan Stationery","Shopee",3,96.60,32.20,32.20,32.20,3,2025-07-03,2025-12-12,1
"4902778339480","Uni Kurutoga KS & Switch & Replacement Lead 25-02 Limited Edition M3KS1P.WPC M5KS1P.CCM M5KS1P.MCA M5KS1P.SBM","0.5 Refill Milk Tea","Japan Stationery","Shopee",9,96.30,10.70,10.70,10.70,7,2025-08-16,2026-02-04,1
"4901681853168","Sarasa Clip 0.5 Limited Sanrio Characters 1st Edition JJ29-SR1-BK1 JJ29-SR1-R1 JJ29-SR1-C0BL JJ29-SR1-ROR JJ29-SR1-3CA R","CinnamonRollLightBlu","Japan Stationery","Shopee",9,96.30,10.70,10.70,10.70,8,2025-10-27,2026-05-11,1
"4901991063493","Tombow Sharp Mechanical Pencil Monowork Monograph Work 1.3mm Exam Ideas 869S Set DPB-151A DPB-161 PCB-251 ECJ-121","Refill HB","Japan Stationery","Shopee",9,96.30,10.70,10.70,10.70,7,2025-10-23,2026-05-18,1
"4902505661723","Limited Edition Pilot Frixion Ball3 Slim Tri-color Pen Erasable 0.38mm","Firefly","Japan Stationery","Shopee",3,96.00,32.00,32.00,32.00,3,2025-07-16,2025-08-07,1
"4901480349473","Kokuyo Campus Study Planner Notebook Daily Weekly Ruled B5|A5 ノ-Y80MD-G ノ-Y80MW-B","B5 Pink Weekly Ruled","Japan Stationery","Shopee",6,96.00,16.00,16.00,16.00,5,2025-07-20,2025-09-02,1
"4901480364520","Kokuyo Campus Study Study Planner 2 Weeks A5 B5 ノ-Y80LT-DB ノ-Y82LT-DB","B5 Blue","Japan Stationery","Shopee",6,96.00,16.00,16.00,16.00,4,2025-09-13,2026-01-08,1
"4901480331843","Kokuyo Soft Ring Notebook - Natural - Semi B5|A5 7mm Rule 80 Sheets ス-SV608A-D ス-SV608A-DB ス-SU608A","B5 Navy","Japan Stationery","Shopee",3,96.00,32.00,32.00,32.00,2,2025-11-10,2026-01-09,1
"4902778280393","Kuru Toga Switch Alpha Gel Automatic Lead Rotation Mechanical Pencil (0.5mm) Uni Kurutoga","Color:0.5mm Yellow","Japan Stationery","Lazada",2,95.63,47.81,46.42,49.21,2,2025-12-08,2026-06-08,1
"4902778211328","Uni Nano Diamond Color Erasable Lead - 0.5 mm - Orange Green Red Mint Blue Pink","Orange","Japan Stationery","Shopee",8,95.20,11.90,11.90,11.90,8,2025-07-29,2026-06-15,1
"4902506406781","Japan Pentel Ain Mechanical Pencil Lead 0.2/0.3/0.4/0.5/0.7/0.9/1.3 mm","0.5 Red","Japan Stationery","Shopee",8,95.20,11.90,11.90,11.90,4,2025-12-20,2026-04-09,1
"4901480343792","Kokuyo Enpitsu Thick Lead Mechanical Pencil Metal or Rubber Grip Sharp - Type M or MX Writing","Rubber Grip 1.3mm","Japan Stationery","Shopee",3,95.10,31.70,31.70,31.70,3,2025-08-28,2025-12-30,1
"4901480095639","Kokuyo Campus Notebook 5 Sets Colored Cover Semi-B5-A4 Normal-Medium Line 30 Sheets 6mm 7mm ノ-3CANX5 ノ-3CBNX5 ノ-203CANX5","B5 6mm 5sets","Japan Stationery","Shopee",2,95.00,47.50,47.50,47.50,2,2025-09-30,2026-01-06,1
"4901681677078","Zebra Lightwrite α Outdoor Japan Limited Edition  Ballpoint Pen 0.7mm P-BA96-0C/K P-BA96-0C/CO P-BA96-0C/NV P-BA96-0C/S","Type:Copper","Japan Stationery","Lazada",3,94.88,31.63,25.70,35.89,3,2025-09-10,2026-04-03,1
"4977564613327","Plus Twiggy Portable Scissors FitCut Curve","White","Japan Stationery","Shopee",4,94.80,23.70,23.70,23.70,4,2025-07-17,2026-06-17,1
"4902778542170","Uni Mitsubishi Hi-Uni GRCT Mechanical Pencil Refill Leads 0.3/0.5 mm HU033002H HU03300H HU03300HB HU03300B","3B (0.5)","Japan Stationery","Shopee",5,94.50,18.90,18.90,18.90,4,2025-07-22,2025-11-30,1
"4901480331829","Kokuyo Soft Ring Dotted Graph Notebook A5|A5|B6|A6|A7 80 Sheets ス-SV508WT-T ス-SV538WT-T ス-SU508WT","A5 Dotted","Japan Stationery","Shopee",3,94.50,31.50,31.50,31.50,3,2025-11-17,2025-11-25,1
"4902505641466","Pilot Iroshizuku Fountain Pen Ink Cartridges Refill (6 Cartridges) 0.8 ml IRF-6S-AS","KO-Deep Blue","Japan Stationery","Shopee",2,94.00,47.00,47.00,47.00,2,2025-08-03,2025-08-25,1
"4902778220917","Uni Kuru Toga Advance Putaran Automatik (2X kelajuan) Mekanikal Pensil 0.5mm","Color:Red | Color family:Red","Japan Stationery","Lazada",3,93.89,31.30,28.70,33.89,3,2025-07-03,2026-03-23,1
"4902778271995","Kuru Toga Switch Alpha Gel Automatic Lead Rotation Mechanical Pencil (0.5mm) Uni Kurutoga","Color:0.5mm Black","Japan Stationery","Lazada",2,93.66,46.83,44.70,48.96,2,2025-09-09,2025-12-30,1
"4902505676581","Pilot Neox Graphite Mechanical Pencil Refill 0.3/0.4/0.5/0.7/0.9mm HRFG-03-H -HB -B -2B HRFG-04-H -HB -B -2B HRFG-05-2H","2B 0.7","Japan Stationery","Shopee",8,93.60,11.70,11.70,11.70,7,2025-07-26,2026-03-30,1
"4903419819811","Original Lihit Lab Pen / Pencil Case - Book Type A-7551 A7551","Blue","Japan Stationery","Shopee",2,93.40,46.70,46.70,46.70,2,2026-02-17,2026-03-19,1
"4903419842055","Original Lihit Lab Pen / Pencil Case - Book Type A-7551 A7551","Green","Japan Stationery","Shopee",2,93.40,46.70,46.70,46.70,2,2026-02-23,2026-05-05,1
"4902778206393","Uni Kuru Toga Disney Edition - Limited Daisy - Automatic Lead Rotation Mechanical Pencil","","Japan Stationery","Lazada",3,93.18,31.06,29.08,34.70,3,2025-09-28,2026-05-17,1
"4902778292433","Refill for Mitsubishi Multi Function Jetstream Pen SXR-80-07 (0.7mm)","Blue (0.7mm)","Japan Stationery","Shopee",19,93.10,4.90,4.90,4.90,13,2025-07-03,2026-06-23,1
"4901480232874","KOKUYO Dotliner Glue Tape Knock, Stamp (refill or tape set) TA-DM480-07NB D480-07N DM480-07NP DM460-08","Stamp refill","Japan Stationery","Shopee",6,93.00,15.50,15.50,15.50,6,2025-07-03,2025-10-20,1
"6977261692302","Olight Sphere C Colorful Crystal Ball Light Stepless Dimming 360 Degree Multiple Lighting Effects 75 Lumens","Type:Sphere C","Japan Stationery","Lazada",1,92.76,92.76,92.76,92.76,1,2025-08-14,2025-08-14,1
"4903419842048","Original Lihit Lab Pen / Pencil Case - Book Type","Color:Orange | Color family:Orange","Japan Stationery","Lazada",2,92.68,46.34,43.59,49.09,2,2025-07-12,2026-05-18,1
"6975498007715","Olight imini 2 Rechargeable Mini Flashlight Instant Activation Camping Hiking Torchlight Small Portable","Color:OD Green","Elite Camp","Lazada",1,92.51,92.51,92.51,92.51,1,2026-05-21,2026-05-21,1
"4901480317496","Kokuyo Adult Campus Notebook A5 Grid Ruled 40 Sheets ノ-104S5-D ノ-4S5-D ノ-201S5N-D ノ-108S5-D ノ-8S5-D ス-T153S5-D","A5 50S Cut-off","Japan Stationery","Shopee",5,92.50,18.50,18.50,18.50,2,2025-07-29,2025-08-25,1
"4902505680762","Pilot Dr.GRIP CL PlayBorder x Neox GRAPHITE Collaboration Limited Edition Mechanical Pencil 0.3/0.5","Type:Beige 0.5","Japan Stationery","Lazada",3,92.37,30.79,27.32,35.89,3,2025-11-09,2026-04-18,1
"4901681853533","Sarasa Clip 0.5 Limited Sanrio Characters 1st Edition JJ29-SR1-BK1 JJ29-SR1-R1 JJ29-SR1-C0BL JJ29-SR1-ROR JJ29-SR1-3CA R","3 Pen Set B","Japan Stationery","Shopee",3,92.10,30.70,30.70,30.70,3,2026-02-01,2026-03-19,1
"4901480287461","Kokuyo Harinacs Staplerless Stapler Gun-Type Paper Press 10 Sheets SLN-MSH110D SLN-MSH110G SLN-MSH110LB SLN-MSH110W","Blue","Japan Stationery","Shopee",2,91.80,45.90,45.90,45.90,1,2025-08-29,2025-08-29,1
"4901681277728","Zebra DelGuard Rubber Grip Type - GR Anti-break Core Mechanical Pencil (0.5mm)","Color:Blue","Japan Stationery","Lazada",2,91.75,45.88,43.19,48.56,2,2025-11-06,2026-02-28,1
"4901991060539","Tombow Mono Graph Multi -2 Color Pen + Mechanical Pencil + Twist Eraser","Color:Gold","Japan Stationery","Lazada",3,91.74,30.58,29.36,31.99,3,2026-05-17,2026-06-10,1
"4901681823826","Mildliner Fragrance Japan Limited Edition Highlighter Pen Series Special Zebra WK7T-FR-MS0B WK7T","Cotton Scent","Japan Stationery","Shopee",10,91.60,9.16,7.90,9.70,10,2025-08-07,2026-06-25,1
"4901681657087","Zebra Sarasa Clip 3C Japan Limited Edition Relax Series Ballpoint Pen 0.4/0.5mm JJ3S5-RX-SBE JJ3S5-RX-COP JJ3S5-RX-TB","Forest Green","Japan Stationery","Shopee",4,90.80,22.70,22.70,22.70,4,2025-07-27,2026-04-11,1
"4901681849482","Zebra Sarasa Series Limited Monochrome Series Clip 3C Grand Japan Limited","Grand 0.5 White","Japan Stationery","Shopee",1,90.70,90.70,90.70,90.70,1,2026-06-28,2026-06-28,1
"4902506188380","Japan Version Pentel Graph Gear 1000 Drafting Mech Pencil PG1015 0.3 0.4 0.5 0.7 0.9mm Graphgear 1000 Limited Edition","Variation3:0.4mm","Japan Stationery","Lazada",3,90.70,30.23,26.80,34.50,3,2025-09-13,2026-04-13,1
"4006856505528","Rotring Tikky Hi-Polymer Pencil Lead (0.3 0.35 0.5 0.7 0.9 1.0 2.0 mm 2H H HB B 2B)","0.5mm B","Japan Stationery","Shopee",7,90.30,12.90,12.90,12.90,4,2025-07-14,2025-11-07,1
"4902778364734","Uni Mitsubishi Replacement Lead Refill 2.0mm ULN","HB","Japan Stationery","Shopee",7,90.30,12.90,12.90,12.90,7,2025-10-12,2026-06-01,1
"4901480317489","Kokuyo Adult Campus Notebook A5 Grid Ruled 40 Sheets ノ-104S5-D ノ-4S5-D ノ-201S5N-D ノ-108S5-D ノ-8S5-D ス-T153S5-D","B5 50S Cut-off","Japan Stationery","Shopee",4,90.00,22.50,22.50,22.50,1,2025-07-13,2025-07-13,1
"4901480349541","Kokuyo Campus Study Planner Notebook Daily Weekly Ruled B5|A5 ノ-Y80MD-G ノ-Y80MW-B","A5 Pink Daily Ruled","Japan Stationery","Shopee",6,90.00,15.00,15.00,15.00,6,2025-07-17,2026-01-06,1
"4901480339306","Kokuyo Gloo Strong, Clean, Disappearing Adhesive Glue Stick Turbo G321N-1P G322N-1P G323N-1P G301N-1P","Blue - Small 10g","Japan Stationery","Shopee",12,90.00,7.50,7.50,7.50,10,2025-08-04,2025-12-14,1
"4901480334691","Kokuyo Soft ring Notebook 5mm Grid line A5|A5|B6|A6|A7 Size 70 Sheets ス-SV407B-D ス-SV437B-D SU407B","A6 Graph","Japan Stationery","Shopee",4,90.00,22.50,22.50,22.50,4,2025-09-29,2025-12-18,1
"4901480349558","Kokuyo Campus Study Planner Notebook Daily Weekly Ruled B5|A5 ノ-Y80MD-G ノ-Y80MW-B","A5 Green Daily Ruled","Japan Stationery","Shopee",6,90.00,15.00,15.00,15.00,6,2025-10-05,2025-12-24,1
"4901480368979","Kokuyo Perpanep Notebook Tsuru Sara Zara 3mm|4mm|5mm|6mm 60 Sheets PER-MT106S3M PER-MT106WT4M PER-MS106WT4M","Tsuru Tsuru,6mm Steno","Japan Stationery","Shopee",2,90.00,45.00,45.00,45.00,1,2026-02-22,2026-02-22,1
"4901681812851","Zebra Sarasa Clip & Sarasa Grand Moomin Japan Limited Edition Gel Ballpoint Pen 0.5mm JJ29-MM-BK1","Moomin (Black)","Japan Stationery","Shopee",6,89.40,14.90,14.90,14.90,6,2025-07-06,2026-01-28,1
"4901681812875","Zebra Sarasa Clip & Sarasa Grand Moomin Japan Limited Edition Gel Ballpoint Pen 0.5mm JJ29-MM-BK1","Snufkin (Black)","Japan Stationery","Shopee",6,89.40,14.90,14.90,14.90,6,2025-07-06,2026-03-03,1
"4548626243587","Uni Kuru Toga Crayon Shin-chan Kurutoga Mechanical Pencil Mitsubishi0.5mm TK3-4769031","Pajama Balloon","Japan Stationery","Shopee",2,89.40,44.70,44.70,44.70,2,2026-01-09,2026-04-03,1
"6975498002901","Olight i3T & i3T2 Small Flashlight Dual Outpot Slim EDC Camping Hiking Torchlight Small Portable","Color:I3T 2 EOS","Japan Stationery","Lazada",1,89.21,89.21,89.21,89.21,1,2026-05-05,2026-05-05,1
"4902778198247","Mitsubishi Uni Jetstream 2 Ink Color & Mechanical Pencil (0.5mm / 0.7mm)","0.7mm Navy Blue","Japan Stationery","Shopee",3,89.10,29.70,29.70,29.70,3,2025-07-03,2025-10-30,1
"4902778198230","Mitsubishi Uni Jetstream 2 Ink Color & Mechanical Pencil (0.5mm / 0.7mm)","0.5mm Black","Japan Stationery","Shopee",3,89.10,29.70,29.70,29.70,3,2025-09-28,2026-03-21,1
"4902778272428","Uni Mitsubishi Mechanical Pencil Refill Leads 0.3/0.4/0.5/0.7/0.9 mm UL-S-0.3-25 1P","B (0.3)","Japan Stationery","Shopee",10,89.00,8.90,8.90,8.90,8,2025-10-07,2026-04-28,1
"4902505684869","Pilot Juice up Sanrio Characters Japan Limited Edition Ballpoint Pen 0.5mm LJPS5S25-MAB LJPS5S25-PCB LJPS5S25-CNB LJPS5S","Hangyodon","Japan Stationery","Shopee",5,88.50,17.70,17.70,17.70,5,2026-02-08,2026-05-16,1
"4902778319321","Uni Mitsubishi Kurutoga KS Switch Limited Edition  Mechanical Pencil 0.5mm M5KS1P.BRY M51009GG1P.AG M5KSSR1P.BHG ULSF051","Type:Ivory","Japan Stationery","Lazada",3,88.03,29.34,25.42,33.39,3,2025-11-13,2025-12-13,1
"4902778130094","Uniball Mitsubishi Uni Pure Malt Edition Jetstream 4 Color & Mechanical Pencil (Black & Wood)","Color family:Black & Wood","Japan Stationery","Lazada",1,87.71,87.71,87.71,87.71,1,2025-08-05,2025-08-05,1
"4902506963321","Pentel Art Multi 8 Mechanical Pencil Refill Leads 0.2mm CH2-A CH2-B CH2-C CH2-D CH2-E CH2-F CH2-G CH2-H CH2-K CH2-P","Fluorescent Pink","Japan Stationery","Shopee",8,87.60,10.95,10.95,10.95,4,2025-07-11,2026-04-13,2
"4901480321684","KOKUYO WIth+ Slim Pen Case Tray Box Pencil Case F-VBF170-1","Black","Japan Stationery","Shopee",1,87.50,87.50,87.50,87.50,1,2025-07-03,2025-07-03,1
"4901480321691","KOKUYO WIth+ Slim Pen Case Tray Box Pencil Case F-VBF170-1","Navy Blue","Japan Stationery","Shopee",1,87.50,87.50,87.50,87.50,1,2025-07-21,2025-07-21,1
"4901480334738","Kokuyo Soft Ring Dotted Graph Notebook A5|A5|B6|A6|A7 80 Sheets ス-SV508WT-T ス-SV538WT-T ス-SU508WT","A7 Dotted","Japan Stationery","Shopee",5,87.50,17.50,17.50,17.50,5,2025-07-25,2026-06-26,1
"4901480321691","KOKUYO WIth+ Slim Pen Case Tray Box Pencil Case F-VBF170-1","Color family:Navy Blue","Japan Stationery","Lazada",1,87.50,87.50,87.50,87.50,1,2025-07-13,2025-07-13,1
"4901681277742","Zebra DelGuard Rubber Grip Type - GR Anti-break Core Mechanical Pencil (0.5mm)","Green","Japan Stationery","Shopee",2,87.40,43.70,43.70,43.70,2,2025-07-20,2026-03-17,1
"4901681277773","Zebra DelGuard Rubber Grip Type - GR Anti-break Core Mechanical Pencil (0.5mm)","Pink","Japan Stationery","Shopee",2,87.40,43.70,43.70,43.70,2,2025-10-01,2026-04-28,1
"4901681129263","Zebra Snoopy Wakuwaku Delguard Mildliner Macky Sarasa Japan Limited Edition P-MA85-SN-WS-PU WKT7-SN-WS-MBP YYTS7-SN-WS-B","ML Baby Pink","Japan Stationery","Shopee",9,87.30,9.70,9.70,9.70,9,2026-03-24,2026-06-06,1
"4901681886623","Zebra DelGuard Basic Anti-break Core Mechanical Pencil (0.7mm) 0.7","Color:Blue (0.7mm) | Color family:Blue (0.7mm)","Japan Stationery","Lazada",4,87.20,21.80,19.71,25.24,4,2025-08-16,2026-03-14,1
"YAKI-PLATE","Accessory for Iwatani Portable Korean BBQ Yakimaru Smokeless Grill Yakiniku Stove Outdoor Butane Gas Stove Camping","Yakimaru Plate","Elite Camp","Lazada",1,87.19,87.19,87.19,87.19,1,2025-09-10,2025-09-10,1
"4902505492457","Pilot Iroshizuku Fountain Pen Ink (Mini 3-Piece Set) 15 ml INK-15-3AS","3KJ-Peacock","Japan Stationery","Shopee",1,87.00,87.00,87.00,87.00,1,2025-08-12,2025-08-12,1
"4902505492525","Pilot Iroshizuku Fountain Pen Ink (Mini 3-Piece Set) 15 ml INK-15-3AS","3SNK-Deep Sea","Japan Stationery","Shopee",1,87.00,87.00,87.00,87.00,1,2025-11-25,2025-11-25,1
"4901480331881","Kokuyo Soft Ring Notebook - Natural - Semi B5|A5 7mm Rule 80 Sheets ス-SV608A-D ス-SV608A-DB ス-SU608A","A5 Beige","Japan Stationery","Shopee",3,87.00,29.00,29.00,29.00,2,2025-11-30,2025-12-28,1
"4902505636103","Pilot Iroshizuku Fountain Pen Ink (Mini 3-Piece Set) 15 ml INK-15-3AS","3SU-Jade","Japan Stationery","Shopee",1,87.00,87.00,87.00,87.00,1,2025-12-14,2025-12-14,1
"4902505492389","Pilot Iroshizuku Fountain Pen Ink (Mini 3-Piece Set) 15 ml INK-15-3AS","3AJ-Hydrangea","Japan Stationery","Shopee",1,87.00,87.00,87.00,87.00,1,2026-02-27,2026-02-27,1
"4902505492587","Pilot Iroshizuku Fountain Pen Ink (Mini 3-Piece Set) 15 ml INK-15-3AS","3TY-Moonlit Night","Japan Stationery","Shopee",1,87.00,87.00,87.00,87.00,1,2026-03-02,2026-03-02,1
"4902778028148","Uni Kuru Toga Basic - Automatic Lead Rotation Mechanical Pencil (0.5mm)","Orange","Japan Stationery","Shopee",4,86.80,21.70,21.70,21.70,4,2025-09-09,2026-04-05,1
"4902778028162","Uni Kuru Toga Basic - Automatic Lead Rotation Mechanical Pencil (0.5mm)","Pink","Japan Stationery","Shopee",4,86.80,21.70,21.70,21.70,4,2025-11-25,2026-03-27,1
"4902778028216","Uni Kuru Toga Mechanical Pencil 0.3 mm M3-450 1P","Black","Japan Stationery","Shopee",4,86.80,21.70,21.70,21.70,4,2026-03-23,2026-06-26,1
"4902778319307","Uni Mitsubishi Kurutoga KS Switch Limited Edition  Mechanical Pencil 0.5mm M5KS1P.BRY M51009GG1P.AG M5KSSR1P.BHG ULSF051","Variation1:Misty Blue | Type:Misty Blue","Japan Stationery","Lazada",3,86.03,28.68,25.42,32.69,3,2025-11-11,2026-03-10,1
"4902778351390","Uni Mitsubishi Uniball ZENTO Basic Standard Flow Gel Pens 0.38/0.5mm UBNZS38.15 UBNZS38 UBNZS05","Std Blue 0.7","Japan Stationery","Shopee",5,86.00,17.20,17.20,17.20,4,2026-04-04,2026-06-09,1
"4902778121788","Uni Kuru Toga Uni Kurutoga Alpha Gel Automatic Lead Rotation Mechanical Pencil (0.5mm)","Color:Black | Color family:Black","Japan Stationery","Lazada",2,85.89,42.95,42.19,43.70,2,2025-08-03,2026-03-15,1
"4901681853519","Sarasa Clip 0.5 Limited Sanrio Characters 1st Edition JJ29-SR1-BK1 JJ29-SR1-R1 JJ29-SR1-C0BL JJ29-SR1-ROR JJ29-SR1-3CA R","My Melody (Pink ink)","Japan Stationery","Shopee",8,85.60,10.70,10.70,10.70,8,2025-09-23,2026-03-27,1
"4901681151257","Zebra Snoopy Wakuwaku Delguard Mildliner Macky Sarasa Japan Limited Edition P-MA85-SN-WS-PU WKT7-SN-WS-MBP YYTS7-SN-WS-B","Sarasa R Yumekawa","Japan Stationery","Shopee",8,85.60,10.70,10.70,10.70,7,2026-03-24,2026-06-27,1
"4901681151264","Zebra Snoopy Wakuwaku Delguard Mildliner Macky Sarasa Japan Limited Edition P-MA85-SN-WS-PU WKT7-SN-WS-MBP YYTS7-SN-WS-B","Sarasa R Simple","Japan Stationery","Shopee",8,85.60,10.70,10.70,10.70,5,2026-04-02,2026-05-17,1
"4901480095356","Kokuyo Campus Notebook B5 A4 A6 Environmentally Friendly Notebook 7mm 6mm Normal-Medium Lines ノ-3ANX3 ノ-4ANX3 ノ-5ANX3","30S-3sets-6mm-BLU-B5","Japan Stationery","Shopee",3,85.50,28.50,28.50,28.50,3,2026-01-17,2026-05-05,1
"4901480095318","Kokuyo Campus Notebook B5 A4 A6 Environmentally Friendly Notebook 7mm 6mm Normal-Medium Lines ノ-3ANX3 ノ-4ANX3 ノ-5ANX3","30S-3sets-7mm-PNK-B5","Japan Stationery","Shopee",3,85.50,28.50,28.50,28.50,3,2026-02-26,2026-06-29,1
"4901681576036","Zebra DelGuard Metal Grip Type-Lx Anti-break Core Mechanical Pencil (0.3mm)","Red","Japan Stationery","Shopee",2,85.40,42.70,42.70,42.70,2,2025-08-30,2026-02-04,1
"4901681576067","Zebra DelGuard Metal Grip Type-Lx Anti-break Core Mechanical Pencil (0.3mm)","White","Japan Stationery","Shopee",2,85.40,42.70,42.70,42.70,2,2025-09-22,2026-01-29,1
"4902778022160","Refill for Mitsubishi Multi Function Jetstream Pen SXR-80-07 (0.7mm)","Black (0.7mm) | Black","Japan Stationery","Shopee",16,85.00,5.31,4.90,6.00,8,2025-09-14,2026-01-26,2
"4902778326138","Uni Kurutoga KS & Switch & Replacement Lead 25-02 Limited Edition M3KS1P.WPC M5KS1P.CCM M5KS1P.MCA M5KS1P.SBM","0.5 Choco Mint","Japan Stationery","Shopee",3,84.60,28.20,28.20,28.20,3,2025-07-01,2025-07-16,1
"4902778352687","Uni-ball Kuru toga KS & Switch & refill Cosmetics 2026 Japan Limited Edition Kurutoga M3KS1P.BRG M3KS1P.GLP M5KS1P.BRG","0.5 KS Shadow Green","Japan Stationery","Shopee",3,84.60,28.20,28.20,28.20,3,2026-04-12,2026-06-04,1
"4902778352717","Uni-ball Kuru toga KS & Switch & refill Cosmetics 2026 Japan Limited Edition Kurutoga M3KS1P.BRG M3KS1P.GLP M5KS1P.BRG","0.5 KS Brown Gray","Japan Stationery","Shopee",3,84.60,28.20,28.20,28.20,3,2026-04-20,2026-05-21,1
"4901480369464","Kokuyo Campus Notebook - Semi B5 - 5 mm Graph / 10 mm Square - Pack of 4 Animals ノ-30AS10-5X4","4-Packs Animal Print","Japan Stationery","Shopee",2,84.00,42.00,42.00,42.00,2,2025-09-02,2025-10-21,1
"4901480298917","Kokuyo Karu Easy Cut Tape Dispenser Handy Type Small Large T-SM200D T-SM200W T-SM300LB T-SM300P T-SM300W","White Small","Japan Stationery","Shopee",3,84.00,28.00,28.00,28.00,3,2026-03-22,2026-06-05,1
"4901681577835","Zebra DelGuard Metal Grip Type-Lx Anti-break Core Mechanical Pencil (0.5mm)","Red","Japan Stationery","Shopee",3,83.70,27.90,27.90,27.90,1,2025-10-02,2025-10-02,1
"4901681392759","Limited Edition Zebra Blen 3C Snoopy Multi-pen 0.5mm","Blue","Japan Stationery","Shopee",3,83.70,27.90,27.90,27.90,3,2025-10-30,2026-06-24,1
"4902506406941","Japan Pentel Ain Mechanical Pencil Lead 0.2/0.3/0.4/0.5/0.7/0.9/1.3 mm","0.7 HB","Japan Stationery","Shopee",6,83.40,13.90,11.90,15.90,6,2025-07-09,2026-04-24,1
"4902506406903","Japan Pentel Ain Mechanical Pencil Lead 0.2/0.3/0.4/0.5/0.7/0.9/1.3 mm","0.7 B","Japan Stationery","Shopee",7,83.30,11.90,11.90,11.90,6,2025-07-03,2026-05-13,1
"4902778225622","Uni NanoDia Color Erasable Lead 0.7 mm U07202NDC","Lavender","Japan Stationery","Shopee",7,83.30,11.90,11.90,11.90,7,2025-12-12,2026-05-22,1
"4902778302361","New Kuru Toga KS Uni Japan Mechanical Pencil Lead Self-rotating M3/5-KS Upgraded Version 0.3mm/0.5mm","0.3 Ice Blue","Japan Stationery","Shopee",3,83.10,27.70,27.70,27.70,3,2025-08-31,2026-04-27,1
"4901991063486","Tombow Sharp Mechanical Pencil Monowork Monograph Work 1.3mm Exam Ideas 869S Set DPB-151A DPB-161 PCB-251 ECJ-121","ー, Pink","Japan Stationery","Shopee",3,83.10,27.70,27.70,27.70,3,2025-09-05,2026-05-14,1
"4902778302347","New Kuru Toga KS Uni Japan Mechanical Pencil Lead Self-rotating M3/5-KS Upgraded Version 0.3mm/0.5mm","0.3 Light Gray","Japan Stationery","Shopee",3,83.10,27.70,27.70,27.70,2,2025-10-13,2026-04-01,1
"4901991063479","Tombow Sharp Mechanical Pencil Monowork Monograph Work 1.3mm Exam Ideas 869S Set DPB-151A DPB-161 PCB-251 ECJ-121","ー, Green","Japan Stationery","Shopee",3,83.10,27.70,27.70,27.70,3,2025-10-23,2026-05-18,1
"4902505686450","Pilot S3 Mechanical Pencil Neox Graphite Mini Japan Limited Edition HPS-30R-TMNL3 HPS-30R-TBE3 HPS-30R-TBE4 HPS-30R-TAL4","Trans Mid Blue 0.3","Japan Stationery","Shopee",4,82.80,20.70,20.70,20.70,4,2025-08-29,2026-04-21,1
"4902778320464","Uni Mitsubishi Uni-ball One F Japan Limited Edition Ballpoint Pen 0.38/0.5mm UMNSFCC38.CP UMNSFCC38.CBR UMNSFCC05.PG","Pale Green 0.38","Japan Stationery","Shopee",4,82.80,20.70,20.70,20.70,4,2025-10-04,2026-02-15,1
"4901681579839","Zebra DelGuard Original Anti-break Core Mechanical Pencil Basic (0.3mm) Japan Premium Student Gift","Luminous Purple","Japan Stationery","Shopee",4,82.80,20.70,20.70,20.70,4,2025-10-15,2026-04-15,1
"4902505680564","Pilot Juice Neon Color Series B Kumi Limited Edition Gel Ink Ballpoint Pen 0.5mm LJU-15-6CN 3CNA -3CNB","3 Color B","Japan Stationery","Shopee",4,82.80,20.70,20.70,20.70,4,2026-01-04,2026-03-16,1
"4901480319643","KOKUYO Campus Notebook Color Cover with Dots, Ruled Width 7mm ノ-3CAT-B ノ-203CATN-B ノ-3CBT-B","Blue|A4|30S|7mm","Japan Stationery","Shopee",5,82.50,16.50,16.50,16.50,5,2025-08-04,2026-05-31,1
"4901480319667","KOKUYO Campus Notebook Color Cover with Dots, Ruled Width 7mm ノ-3CAT-B ノ-203CATN-B ノ-3CBT-B","Pink|A4|30S|7mm","Japan Stationery","Shopee",5,82.50,16.50,16.50,16.50,4,2025-08-04,2026-05-31,1
"4901480317502","Kokuyo Adult Campus Notebook A5 Grid Ruled 40 Sheets ノ-104S5-D ノ-4S5-D ノ-201S5N-D ノ-108S5-D ノ-8S5-D ス-T153S5-D","A4 40S Cut-off","Japan Stationery","Shopee",3,82.50,27.50,27.50,27.50,3,2025-11-22,2026-05-14,1
"4901480330693","Kokuyo Shellbro Pen Case, Shell-shaped Structure Big Capacity Pencil Case F-VBF190-1","Navy x Blue","Japan Stationery","Shopee",1,82.50,82.50,82.50,82.50,1,2026-04-22,2026-04-22,1
"4902778144831","Uni Mitsubishi Field Architectural  Mechanical Pencil Refill 2.0mm M20-700 1P","Red Refill","Japan Stationery","Shopee",6,82.20,13.70,13.70,13.70,6,2025-07-25,2026-05-12,1
"YAKI-PLATE","Accessory for Iwatani Portable Korean BBQ Yakimaru Smokeless Grill Yakiniku Stove Outdoor Butane Gas Stove Camping","Yakimaru Plate","Elite Camp","Shopee",1,82.00,82.00,82.00,82.00,1,2025-12-07,2025-12-07,1
"4901681143429","Zebra Moomin Blen 0.5 / Bren 4+S 0.5 Japan Limited multipen BAS88-MM-BGR BAS88-MM-CE BAS88-MM-COP BAS88-MM-W","Mint Green","Japan Stationery","Shopee",1,81.70,81.70,81.70,81.70,1,2026-06-07,2026-06-07,1
"4902778121801","Uni Kuru Toga Uni Kurutoga Alpha Gel Automatic Lead Rotation Mechanical Pencil (0.5mm)","Color family:Lavender","Japan Stationery","Lazada",2,81.63,40.81,38.37,43.26,2,2025-09-03,2025-09-20,1
"4902778199497","Uni Kuru Toga Pipe Slide Automatic Lead Rotation Mechanical Pencil 0.5mm","Color:Blue | Color family:Blue","Japan Stationery","Lazada",4,81.59,20.40,17.50,24.89,4,2025-07-23,2026-03-28,1
"4902505684043","Pilot Japan Limited Edition Frixion Zones x Lunettes Rondes CSLFBKZLUH-BBN CSLFBKZLUL-CGY CSLFBKZLUH-BR CSLFBKZLUL-CLB","Clear Violet","Japan Stationery","Shopee",2,81.40,40.70,40.70,40.70,2,2025-07-24,2025-07-24,1
"4902778343883","Uni Disney Japan Limited Edition Jetstream 4&1 Jet Stream or Type 807 MSXE516D5PMBC SXE3807D05CG MSXE516D5PMBM","807 Ice Blue","Japan Stationery","Shopee",2,81.40,40.70,40.70,40.70,2,2025-10-14,2026-03-23,1
"4902778343869","Uni Disney Japan Limited Edition Jetstream 4&1 Jet Stream or Type 807 MSXE516D5PMBC SXE3807D05CG MSXE516D5PMBM","807 White Light Pink","Japan Stationery","Shopee",2,81.40,40.70,40.70,40.70,2,2025-10-14,2026-06-25,1
"4901681882182","Zebra Delguard Type GR 0.5 Limited Relaxation Color Japan Limited Edition P-MA93-RE-CAG P-MA93-RE-TPU P-MA93-RE-RGR","Candle White","Japan Stationery","Shopee",2,81.40,40.70,40.70,40.70,2,2026-03-03,2026-05-15,1
"4902505661754","Limited Edition Pilot Frixion Ball3 Slim Tri-color Pen Erasable 0.38mm","Goldfish 3pcs Set","Japan Stationery","Shopee",3,81.00,27.00,27.00,27.00,3,2025-08-07,2026-01-03,1
"4902778319796","Uni Mitsubishi Jetstream x Peanut Limited Edition 4&1 Single  Ballpoint Pen 0.5mm Snoopy","S Green","Japan Stationery","Shopee",1,80.70,80.70,80.70,80.70,1,2025-11-25,2025-11-25,1
"4901480319643","KOKUYO Campus Notebook Color Cover with Dots, Ruled Width 7mm ノ-3CAT-B ノ-203CATN-B ノ-3CBT-B","paper_size:Blue-A4-30S-7mm | Variation1:Blue-A4-30S-7mm","Japan Stationery","Lazada",5,80.69,16.14,13.90,17.15,3,2025-08-11,2026-06-29,1
"4901480319650","KOKUYO Campus Notebook Color Cover with Dots, Ruled Width 7mm ノ-3CAT-B ノ-203CATN-B ノ-3CBT-B","paper_size:Green-A4-30S-7mm | Variation1:Green-A4-30S-7mm","Japan Stationery","Lazada",5,80.68,16.14,13.91,17.16,3,2025-08-11,2026-06-29,1
"4901480364698","KOKUYO Enpitsu Sharp Mechanical Pencil Lead - HB / B / 2B ( 0.3 / 0.5 / 0.7 / 0.9 / 1.3 mm ) PSR-2B03-1P PSR-B03-1P","0.3mm 2B (15pcs)","Japan Stationery","Shopee",7,80.50,11.50,11.50,11.50,3,2025-09-29,2026-03-05,1
"4901681886449","Zebra DelGuard Original Anti-break Core Mechanical Pencil Basic (0.5mm)","Colour:Light Blue | Color family:Light Blue","Japan Stationery","Lazada",4,80.48,20.12,19.99,20.49,2,2025-08-09,2026-04-06,2
"4901681648177","Zebra DelGuard Checked Edition Anti-break Core Mechanical Pencil (0.5mm)","Checked Red","Japan Stationery","Shopee",3,80.10,26.70,26.70,26.70,3,2025-08-23,2026-02-01,1
"4901681886470","Zebra DelGuard Honeycomb Edition Anti-break Core Mechanical Pencil (0.5mm)","Honeycomb Grey","Japan Stationery","Shopee",3,80.10,26.70,26.70,26.70,3,2025-10-03,2025-12-14,1
"4901881293085","Sakura Food Grade Non Toxic Baby Water Soluble Pastel Crayons - Washable  Toddler Children Kids Crayon","16pcs Box","Japan Stationery","Shopee",1,79.90,79.90,79.90,79.90,1,2025-12-25,2025-12-25,1
"4901480278087","Kokuyo Resare Eraser Color Student Art Eraser Convenient Foam Eraser Powerful Clean ケシ90N","Black","Japan Stationery","Shopee",11,79.75,7.25,7.25,7.25,7,2025-07-03,2025-10-28,1
"4902778272442","Uni Mitsubishi Mechanical Pencil Refill Leads 0.3/0.4/0.5/0.7/0.9 mm UL-S-0.3-25 1P","Type:HB (0.5)","Japan Stationery","Lazada",9,79.53,8.84,3.62,10.84,6,2025-09-05,2026-06-26,1
"4901770686516","Metacil Non sharpening Metal Pencil (Metal Body) for Artist Drawing, Sketching SUN-STAR Stylish Japan premium","Black","Japan Stationery","Shopee",2,79.40,39.70,39.70,39.70,2,2025-07-05,2025-07-06,1
"4901770709697","Metacil Non sharpening Metal Pencil (Metal Body) for Artist Drawing, Sketching SUN-STAR Stylish Japan premium","Metallic Grey","Japan Stationery","Shopee",2,79.40,39.70,39.70,39.70,2,2025-07-10,2025-08-23,1
"4902778131114","Mitsubishi Uni Jetstream 4 Color (0.5mm/0.7mm) & Mechanical Pencil (0.5mm) Limited Edition Multi","Green","Japan Stationery","Shopee",2,79.40,39.70,39.70,39.70,2,2025-08-12,2026-01-01,1
"4977564544867","Plus Needle Free Stapler - Needleless Paper Clinch","White","Japan Stationery","Shopee",2,79.40,39.70,39.70,39.70,2,2025-08-13,2026-06-28,1
"4902506371713","Pentel Orenz Metal Grip Drafting Mechanical Pencil 0.2mm 0.3mm","0.3mm Black","Japan Stationery","Shopee",2,79.40,39.70,39.70,39.70,2,2025-08-16,2026-06-27,1
"4902778043394","Mitsubishi Uni Jetstream 4 Color (0.5mm/0.7mm) & Mechanical Pencil (0.5mm) Limited Edition Multi","White","Japan Stationery","Shopee",2,79.40,39.70,39.70,39.70,2,2025-08-27,2025-12-03,1
"4902778001110","Mitsubishi Uni Alpha-Gel Shaka Soft Mechanical Pencil 0.5mm M5-619GG 1P","Black-B","Japan Stationery","Shopee",2,79.40,39.70,39.70,39.70,2,2025-12-01,2025-12-07,1
"4902778247464","Mitsubishi Uni Alpha-Gel Shaka Soft Mechanical Pencil 0.5mm M5-619GG 1P","White-A","Japan Stationery","Shopee",2,79.40,39.70,39.70,39.70,1,2026-06-06,2026-06-06,1
"4902778247471","Mitsubishi Uni Alpha-Gel Shaka Soft Mechanical Pencil 0.5mm M5-619GG 1P","Navy","Japan Stationery","Shopee",2,79.40,39.70,39.70,39.70,2,2026-06-06,2026-06-22,1
"4902778230749","Refill for Uni-Ball Erasable Ballpoint Pen RE & RE3 Thermal Erase Ink Mitsubishi RE-3 URR-103-05","Blue","Japan Stationery","Shopee",10,79.00,7.90,7.90,7.90,8,2025-07-17,2026-05-05,1
"4903419336615","Original Lihit Lab Pen / Pencil Case - Flat type New release Wide Thin A7652-6 A7653-24","Thin,Black","Japan Stationery","Shopee",1,79.00,79.00,79.00,79.00,1,2026-05-24,2026-05-24,1
"4901480345109","Kokuyo Gloo Repositionable Adhesive Glue Tape Set Refill TA-GM410-07 GM400-08 G410-07 G400-08 GM411","Repositionable,Refill Medium","Japan Stationery","Shopee",4,78.80,19.70,19.70,19.70,3,2025-07-17,2026-01-30,1
"4901480345192","Kokuyo Gloo Repositionable Adhesive Glue Tape Set Refill TA-GM410-07 GM400-08 G410-07 G400-08 GM411","Repositionable,Small","Japan Stationery","Shopee",4,78.80,19.70,19.70,19.70,3,2025-07-21,2025-09-25,1
"4977564607593","Plus Deco Rush Wide Type Limited Edition Neko Rush 91559 91560 91561 91562 91563 91564 91565","Kuroneko","Japan Stationery","Shopee",4,78.80,19.70,19.70,19.70,4,2026-04-06,2026-06-18,1
"4977564607586","Plus Deco Rush Wide Type Limited Edition Neko Rush 91559 91560 91561 91562 91563 91564 91565","Exotic short hair","Japan Stationery","Shopee",4,78.80,19.70,19.70,19.70,4,2026-05-15,2026-05-23,1
"6972378120779","Olight i1R 2 Rechargeable Keychain Flashlight i1R2 Pro imorse Instant Camping Hiking Torchlight Small Portable Mini","Color:i1R 2 Eos - Black","Japan Stationery","Lazada",1,78.38,78.38,78.38,78.38,1,2025-12-13,2025-12-13,1
"4901681886418","Zebra DelGuard Original Anti-break Core Mechanical Pencil Basic (0.5mm)","Colour:Black","Japan Stationery","Lazada",4,78.05,19.51,19.04,20.49,4,2025-12-23,2026-05-14,1
"4902778322215","Uni Mitsubishi Uniball ZENTO Gel Pen Refill 0.38/0.5mm UBRZ38.15 UBRZ38.24 UBRZ38 UBRZ05 UBRZ05.24","Refill Blue 0.38","Japan Stationery","Shopee",8,77.60,9.70,9.70,9.70,6,2025-07-28,2026-05-13,1
"4901480323312","KOKUYO Stand Pen Tool Neo Critz Large Size Pencil Case F-VBF180-1 F-VBF181-1","Green x Navy","Japan Stationery","Shopee",1,77.50,77.50,77.50,77.50,1,2026-01-26,2026-01-26,1
"4901480095479","Kokuyo Campus Notebook B5 A4 A6 Environmentally Friendly Notebook 7mm 6mm Normal-Medium Lines ノ-3ANX3 ノ-4ANX3 ノ-5ANX3","50S-5sets-7mm-PNK-B5","Japan Stationery","Shopee",1,77.50,77.50,77.50,77.50,1,2026-05-15,2026-05-15,1
"6975498001423","Olight i3E EOS LED Keychain Mono Output Flashlight Torchlight Camping Hiking Compact Torch Flash","Regal Blue","Elite Camp","Shopee",2,77.40,38.70,38.70,38.70,2,2025-07-04,2025-08-31,1
"6975498007555","Olight i3E EOS LED Keychain Mono Output Flashlight Torchlight Camping Hiking Compact Torch Flash","Olight Blue","Japan Stationery","Shopee",2,77.40,38.70,38.70,38.70,2,2025-07-22,2025-10-05,1
"4902778364741","Uni Mitsubishi Replacement Lead Refill 2.0mm ULN","B","Japan Stationery","Shopee",6,77.40,12.90,12.90,12.90,6,2025-08-17,2026-02-24,1
"4006856505535","Rotring Tikky Hi-Polymer Pencil Lead (0.3 0.35 0.5 0.7 0.9 1.0 2.0 mm 2H H HB B 2B)","0.5mm HB","Japan Stationery","Shopee",6,77.40,12.90,12.90,12.90,6,2025-10-03,2026-05-19,1
"4902778363942","Uni Mitsubishi Mechanical Pencil Lead Holder 2.0mm MH500","3B","Japan Stationery","Shopee",3,77.10,25.70,25.70,25.70,3,2025-07-28,2026-06-14,1
"4901681852437","Zebra bLen Multi 3C/2+S 0.5 Snoopy 2nd Edition 3 color / 2 color+mechanical pencil B3AS88-SN2-COP SNC-0.5S B3AS88-SN2-LG","3C Black","Japan Stationery","Shopee",3,77.10,25.70,25.70,25.70,3,2025-11-16,2026-06-26,1
"4902778363881","Uni Mitsubishi Mechanical Pencil Lead Holder 2.0mm MH500","2H","Japan Stationery","Shopee",3,77.10,25.70,25.70,25.70,3,2026-01-11,2026-03-26,1
"4902778363867","Uni Mitsubishi Mechanical Pencil Lead Holder 2.0mm MH500","4H","Japan Stationery","Shopee",3,77.10,25.70,25.70,25.70,3,2026-01-13,2026-06-14,1
"4902778363904","Uni Mitsubishi Mechanical Pencil Lead Holder 2.0mm MH500","F","Japan Stationery","Shopee",3,77.10,25.70,25.70,25.70,3,2026-01-13,2026-05-23,1
"4901681574025","Zebra Delguard Soft Pastel Japan Limited Edition 0.5mm P-MA85-SP-K-SFG P-MA85-SP-K-SFBL P-MA85-SP-K-SFGR","Soft Blue","Japan Stationery","Shopee",3,77.10,25.70,25.70,25.70,3,2026-04-30,2026-05-27,1
"4977564819958","Plus Decoration Roller Stamp Limited Edition Neko Roll 40236 40237 40238 40239","11mm Kao Black","Japan Stationery","Shopee",3,77.10,25.70,25.70,25.70,2,2026-05-02,2026-05-19,1
"4902506172952","Japan Version Pentel Graph Gear 500 Drafting Mech Pencil 0.3 0.4 0.5 0.7 0.9mm PG513 PG514 PG515 PG517 PG519","Size:0.7mm","Japan Stationery","Lazada",3,76.77,25.59,24.41,27.59,3,2025-09-14,2025-12-22,1
"4902778351031","Uni Kurutoga KS Sanrio Japan Limited Edition Cinnamon Roll Pochacco Pompompurin Cinnamoroll M3KSSR1P.CCI M3KSSR1P.CPMB","CPM Blue 0.5mm","Japan Stationery","Shopee",2,76.40,38.20,38.20,38.20,2,2026-02-10,2026-05-06,1
"4902778350997","Uni Kurutoga KS Sanrio Japan Limited Edition Cinnamon Roll Pochacco Pompompurin Cinnamoroll M3KSSR1P.CCI M3KSSR1P.CPMB","CP Yellow 0.5mm","Japan Stationery","Shopee",2,76.40,38.20,38.20,38.20,2,2026-02-15,2026-05-05,1
"4902778211625","Uni-ball R:E Erasable Multi Color Gel Pen - 0.5 mm - 8 Color Set RE","8pcs pack","Japan Stationery","Shopee",1,75.90,75.90,75.90,75.90,1,2026-04-11,2026-04-11,1
"4902506428004","Pentel Orenz Metal Grip Green Japan Limited Edition 0.5mm Mechanical Penciln XPP1505G2-L1 XC285HB-3P XZEAC065","Turquoise Green","Japan Stationery","Shopee",1,75.70,75.70,75.70,75.70,1,2025-07-18,2025-07-18,1
"4902506428028","Pentel Orenz Metal Grip Green Japan Limited Edition 0.5mm Mechanical Penciln XPP1505G2-L1 XC285HB-3P XZEAC065","Khaki Green","Japan Stationery","Shopee",1,75.70,75.70,75.70,75.70,1,2025-09-14,2025-09-14,1
"4902505680243","Pilot KAKUNO Drowsy Color Kumi Madoromi Color Series Fountain Pen Fine/Medium P-FKA-1-MDPF -MDPM -MDIF -MDIM -MDBNF","P-FKA-1-MDPF","Japan Stationery","Shopee",1,75.70,75.70,75.70,75.70,1,2025-11-07,2025-11-07,1
"4902505680298","Pilot KAKUNO Drowsy Color Kumi Madoromi Color Series Fountain Pen Fine/Medium P-FKA-1-MDPF -MDPM -MDIF -MDIM -MDBNF","Drowsy Brown (Medium","Japan Stationery","Shopee",1,75.70,75.70,75.70,75.70,1,2025-12-18,2025-12-18,1
"4902505680311","Pilot KAKUNO Drowsy Color Kumi Madoromi Color Series Fountain Pen Fine/Medium P-FKA-1-MDPF -MDPM -MDIF -MDIM -MDBNF","Drowsy Blue (Medium)","Japan Stationery","Shopee",1,75.70,75.70,75.70,75.70,1,2025-12-22,2025-12-22,1
"4901681698028","Delguard Type Lx0.5 City Color Japan Limited Edition Series P-MA86-CC-DOR P-MA86-CC-CGR P-MA86-CC-FW P-MA86-CC-MNV","Cloud Gray","Japan Stationery","Shopee",1,75.70,75.70,75.70,75.70,1,2026-01-03,2026-01-03,1
"4901681698035","Delguard Type Lx0.5 City Color Japan Limited Edition Series P-MA86-CC-DOR P-MA86-CC-CGR P-MA86-CC-FW P-MA86-CC-MNV","Fog White","Japan Stationery","Shopee",1,75.70,75.70,75.70,75.70,1,2026-01-03,2026-01-03,1
"4902505680335","Pilot KAKUNO Drowsy Color Kumi Madoromi Color Series Fountain Pen Fine/Medium P-FKA-1-MDPF -MDPM -MDIF -MDIM -MDBNF","Drowsy Light Blue (M","Japan Stationery","Shopee",1,75.70,75.70,75.70,75.70,1,2026-05-27,2026-05-27,1
"4901681143542","Zebra Sarasa Grand Business Edition 0.5mm P-JJ57-AE P-JJ57-CHGR P-JJ57-CDGR P-JJ57-DBL","Cloud gray","Japan Stationery","Shopee",1,75.70,75.70,75.70,75.70,1,2026-06-11,2026-06-11,1
"4902778972090","Uni Mitsubishi Hi-Uni GRCT Mechanical Pencil Refill Leads 0.3/0.5 mm HU033002H HU03300H HU03300HB HU03300B","HB (0.3)","Japan Stationery","Shopee",4,75.60,18.90,18.90,18.90,4,2025-07-06,2026-06-10,1
"4902778972076","Uni Mitsubishi Hi-Uni GRCT Mechanical Pencil Refill Leads 0.3/0.5 mm HU033002H HU03300H HU03300HB HU03300B","2H (0.3)","Japan Stationery","Shopee",4,75.60,18.90,18.90,18.90,4,2025-08-07,2026-06-30,1
"4902506407153","Japan Pentel Ain Mechanical Pencil Lead 0.2/0.3/0.4/0.5/0.7/0.9/1.3 mm","1.3 2B","Japan Stationery","Shopee",6,75.40,12.57,11.90,15.90,5,2025-09-29,2026-06-24,1
"4901681570225","Zebra DelGuard ER Anti-break Core Mechanical Pencil (0.5mm) - Eraser Edition","Blue","Japan Stationery","Shopee",2,75.40,37.70,37.70,37.70,2,2026-02-03,2026-04-22,1
"4901480349527","Kokuyo Campus Study Planner Notebook Daily Weekly Ruled B5|A5 ノ-Y80MD-G ノ-Y80MW-B","A5 Pink Weekly Ruled","Japan Stationery","Shopee",5,75.00,15.00,15.00,15.00,4,2025-07-16,2025-10-04,1
"4901480349510","Kokuyo Campus Study Planner Notebook Daily Weekly Ruled B5|A5 ノ-Y80MD-G ノ-Y80MW-B","A5 Blue Weekly Ruled","Japan Stationery","Shopee",5,75.00,15.00,15.00,15.00,4,2025-07-28,2025-10-15,1
"4901480364551","Kokuyo Campus Study Study Planner 2 Weeks A5 B5 ノ-Y80LT-DB ノ-Y82LT-DB","A5 Purple","Japan Stationery","Shopee",5,75.00,15.00,15.00,15.00,5,2025-08-14,2026-03-07,1
"6975498001881","Olight Oknife Otacle C1 Credit Card Multitool","Black","Japan Stationery","Shopee",3,75.00,25.00,19.00,28.00,3,2025-09-21,2026-05-06,1
"4901681853151","Sarasa Clip 0.5 Limited Sanrio Characters 1st Edition JJ29-SR1-BK1 JJ29-SR1-R1 JJ29-SR1-C0BL JJ29-SR1-ROR JJ29-SR1-3CA R","Tuxedosam Cobalt Blu","Japan Stationery","Shopee",7,74.90,10.70,10.70,10.70,7,2025-11-11,2026-05-18,1
"4901681151219","Zebra Snoopy Wakuwaku Delguard Mildliner Macky Sarasa Japan Limited Edition P-MA85-SN-WS-PU WKT7-SN-WS-MBP YYTS7-SN-WS-B","Sarasa B Comic","Japan Stationery","Shopee",7,74.90,10.70,10.70,10.70,7,2026-03-25,2026-06-26,1
"4901681812882","Zebra Sarasa Clip & Sarasa Grand Moomin Japan Limited Edition Gel Ballpoint Pen 0.5mm JJ29-MM-BK1","Little My (Black)","Japan Stationery","Shopee",5,74.50,14.90,14.90,14.90,5,2025-09-14,2026-06-11,1
"4902778013328","Uni Mitsubishi Pencil Pocket Sharpener 2.0mm DPS6001P","Type:Sharpener","Japan Stationery","Lazada",3,74.50,24.83,23.57,25.64,3,2025-08-08,2025-12-09,1
"4901480326771","Kokuyo Hasa-P280 Saxa Glueless 4x Sharp Scissors with Safety Cap HASA-P280B P280G P280R P280W P280Y","White","Japan Stationery","Shopee",3,74.10,24.70,24.70,24.70,3,2025-08-15,2026-06-19,1
"4901480326702","Kokuyo Hasa-P280 Saxa Glueless 4x Sharp Scissors with Safety Cap HASA-P280B P280G P280R P280W P280Y","Blue","Japan Stationery","Shopee",3,74.10,24.70,24.70,24.70,3,2025-08-18,2026-05-16,1
"4901991066623","Tombow Mono Limited Shimmer Edition 958S DPB-142A DPB-142B DPB-142C DPB-142D DPB-142E CT-PAX5C209L CT-PAX5C409L","Pencil Monograph,Lilac","Japan Stationery","Shopee",3,74.10,24.70,24.70,24.70,3,2026-01-05,2026-04-06,1
"4902506323637","Pentel Art Multi 8 Mechanical Pencil Refill Leads 0.2mm CH2-A CH2-B CH2-C CH2-D CH2-E CH2-F CH2-G CH2-H CH2-K CH2-P","HB","Japan Stationery","Shopee",9,73.80,8.20,8.20,8.20,6,2025-07-11,2026-06-25,2
"4902778313954","Uni Jetstream Prime 2025 Japan Limited Edition Refill SXRL8005.15 SXRL8005.24 SXRL8005.33","Black","Japan Stationery","Shopee",11,73.70,6.70,6.70,6.70,5,2025-10-13,2026-05-28,1
"4902778319802","Uni Mitsubishi Jetstream x Peanut Limited Edition 4&1 Single  Ballpoint Pen 0.5mm Snoopy","Type:S Mocha Brown","Japan Stationery","Lazada",1,73.43,73.43,73.43,73.43,1,2025-12-11,2025-12-11,1
"4902778246832","Mitsubishi Uni Jetstream Slim Compact 3 Color (0.38mm / 0.5mm)","White","Japan Stationery","Shopee",2,73.40,36.70,36.70,36.70,2,2026-04-13,2026-05-09,1
"4901480287485","Kokuyo Harinacs Staplerless Stapler Gun-Type Paper Press 10 Sheets SLN-MSH110D SLN-MSH110G SLN-MSH110LB SLN-MSH110W","Color:White","Japan Stationery","Lazada",2,73.25,36.63,32.35,40.90,2,2025-08-19,2025-08-28,1
"4902506337184","Pentel Smash Drafting Mechanical Pencil - 0.5 mm","Color:Gun Metallic","Japan Stationery","Lazada",1,73.09,73.09,73.09,73.09,1,2026-02-09,2026-02-09,1
"4901480335346","Kokuyo Campus notebook Notebook Document Storage Cover A4|B5|A5 ノ-611AN-TM ノ-612B-D ノ-613B-D ノ-615B-D","A4-A4 Smoke Gray","Japan Stationery","Shopee",1,73.00,73.00,73.00,73.00,1,2026-01-01,2026-01-01,1
"4901480396781","Kokuyo Harinacs Latest Color Staplerless Top Press Type Stapler Paper Press","Blue-green","Japan Stationery","Shopee",1,72.90,72.90,72.90,72.90,1,2026-05-10,2026-05-10,1
"4901480396767","Kokuyo Harinacs Latest Color Staplerless Top Press Type Stapler Paper Press","Pale white","Japan Stationery","Shopee",1,72.90,72.90,72.90,72.90,1,2026-06-14,2026-06-14,1
"4903419832759","Original Lihit Lab Pen / Pencil Case - Book Type XL (Double)","Color:Black","Japan Stationery","Lazada",1,72.84,72.84,72.84,72.84,1,2026-02-28,2026-02-28,1
"4901681731862","Zebra DelGuard (0.5mm) +2 ink Color (0.7 mm)   - Emulsion Ink Multi Pen Mechanical Pencil+2C","White","Japan Stationery","Shopee",1,72.70,72.70,72.70,72.70,1,2025-08-02,2025-08-02,1
"4902778352854","Uni-ball One 3 Retractable 3 Color Ballpoint Pen UME3SR38.21 UME3SR38.52 UME3SR05.8 UME3SR05.20","0.5mm Record Black","Japan Stationery","Shopee",1,72.70,72.70,72.70,72.70,1,2026-06-13,2026-06-13,1
"4901480306445","Kokuyo Resare Eraser Color Student Art Eraser Convenient Foam Eraser Powerful Clean ケシ90N","Purple","Japan Stationery","Shopee",10,72.50,7.25,7.25,7.25,8,2025-07-03,2026-05-07,1
"4901480306452","Kokuyo Resare Eraser Color Student Art Eraser Convenient Foam Eraser Powerful Clean ケシ90N","Light Green","Japan Stationery","Shopee",10,72.50,7.25,7.25,7.25,9,2025-08-12,2026-05-12,1
"4901480317755","Kokuyo Pencil Case Neocritz Flat F-VBF160-1 F-VBF160-2 F-VBF160-3 F-VBF160-4","Navy Blue","Japan Stationery","Shopee",1,72.50,72.50,72.50,72.50,1,2025-10-27,2025-10-27,1
"4901480317762","Kokuyo Pencil Case Neocritz Flat F-VBF160-1 F-VBF160-2 F-VBF160-3 F-VBF160-4","Pink","Japan Stationery","Shopee",1,72.50,72.50,72.50,72.50,1,2026-03-31,2026-03-31,1
"4901480323329","KOKUYO Stand Pen Tool Neo Critz Large Size Pencil Case F-VBF180-1 F-VBF181-1","Black x Black","Japan Stationery","Shopee",1,72.50,72.50,72.50,72.50,1,2026-05-01,2026-05-01,1
"6977261692272","Olight imini 2 Rechargeable Mini Flashlight Instant Activation Camping Hiking Torchlight Small Portable","Color:Dream Blue","Elite Camp","Lazada",1,72.30,72.30,72.30,72.30,1,2025-12-22,2025-12-22,1
"4971516011919","Ohto Wooden Mechanical Pencil Lead Holder - 2.0 mm","Color:Black","Japan Stationery","Lazada",2,72.25,36.13,33.36,38.89,2,2026-03-20,2026-03-27,1
"4902505374753","Pilot Iroshizuku Fountain Pen Ink 50 ml INK-50-AS","Type:SY-Shoro Mushroom","Japan Stationery","Lazada",1,72.07,72.07,72.07,72.07,1,2025-10-04,2025-10-04,1
"4901991636000","Refill for Tombow Airpress Pressurized Ballpoint Pen - 0.7 mm","Blue","Japan Stationery","Shopee",6,72.00,12.00,12.00,12.00,5,2025-09-14,2026-02-15,1
"4902778185735","Uni NanoDia Color Erasable Lead 0.7 mm U07202NDC","Blue","Japan Stationery","Shopee",6,71.40,11.90,11.90,11.90,5,2025-07-11,2026-04-13,1
"4902506406637","Japan Pentel Ain Mechanical Pencil Lead 0.2/0.3/0.4/0.5/0.7/0.9/1.3 mm","0.5 2H","Japan Stationery","Shopee",6,71.40,11.90,11.90,11.90,5,2025-08-09,2026-05-11,1
"4902506406507","Japan Pentel Ain Mechanical Pencil Lead 0.2/0.3/0.4/0.5/0.7/0.9/1.3 mm","0.4 HB","Japan Stationery","Shopee",6,71.40,11.90,11.90,11.90,5,2025-08-15,2026-06-18,1
"4902778225585","Uni NanoDia Color Erasable Lead 0.7 mm U07202NDC","Orange","Japan Stationery","Shopee",6,71.40,11.90,11.90,11.90,5,2025-09-22,2026-05-22,1
"4902778131169","2025 New Uni-ball Jetstream 4+1 Ballpoint Pen 4 color mechanical pencil 0.5mm multipen 4in1 5in1 SXE350705.24","Light Pink","Japan Stationery","Shopee",2,71.40,35.70,35.70,35.70,2,2025-10-31,2025-12-29,1
"4902778120675","2025 New Uni-ball Jetstream 4+1 Ballpoint Pen 4 color mechanical pencil 0.5mm multipen 4in1 5in1 SXE350705.24","Navy","Japan Stationery","Shopee",2,71.40,35.70,35.70,35.70,2,2025-12-29,2026-06-05,1
"4902778274194","Uni Mitsubishi Mechanical Pencil Refill Leads 0.3/0.4/0.5/0.7/0.9 mm UL-S-0.3-25 1P","H (0.5)","Japan Stationery","Shopee",8,71.20,8.90,8.90,8.90,6,2025-08-12,2026-03-24,1
"4902778251317","Jetstream Uni-Ball RE+ Ballpoint Pen Set","Pearl Pink","Japan Stationery","Shopee",2,71.10,35.55,35.55,35.55,2,2025-10-29,2026-01-03,1
"4902505684784","Pilot Juice up Sanrio Characters Japan Limited Edition Ballpoint Pen 0.5mm LJPS5S25-MAB LJPS5S25-PCB LJPS5S25-CNB LJPS5S","Maroon Cream","Japan Stationery","Shopee",4,70.80,17.70,17.70,17.70,4,2025-10-15,2026-06-25,1
"4902778348826","Uni-ball Pure Malt Jetstream 25th Year New Model Edition 4+1s, signature pen MSXE520050588 MSXE520050520 SXNPM05.70","4+1s Forest Green","Japan Stationery","Shopee",1,70.70,70.70,70.70,70.70,1,2026-06-08,2026-06-08,1
"4901480317847","Kokuyo Adult Campus Notebook A5 Grid Ruled 40 Sheets ノ-104S5-D ノ-4S5-D ノ-201S5N-D ノ-108S5-D ノ-8S5-D ス-T153S5-D","A5 80S","Japan Stationery","Shopee",4,70.00,17.50,17.50,17.50,4,2025-07-13,2025-09-17,1
"4901480367538","KOKUYO Soofa Soft Ring Notebook 4 mm Grid Ruled A5 B6 80 sheets ス-SV738S4-DM sufa sooofa SU738S4","Pink,B6","Japan Stationery","Shopee",2,70.00,35.00,35.00,35.00,2,2025-09-29,2026-05-13,1
"4901480321912","Kokuyo Adult Campus Notebook ノ-108W-M ノ-4W-M ス-T134W-M ス-T113W-M ス-T223W-M","A5 80S","Japan Stationery","Shopee",4,70.00,17.50,17.50,17.50,4,2025-11-25,2026-02-21,1
"4901480367507","KOKUYO Soofa Soft Ring Notebook 4 mm Grid Ruled A5 B6 80 sheets ス-SV738S4-DM sufa sooofa SU738S4","Warm Gray,B6","Japan Stationery","Shopee",2,70.00,35.00,35.00,35.00,2,2026-02-06,2026-04-03,1
"4901881167171","Sakura Food Grade Non Toxic Baby Water Soluble Pastel Crayons - Washable  Toddler Children Kids Crayon","12pcs Box","Japan Stationery","Shopee",1,69.90,69.90,69.90,69.90,1,2026-01-02,2026-01-02,1
"6977261692944","Olight i1R 2 Rechargeable Keychain Flashlight i1R2 Pro imorse Instant Camping Hiking Torchlight Small Portable Mini","Flow","Elite Camp","Shopee",1,69.70,69.70,69.70,69.70,1,2025-09-08,2025-09-08,1
"4902505636035","Pilot Iroshizuku Fountain Pen Ink 50 ml INK-50-AS Pilot Iroshizuku 50ml bottle","HO-Firefly Light","Japan Stationery","Shopee",1,69.70,69.70,69.70,69.70,1,2026-03-19,2026-03-19,1
"4901681837946","Sarasa Clip 3C Limited Watercolor 0.4mm 0.5mm J3J5S-WC-WB J3J5S-WC-WG J3J5S-WC-WP J3J5S-WC-WB J3J5S-WC-WG J3J5S-WC-WP","0.4mm Water Pink","Japan Stationery","Shopee",3,69.60,23.20,23.20,23.20,3,2025-12-06,2026-05-31,1
"4901681837922","Sarasa Clip 3C Limited Watercolor 0.4mm 0.5mm J3J5S-WC-WB J3J5S-WC-WG J3J5S-WC-WP J3J5S-WC-WB J3J5S-WC-WG J3J5S-WC-WP","0.4mm Water Blue","Japan Stationery","Shopee",3,69.60,23.20,23.20,23.20,3,2026-03-02,2026-05-09,1
"4901480335353","Kokuyo Campus notebook Notebook Document Storage Cover A4|B5|A5 ノ-611AN-TM ノ-612B-D ノ-613B-D ノ-615B-D","A4-B5 Black","Japan Stationery","Shopee",1,69.50,69.50,69.50,69.50,1,2025-07-16,2025-07-16,1
"4901681143481","Zebra Snoopy Wakuwaku Delguard Mildliner Macky Sarasa Japan Limited Edition P-MA85-SN-WS-PU WKT7-SN-WS-MBP YYTS7-SN-WS-B","Del Blue 0.3mm","Japan Stationery","Shopee",2,69.40,34.70,34.70,34.70,2,2026-03-18,2026-06-13,1
"4902505676512","Pilot Lead Refill  Mechanical Pencil Neox Graphite Mini 0.3, 0.4, 0.5 HRFG-03-HB HRFG-0-B HRFGM-04-HB HRFGM-04-HBTAL","NEO Graphite 05 HB | HB 0.5","Japan Stationery","Shopee",6,69.20,11.53,10.70,11.70,6,2025-08-08,2026-06-10,2
"6977261693712","Olight i3E EOS LED Keychain Mono Output Flashlight Torchlight Camping Hiking Compact Torch Flash","Astral Cobalt","Japan Stationery","Shopee",1,69.00,69.00,69.00,69.00,1,2026-02-22,2026-02-22,1
"6977261692265","Olight imini 2 Rechargeable Mini Flashlight Instant Activation Camping Hiking Torchlight Small Portable","Color:Passionate Red","Japan Stationery","Lazada",1,68.93,68.93,68.93,68.93,1,2026-06-07,2026-06-07,1
"4902506337177","Pentel Smash Drafting Mechanical Pencil - 0.5 mm","Color family:Navy","Japan Stationery","Lazada",1,68.81,68.81,68.81,68.81,1,2025-09-29,2025-09-29,1
"4902778351338","Uni Mitsubishi Uniball ZENTO Basic Standard Flow Gel Pens 0.38/0.5mm UBNZS38.15 UBNZS38 UBNZS05","Std Indigo 0.7","Japan Stationery","Shopee",4,68.80,17.20,17.20,17.20,4,2026-03-24,2026-05-26,1
"4902778351369","Uni Mitsubishi Uniball ZENTO Basic Standard Flow Gel Pens 0.38/0.5mm UBNZS38.15 UBNZS38 UBNZS05","Std Black 0.7","Japan Stationery","Shopee",4,68.80,17.20,17.20,17.20,3,2026-04-21,2026-05-13,1
"4902505677656","Pilot The Dr.Grip Black Accent Mechanical Pencil 0.3/0.5mm HTDGB-15-MB  -MW -DL -DO -DPU HTDGB-13-MB -MW","Variation1:Matte Black 0.5","Japan Stationery","Lazada",1,68.79,68.79,68.79,68.79,1,2026-03-21,2026-03-21,1
"4903419818937","Original Lihit Lab Pen / Pencil Case - Smart Fit Compact Type","Color:Blue | Color family:Blue","Japan Stationery","Lazada",2,68.74,34.37,31.70,37.04,2,2025-07-21,2026-01-05,1
"4902778022177","Refill for Mitsubishi Multi Function Jetstream Pen SXR-80-07 (0.7mm)","Blue (0.7mm)","Japan Stationery","Shopee",14,68.60,4.90,4.90,4.90,5,2025-09-14,2025-09-21,1
"4902505686573","Pilot Lead Refill  Mechanical Pencil Neox Graphite Mini 0.3, 0.4, 0.5 HRFG-03-HB HRFG-0-B HRFGM-04-HB HRFGM-04-HBTAL","LimitedEdition2 04HB","Japan Stationery","Shopee",12,68.40,5.70,5.70,5.70,10,2025-07-17,2026-06-28,1
"4901681635672","Zebra Sarasa Clip 3C Japan Limited Edition Relax Series Ballpoint Pen 0.4/0.5mm JJ3S5-RX-SBE JJ3S5-RX-COP JJ3S5-RX-TB","Coral Pink","Japan Stationery","Shopee",3,68.10,22.70,22.70,22.70,3,2025-09-20,2026-02-14,1
"4901480365305","Kokuyo PM-MT200 Mark+ Two Way Color Highlighter Fineliner Marker PM-MT200LG PM-MT200K PM-MT200G PM-MT200DB PM-MT200P","Yellow","Japan Stationery","Shopee",8,68.00,8.50,8.50,8.50,4,2025-09-09,2026-06-15,1
"4902778322222","Uni Mitsubishi Uniball ZENTO Gel Pen Refill 0.38/0.5mm UBRZ38.15 UBRZ38.24 UBRZ38 UBRZ05 UBRZ05.24","Refill Red 0.5","Japan Stationery","Shopee",7,67.90,9.70,9.70,9.70,5,2025-08-13,2026-03-18,1
"4903419832735","Original Lihit Lab Pen / Pencil Case - Book Type XL (Double) A-7555 A7555","Orange","Japan Stationery","Shopee",1,67.90,67.90,67.90,67.90,1,2025-11-05,2025-11-05,1
"4902778351437","Uni Mitsubishi Uniball ZENTO Gel Pen Refill 0.38/0.5mm UBRZ38.15 UBRZ38.24 UBRZ38 UBRZ05 UBRZ05.24","Refill Blue 0.7mm","Japan Stationery","Shopee",7,67.90,9.70,9.70,9.70,5,2026-03-16,2026-05-29,1
"4903419832513","Original Lihit Lab Pen / Pencil Case - Book Type XL (Double) A-7555 A7555","Coral","Japan Stationery","Shopee",1,67.90,67.90,67.90,67.90,1,2026-06-07,2026-06-07,1
"4903419844288","Original Lihit Lab Pen / Pencil Case - Book Type XL (Double) A-7555 A7555","Black Camouflage","Japan Stationery","Shopee",1,67.90,67.90,67.90,67.90,1,2026-06-14,2026-06-14,1
"4902506422453","Zebra Floatune Japan Limited Edition Airy Design Pen Special color Smooth ink and tip BZN204AD1-A BZN205AD1-A XZRN4-A","Refill 0.5mm","Japan Stationery","Shopee",7,67.90,9.70,9.70,9.70,4,2025-11-29,2026-01-02,1
"4901480321981","Kokuyo Adult Campus Notebook ノ-108W-M ノ-4W-M ス-T134W-M ス-T113W-M ス-T223W-M","A5 80S Twin Ring","Japan Stationery","Shopee",3,67.50,22.50,22.50,22.50,1,2025-11-12,2025-11-12,1
"4901480321967","Kokuyo Campus Notebook Dottted B Ruled B5 A4 A5 A6 40-50 Sheets ノ-105BT-DB ノ-5BT-DB ノ-201ATN-DB  ス-T153BT-DB","B5 Twin Ring 50S","Japan Stationery","Shopee",3,67.50,22.50,22.50,22.50,3,2025-11-20,2026-05-17,1
"4901991060553","Tombow Mono Graph Multi -2 Color Pen + Mechanical Pencil + Twist Eraser","Blue","Japan Stationery","Shopee",2,67.40,33.70,33.70,33.70,2,2025-07-27,2025-08-15,1
"4901681424962","Original Mildliner Brush (Zebra) Double-Sided Highlighter Brush - Brush / Extra Fine","WFT8-5C-RC-N","Japan Stationery","Shopee",2,67.40,33.70,33.70,33.70,2,2025-07-29,2025-08-02,1
"4902778220900","Uni Kuru Toga Advance Putaran Automatik (2X kelajuan) Mekanikal Pensil 0.5mm","Color:Black | Color family:Black","Japan Stationery","Lazada",2,67.20,33.60,33.60,33.60,2,2025-10-06,2026-01-07,1
"4902778220924","Uni Kuru Toga Advance Putaran Automatik (2X kelajuan) Mekanikal Pensil 0.5mm","Color:Light blue | Color family:Light blue","Japan Stationery","Lazada",3,66.60,22.20,11.67,28.52,3,2025-09-10,2026-05-14,1
"4901480632148","Kokuyo Campus Notebook 5 Colored Cover Semi-B5 Normal-Medium Line 30 Sheets 6mm 7mm ノ-3CAN-B ノ-3CBN-B","Pink,6mm","Japan Stationery","Shopee",7,66.50,9.50,9.50,9.50,5,2025-10-16,2026-06-13,1
"4902505680755","Pilot Dr.GRIP CL PlayBorder x Neox GRAPHITE Collaboration Limited Edition Mechanical Pencil 0.3/0.5","Type:White 0.5","Japan Stationery","Lazada",2,66.28,33.14,30.70,35.58,2,2025-09-06,2025-11-12,1
"4901480319650","KOKUYO Campus Notebook Color Cover with Dots, Ruled Width 7mm ノ-3CAT-B ノ-203CATN-B ノ-3CBT-B","Green|A4|30S|7mm","Japan Stationery","Shopee",4,66.00,16.50,16.50,16.50,3,2025-08-04,2026-02-06,1
"4901480235097","Kokuyo Campus Diary Free Schedule B5|A5|A6 24 Sheets ニ-CF3N ニ-CF103N ニ-CF221N","B5","Japan Stationery","Shopee",3,66.00,22.00,22.00,22.00,3,2025-08-05,2026-06-22,1
"4902778348765","2025 New Retreat Color Uni-ball Zento Standard Flow UMNSFT38D.1 UMNSFT38D.32 UMNSFT05D.6 UMNSFT05D.13","Std-Soil Brown","Japan Stationery","Shopee",5,66.00,13.20,13.20,13.20,5,2025-09-26,2025-11-27,1
"4901480243009","Kokuyo Campus Notebook Special Ruled B5 A4 Grid, English Practice, Vertical, Plain Ruled 30-40 Sheets ノ-13S5 ノ-201S5","Grid A4","Japan Stationery","Shopee",3,66.00,22.00,22.00,22.00,3,2025-11-24,2026-06-15,1
"4902778211373","Uni Nano Diamond Color Erasable Lead Mechanical Pencil - 0.5 mm","Color family:Blue","Japan Stationery","Lazada",4,65.78,16.45,16.37,16.52,2,2025-09-07,2025-09-07,1
"4902778322253","Uni Mitsubishi Uniball ZENTO Basic Standard Flow Gel Pens 0.38/0.5mm UBNZS38.15 UBNZS38 UBNZS05","Type:Flow Fluorite 0.38","Japan Stationery","Lazada",1,65.74,65.74,65.74,65.74,1,2026-02-26,2026-02-26,1
"4902505677700","Pilot The Dr.Grip Black Accent Mechanical Pencil 0.3/0.5mm HTDGB-15-MB  -MW -DL -DO -DPU HTDGB-13-MB -MW","Matte Black 0.3","Japan Stationery","Shopee",1,65.70,65.70,65.70,65.70,1,2025-07-16,2025-07-16,1
"4902506963314","Pentel Art Multi 8 Mechanical Pencil Refill Leads 0.2mm CH2-A CH2-B CH2-C CH2-D CH2-E CH2-F CH2-G CH2-H CH2-K CH2-P","Black B.Point Refill","Japan Stationery","Shopee",6,65.70,10.95,10.95,10.95,4,2025-09-13,2026-06-25,2
"4902505677717","Pilot The Dr.Grip Black Accent Mechanical Pencil 0.3/0.5mm HTDGB-15-MB  -MW -DL -DO -DPU HTDGB-13-MB -MW","Matte White 0.3","Japan Stationery","Shopee",1,65.70,65.70,65.70,65.70,1,2025-11-17,2025-11-17,1
"4902505677656","Pilot The Dr.Grip Black Accent Mechanical Pencil 0.3/0.5mm HTDGB-15-MB  -MW -DL -DO -DPU HTDGB-13-MB -MW","Matte Black 0.5","Japan Stationery","Shopee",1,65.70,65.70,65.70,65.70,1,2026-03-16,2026-03-16,1
"4902505677694","Pilot The Dr.Grip Black Accent Mechanical Pencil 0.3/0.5mm HTDGB-15-MB  -MW -DL -DO -DPU HTDGB-13-MB -MW","Deep Purple 0.5","Japan Stationery","Shopee",1,65.70,65.70,65.70,65.70,1,2026-03-16,2026-03-16,1
"4902778320747","Uni Mitsubishi Jetstream Lite Limited Edition Ballpoint Pen 0.5mm SXNLS05.SB SXNLS05.WP SXNLS05.28 SXNLS05.39 MSXESL05.C","Clear Pink","Japan Stationery","Shopee",1,65.70,65.70,65.70,65.70,1,2026-04-04,2026-04-04,1
"4901681886630","Zebra DelGuard Basic Anti-break Core Mechanical Pencil (0.7mm) 0.7","Color:White (0.7mm)","Japan Stationery","Lazada",3,65.66,21.89,20.72,22.47,3,2025-12-08,2026-03-26,1
"4902506323705","Pentel Art Multi 8 Mechanical Pencil Refill Leads 0.2mm CH2-A CH2-B CH2-C CH2-D CH2-E CH2-F CH2-G CH2-H CH2-K CH2-P","Black","Japan Stationery","Shopee",8,65.60,8.20,8.20,8.20,4,2025-07-11,2026-04-13,2
"4902506323729","Pentel Art Multi 8 Mechanical Pencil Refill Leads 0.2mm CH2-A CH2-B CH2-C CH2-D CH2-E CH2-F CH2-G CH2-H CH2-K CH2-P","Blue","Japan Stationery","Shopee",8,65.60,8.20,8.20,8.20,5,2025-07-11,2026-03-15,2
"4901681782918","Zebra DelGuard Zodiac Anti-break Core Mechanical Pencil Japan Premium Stationery Student Gift","Color:SagittariusCapricorn","Japan Stationery","Lazada",2,65.44,32.72,32.60,32.84,2,2025-11-02,2025-12-14,1
"4901681667390","Zebra Metal Grip Tect 2way 0.5mm (Shake+Press) Dual Function Drafting Mechanical Pencil","Orange (0.5mm)","Japan Stationery","Shopee",2,65.40,32.70,32.70,32.70,2,2025-07-02,2025-08-21,1
"4901681667215","Zebra Metal Grip Tect 2way 0.3mm (Shake+Press) Dual Function Drafting Mechanical Pencil","Black (0.3mm)","Japan Stationery","Shopee",2,65.40,32.70,32.70,32.70,2,2025-09-06,2026-05-15,1
"4902778028209","Uni Kuru Toga Mechanical Pencil 0.3 mm M3-450 1P","Pink","Japan Stationery","Shopee",3,65.10,21.70,21.70,21.70,3,2026-01-29,2026-05-16,1
"4901480367019","Kokuyo Adult Campus Notebook A5 Grid Ruled 40 Sheets ノ-104S5-D ノ-4S5-D ノ-201S5N-D ノ-108S5-D ノ-8S5-D ス-T153S5-D","A6 50S Cut-off","Japan Stationery","Shopee",5,65.00,13.00,13.00,13.00,4,2025-08-25,2026-03-08,1
"4901681231584","Zebra Sarasa Grand Gel Ink Pen Vintage Color Series 0.3mm/0.5mm","Purple,0.5mm","Japan Stationery","Shopee",1,65.00,65.00,65.00,65.00,1,2025-10-21,2025-10-21,1
"4901681231577","Zebra Sarasa Grand Gel Ink Pen Vintage Color Series 0.3mm/0.5mm","Dark Gray,0.5mm","Japan Stationery","Shopee",1,65.00,65.00,65.00,65.00,1,2025-11-19,2025-11-19,1
"4901681231591","Zebra Sarasa Grand Gel Ink Pen Vintage Color Series 0.3mm/0.5mm","Blue Gray,0.5mm","Japan Stationery","Shopee",1,65.00,65.00,65.00,65.00,1,2026-04-03,2026-04-03,1
"4901681234820","Zebra Sarasa Grand Gel Ink Pen Vintage Color Series 0.3mm/0.5mm","Casis Black,0.5mm","Japan Stationery","Shopee",1,65.00,65.00,65.00,65.00,1,2026-05-31,2026-05-31,1
"4901681231546","Zebra Sarasa Grand Gel Ink Pen Vintage Color Series 0.3mm/0.5mm","Size:0.5mm, Color:Green Black","Japan Stationery","Lazada",1,65.00,65.00,65.00,65.00,1,2026-05-08,2026-05-08,1
"4902505367250","Pilot Iroshizuku Fountain Pen Ink 50 ml INK-50-AS","Type:AS-Morning Glory","Japan Stationery","Lazada",1,64.60,64.60,64.60,64.60,1,2026-06-24,2026-06-24,1
"4902505433320","Pilot Iroshizuku Fountain Pen Ink 50 ml INK-50-AS","Type:MS-Beautyberry","Japan Stationery","Lazada",1,64.59,64.59,64.59,64.59,1,2026-06-24,2026-06-24,1
"4901480334721","Kokuyo Soft Ring Dotted Graph Notebook A5|A5|B6|A6|A7 80 Sheets ス-SV508WT-T ス-SV538WT-T ス-SU508WT","A6 Dotted","Japan Stationery","Shopee",3,64.50,21.50,21.50,21.50,3,2025-07-02,2025-07-29,1
"4902778364710","Uni Mitsubishi Replacement Lead Refill 2.0mm ULN","H","Japan Stationery","Shopee",5,64.50,12.90,12.90,12.90,5,2025-08-05,2026-01-01,1
"4902505661693","Limited Edition Pilot Frixion Ball3 Slim Tri-color Pen Erasable 0.38mm","Marble Soda","Japan Stationery","Shopee",2,64.00,32.00,32.00,32.00,2,2025-07-17,2025-08-19,1
"4901480331850","Kokuyo Soft Ring Notebook - Natural - Semi B5|A5 7mm Rule 80 Sheets ス-SV608A-D ス-SV608A-DB ス-SU608A","B5 Beige","Japan Stationery","Shopee",2,64.00,32.00,32.00,32.00,2,2025-11-03,2025-11-10,1
"4901480321950","Kokuyo Campus Notebook Dottted B Ruled B5 A4 A5 A6 40-50 Sheets ノ-105BT-DB ノ-5BT-DB ノ-201ATN-DB  ス-T153BT-DB","B5 50S","Japan Stationery","Shopee",4,64.00,16.00,16.00,16.00,2,2025-12-07,2025-12-22,1
"4901480349480","Kokuyo Campus Study Planner Notebook Daily Weekly Ruled B5|A5 ノ-Y80MD-G ノ-Y80MW-B","B5 Gray Daily Ruled","Japan Stationery","Shopee",4,64.00,16.00,16.00,16.00,4,2026-01-11,2026-05-27,1
"6977261692975","Olight i1R 2 Rechargeable Keychain Flashlight i1R2 Pro imorse Instant Camping Hiking Torchlight Small Portable Mini","Color:Capsule Orange","Japan Stationery","Lazada",1,64.00,64.00,64.00,64.00,1,2026-04-12,2026-04-12,1
"4901681886463","Zebra DelGuard Original Anti-break Core Mechanical Pencil Basic (0.5mm)","Variation1:White | Colour:White","Japan Stationery","Lazada",3,63.88,21.29,18.83,26.21,2,2026-02-24,2026-03-28,1
"4902505648984","Pilot ILMILY 3rd Color to Color A2 Kumi Limited Edition Ballpoint Pen & Marker 0.4mm イルミリーCTC BP 04 B-GY イルミリーCTC BP 04","Navy-Gray (Pen)","Japan Stationery","Shopee",5,63.50,12.70,12.70,12.70,5,2025-08-21,2026-01-20,1
"4902505648960","Pilot ILMILY 3rd Color to Color A2 Kumi Limited Edition Ballpoint Pen & Marker 0.4mm イルミリーCTC BP 04 B-GY イルミリーCTC BP 04","Black-Gray (Pen)","Japan Stationery","Shopee",5,63.50,12.70,12.70,12.70,5,2025-08-31,2026-03-17,1
"4902505453625","Pilot Iroshizuku Fountain Pen Ink 50 ml INK-50-AS","Type:AMA-Amber","Japan Stationery","Lazada",1,63.29,63.29,63.29,63.29,1,2025-07-14,2025-07-14,1
"4902505636028","Pilot Iroshizuku Fountain Pen Ink 50 ml INK-50-AS","Type:HA-Flower Raft","Japan Stationery","Lazada",1,63.29,63.29,63.29,63.29,1,2025-07-14,2025-07-14,1
"4902505380570","Pilot Iroshizuku Fountain Pen Ink 50 ml INK-50-AS","Type:YU-Evening Glow","Japan Stationery","Lazada",1,63.29,63.29,63.29,63.29,1,2025-07-14,2025-07-14,1
"4902778220894","Uni Kuru Toga Advance Putaran Automatik (2X kelajuan) Mekanikal Pensil 0.5mm","Color:Green","Japan Stationery","Lazada",2,63.24,31.62,30.18,33.06,2,2026-03-24,2026-04-16,1
"4902778274200","Uni Mitsubishi Mechanical Pencil Refill Leads 0.3/0.4/0.5/0.7/0.9 mm UL-S-0.3-25 1P","F (0.5)","Japan Stationery","Shopee",7,62.30,8.90,8.90,8.90,6,2025-09-11,2026-04-15,1
"4901991065312","Tombow Monograph Mechanical Pencil 10th Anniversary Japan Limited Edition","Matte Pink","Japan Stationery","Shopee",3,62.10,20.70,20.70,20.70,3,2025-07-11,2025-10-09,1
"4902505686528","Pilot S3 Mechanical Pencil Neox Graphite Mini Japan Limited Edition HPS-30R-TMNL3 HPS-30R-TBE3 HPS-30R-TBE4 HPS-30R-TAL4","Trans Beige  0.5","Japan Stationery","Shopee",3,62.10,20.70,20.70,20.70,3,2025-08-11,2025-09-04,1
"4902505686467","Pilot S3 Mechanical Pencil Neox Graphite Mini Japan Limited Edition HPS-30R-TMNL3 HPS-30R-TBE3 HPS-30R-TBE4 HPS-30R-TAL4","Trans Beige  0.3","Japan Stationery","Shopee",3,62.10,20.70,20.70,20.70,3,2025-08-29,2025-11-17,1
"4902505680557","Pilot Juice Neon Color Series B Kumi Limited Edition Gel Ink Ballpoint Pen 0.5mm LJU-15-6CN 3CNA -3CNB","3 Color A","Japan Stationery","Shopee",3,62.10,20.70,20.70,20.70,3,2026-01-04,2026-03-16,1
"4902778282335","2025 New Uni Jetstream 3-color Ballpoint Pen Extra Black ink 3-in-1 SXE350705.24 SXE350705W.51 SXE350705.37 SXE350705.35","Ice Blue","Japan Stationery","Shopee",3,62.10,20.70,20.70,20.70,3,2026-01-04,2026-05-23,1
"6977261692944","Olight i1R 2 Rechargeable Keychain Flashlight i1R2 Pro imorse Instant Camping Hiking Torchlight Small Portable Mini","Color:Flow","Japan Stationery","Lazada",1,62.03,62.03,62.03,62.03,1,2025-08-02,2025-08-02,1
"4902505374746","Pilot Iroshizuku Fountain Pen Ink 50 ml INK-50-AS Pilot Iroshizuku 50ml bottle","KJ-Peacock","Japan Stationery","Shopee",1,62.00,62.00,62.00,62.00,1,2025-08-25,2025-08-25,1
"4902778244036","Uni Kuru Toga Advance Automatic Lead Rotation (2X speed) Mechanical Pencil 0.7mm","Color family:White","Japan Stationery","Lazada",2,61.97,30.98,28.27,33.70,2,2025-07-05,2025-07-25,1
"4902778313886","Uni Jetstream Lite Freshers Set 2025 Lite 4 & 1 Multi pen 4 color + Mechanical Pencil MSXE5L5.05.1 SXRL8005.24","Variation1:Mellow White","Japan Stationery","Lazada",1,61.82,61.82,61.82,61.82,1,2025-12-26,2025-12-26,1
"4902778257098","Uni-Ball RE3 Biz: Erasable 3in1 Ballpoint Pen RE3 Multicolor Mitsubishi Pencil Thermal Erase Ink RE-3 R.E3","Turquoise","Japan Stationery","Shopee",1,61.70,61.70,61.70,61.70,1,2025-07-16,2025-07-16,1
"4902778257050","Uni-Ball RE3 Biz: Erasable 3in1 Ballpoint Pen RE3 Multicolor Mitsubishi Pencil Thermal Erase Ink RE-3 R.E3","Navy Blue","Japan Stationery","Shopee",1,61.70,61.70,61.70,61.70,1,2025-08-04,2025-08-04,1
"4902778257081","Uni-Ball RE3 Biz: Erasable 3in1 Ballpoint Pen RE3 Multicolor Mitsubishi Pencil Thermal Erase Ink RE-3 R.E3","Bordeaux Red","Japan Stationery","Shopee",1,61.70,61.70,61.70,61.70,1,2026-04-03,2026-04-03,1
"4901681416615","Zebra Mildliner Double sided Highlighter Set - Pack of 5 Colors","Color:WKT7-5C-N | Color family:WKT7-5C-N","Japan Stationery","Lazada",3,61.47,20.49,13.91,23.90,3,2025-08-07,2026-04-20,1
"4902505680830","Pilot Dr.GRIP CL PlayBorder x Neox GRAPHITE Collaboration Limited Edition Mechanical Pencil 0.3/0.5","Blue 0.3","Japan Stationery","Shopee",2,61.40,30.70,30.70,30.70,2,2025-09-09,2026-02-14,1
"4901681677047","Zebra Lightwrite α Outdoor Japan Limited Edition  Ballpoint Pen 0.7mm P-BA96-0C/K P-BA96-0C/CO P-BA96-0C/NV P-BA96-0C/S","Gray","Japan Stationery","Shopee",2,61.40,30.70,30.70,30.70,2,2025-09-25,2026-02-08,1
"4901991065848","Tombow Mono Japan Limited Edition Shiba Inu Mechanical Pencil Monograph Pattern 945S/946S DPA-163F DPA-163G DPA-163H","Blue","Japan Stationery","Shopee",2,61.40,30.70,30.70,30.70,2,2025-09-29,2026-06-06,1
"4901681847082","Zebra bLen Multi 3C/2+S 0.5 Snoopy 2nd Edition 3 color / 2 color+mechanical pencil B3AS88-SN2-COP SNC-0.5S B3AS88-SN2-LG","2+S Light Blue","Japan Stationery","Shopee",2,61.40,30.70,30.70,30.70,2,2025-10-23,2025-12-12,1
"4901991065855","Tombow Mono Japan Limited Edition Shiba Inu Mechanical Pencil Monograph Pattern 945S/946S DPA-163F DPA-163G DPA-163H","Gray","Japan Stationery","Shopee",2,61.40,30.70,30.70,30.70,2,2025-11-05,2026-05-20,1
"4902778320563","Uni Mitsubishi Uni-ball One F Japan Limited Edition Ballpoint Pen 0.38/0.5mm UMNSFCC38.CP UMNSFCC38.CBR UMNSFCC05.PG","Rose Milk 0.5","Japan Stationery","Shopee",2,61.40,30.70,30.70,30.70,1,2025-11-24,2025-11-24,1
"4902778320587","Uni Mitsubishi Uni-ball One F Japan Limited Edition Ballpoint Pen 0.38/0.5mm UMNSFCC38.CP UMNSFCC38.CBR UMNSFCC05.PG","Black Sesame 0.5","Japan Stationery","Shopee",2,61.40,30.70,30.70,30.70,1,2026-01-22,2026-01-22,1
"4902505680793","Pilot Dr.GRIP CL PlayBorder x Neox GRAPHITE Collaboration Limited Edition Mechanical Pencil 0.3/0.5","Gray 0.3","Japan Stationery","Shopee",2,61.40,30.70,30.70,30.70,2,2026-02-03,2026-04-16,1
"4902506431318","Pentel Orenz 2025 Click Once Renewal Release 0.2 0.3 0.5mm Drafting Pencil XPP502-RA XPP1002G2-RD","0.2 Black","Japan Stationery","Shopee",2,61.40,30.70,30.70,30.70,2,2026-02-13,2026-06-15,1
"4901681853526","Sarasa Clip 0.5 Limited Sanrio Characters 1st Edition JJ29-SR1-BK1 JJ29-SR1-R1 JJ29-SR1-C0BL JJ29-SR1-ROR JJ29-SR1-3CA R","3 Pen Set A","Japan Stationery","Shopee",2,61.40,30.70,30.70,30.70,2,2026-03-16,2026-03-19,1
"4901991065879","Tombow Mono Japan Limited Edition Shiba Inu Mechanical Pencil Monograph Pattern 945S/946S DPA-163F DPA-163G DPA-163H","Pink","Japan Stationery","Shopee",2,61.40,30.70,30.70,30.70,2,2026-03-16,2026-05-22,1
"4901681231515","Zebra Sarasa Grand Gel Ink Pen Vintage Color Series 0.3mm/0.5mm","Size:0.5mm, Color:Matte Black","Japan Stationery","Lazada",1,61.38,61.38,61.38,61.38,1,2025-08-08,2025-08-08,1
"4901991032178","Tombow Mono Graph Multi -2 Color Pen + Mechanical Pencil + Twist Eraser","Color family:Mono","Japan Stationery","Lazada",2,61.33,30.66,30.66,30.67,1,2025-09-03,2025-09-03,1
"4902778351383","Uni Mitsubishi Uniball ZENTO Basic Standard Flow Gel Pens 0.38/0.5mm UBNZS38.15 UBNZS38 UBNZS05","Std Red 0.7","Japan Stationery","Shopee",4,61.30,15.32,9.70,17.20,4,2026-04-07,2026-06-25,1
"4902778272404","Uni Mitsubishi Mechanical Pencil Refill Leads 0.3/0.4/0.5/0.7/0.9 mm UL-S-0.3-25 1P","Type:2B (0.5)","Japan Stationery","Lazada",7,61.06,8.72,8.59,8.90,3,2026-03-15,2026-04-23,1
"4902778261316","Uni Mitsubishi Uni-ball One Creative Color Gel Ink Ballpoint Pen 0.38/0.5mm UMNSC38.1 UMNSC38.25 UMNSC38","Black Axis (0.5)","Japan Stationery","Shopee",7,60.90,8.70,8.70,8.70,4,2025-11-29,2026-05-10,1
"4901991658132","Tombow Mono Limited Shimmer Edition 958S DPB-142A DPB-142B DPB-142C DPB-142D DPB-142E CT-PAX5C209L CT-PAX5C409L","Eraser,Rosé","Japan Stationery","Shopee",7,60.90,8.70,8.70,8.70,3,2026-02-28,2026-04-02,1
"4901681126507","Zebra Pitan AW Series Award Winning Gel Pen Japan Limited Edition P-JJS115-25AW-G P-JJ115-25AW-G","Limited 0.4 Gold","Japan Stationery","Shopee",1,60.70,60.70,60.70,60.70,1,2025-12-28,2025-12-28,1
"4902778322208","Uni Mitsubishi Uniball ZENTO Gel Pen Refill 0.38/0.5mm UBRZ38.15 UBRZ38.24 UBRZ38 UBRZ05 UBRZ05.24","Type:Refill Black 0.38","Japan Stationery","Lazada",6,60.70,10.12,9.60,10.22,2,2026-04-23,2026-05-06,1
"4901681843916","Sarasa Clip 0.5 Limited Sanrio Characters 1st Edition JJ29-SR1-BK1 JJ29-SR1-R1 JJ29-SR1-C0BL JJ29-SR1-ROR JJ29-SR1-3CA R","Refill Black","Japan Stationery","Shopee",9,60.30,6.70,6.70,6.70,6,2025-11-26,2026-06-20,1
"4902778257074","Uni-Ball RE3 Biz: Erasable 3in1 Ballpoint Pen RE3 Multicolor Mitsubishi Pencil Thermal Erase Ink RE-3 R.E3","Color family:Black","Japan Stationery","Lazada",1,60.05,60.05,60.05,60.05,1,2025-10-06,2025-10-06,1
"4901991060423","Tombow Mono Graph Zero Metal Body Mechanical Pencil (0.5mm, 0.3mm)","Color:Lime Green","Japan Stationery","Lazada",2,60.01,30.01,28.76,31.25,2,2026-02-11,2026-05-17,1
"4901480235103","Kokuyo Campus Diary Free Schedule B5|A5|A6 24 Sheets ニ-CF3N ニ-CF103N ニ-CF221N","A5","Japan Stationery","Shopee",3,60.00,20.00,20.00,20.00,3,2025-08-14,2026-01-11,1
"4901991635997","Refill for Tombow Airpress Pressurized Ballpoint Pen - 0.7 mm","Red","Japan Stationery","Shopee",5,60.00,12.00,12.00,12.00,4,2025-08-17,2026-04-16,1
"4901480334707","Kokuyo Soft ring Notebook 5mm Grid line A5|A5|B6|A6|A7 Size 70 Sheets ス-SV407B-D ス-SV437B-D SU407B","A7 Graph","Japan Stationery","Shopee",3,60.00,20.00,20.00,20.00,3,2025-09-25,2026-06-07,1
"4901480321943","Kokuyo Adult Campus Notebook ノ-108W-M ノ-4W-M ス-T134W-M ス-T113W-M ス-T223W-M","B5 40s","Japan Stationery","Shopee",5,60.00,12.00,12.00,12.00,3,2025-11-14,2025-12-27,1
"4901480375595","Kokuyo C2 Tray Type Pencil Case Pen Case F-VBF140-7 F-VBF122-7","Ash Black Small","Japan Stationery","Shopee",1,60.00,60.00,60.00,60.00,1,2026-02-07,2026-02-07,1
"4902506431035","Zebra Floatune Japan Limited Edition Airy Design Pen Special color Smooth ink and tip BZN204AD1-A BZN205AD1-A XZRN4-A","Savon Purple 0.5mm","Japan Stationery","Shopee",3,59.85,19.95,19.95,19.95,3,2026-04-18,2026-06-25,1
"4902505677670","Pilot The Dr.Grip Black Accent Mechanical Pencil 0.3/0.5mm HTDGB-15-MB  -MW -DL -DO -DPU HTDGB-13-MB -MW","Variation1:Deep Blue 0.5","Japan Stationery","Lazada",1,59.78,59.78,59.78,59.78,1,2025-10-08,2025-10-08,1
"4902778313916","Uni Jetstream Lite Freshers Set 2025 Lite 4 & 1 Multi pen 4 color + Mechanical Pencil MSXE5L5.05.1 SXRL8005.24","Steel Blue","Japan Stationery","Shopee",1,59.70,59.70,59.70,59.70,1,2026-05-02,2026-05-02,1
"4902778301326","Refill for Mitsubishi Multi Function Jetstream Pen SXR-80-07 (0.7mm)","Black (Pack of 5pcs)","Japan Stationery","Shopee",3,59.70,19.90,19.90,19.90,3,2025-07-07,2025-08-12,1
"4902778181607","Refill for Mitsubishi Multi Function Jetstream Pen SXR-80-38 (0.38mm) Extra Fine","Black 0.38 (packof5)","Japan Stationery","Shopee",3,59.70,19.90,19.90,19.90,3,2025-07-31,2025-11-05,1
"4902778225592","Uni NanoDia Color Erasable Lead 0.7 mm U07202NDC","Green","Japan Stationery","Shopee",5,59.50,11.90,11.90,11.90,4,2025-07-12,2026-04-16,1
"4902506406620","Japan Pentel Ain Mechanical Pencil Lead 0.2/0.3/0.4/0.5/0.7/0.9/1.3 mm","0.5 H","Japan Stationery","Shopee",5,59.50,11.90,11.90,11.90,5,2025-09-15,2026-06-19,1
"4902506406491","Japan Pentel Ain Mechanical Pencil Lead 0.2/0.3/0.4/0.5/0.7/0.9/1.3 mm","0.4 B","Japan Stationery","Shopee",5,59.50,11.90,11.90,11.90,4,2025-12-02,2026-05-16,1
"4901681662142","Zebra DelGuard Light Grayish Japan Limited Edition  Mechanical Pencil 0.5mm P-MA85-LG-MBL P-MA85-LG-MG P-MA85-LG-MBE","Matte Beige","Japan Stationery","Shopee",2,59.40,29.70,29.70,29.70,2,2025-09-03,2025-09-20,1
"4901681662159","Zebra DelGuard Light Grayish Japan Limited Edition  Mechanical Pencil 0.5mm P-MA85-LG-MBL P-MA85-LG-MG P-MA85-LG-MBE","Matte Clear","Japan Stationery","Shopee",2,59.40,29.70,29.70,29.70,2,2025-10-12,2025-10-17,1
"4901681662166","Zebra DelGuard Light Grayish Japan Limited Edition  Mechanical Pencil 0.5mm P-MA85-LG-MBL P-MA85-LG-MG P-MA85-LG-MBE","Matte Clear Black","Japan Stationery","Shopee",2,59.40,29.70,29.70,29.70,2,2025-10-17,2025-12-11,1
"4901681858026","Zebra Sarasa Pokemon Series Japan Limited Edition Sarasa Nano Clip 3C JJ29-PO-MIG JJX72-P0-Y J3J5-PO-PU JJ29-PO-MKOR","Clip 3C -Purple","Japan Stationery","Shopee",2,59.40,29.70,29.70,29.70,2,2026-06-14,2026-06-15,1
"4902778313909","Uni Jetstream Lite Freshers Set 2025 Lite 4 & 1 Multi pen 4 color + Mechanical Pencil MSXE5L5.05.1 SXRL8005.24","Color:Coral Pink","Japan Stationery","Lazada",1,59.10,59.10,59.10,59.10,1,2026-03-30,2026-03-30,1
"4901480331010","KOKUYO File Box <NEOS> A4 Vertical/Horizontal 2-Way Type A4-NELF-B A4-NELF-D A4-NELF-DB A4-NELF-DG A4-NELF-R A4-NELF-W","Navy","Japan Stationery","Shopee",3,59.10,19.70,19.70,19.70,2,2026-01-23,2026-02-25,1
"4977564607531","Plus Deco Rush Wide Type Limited Edition Neko Rush 91559 91560 91561 91562 91563 91564 91565","Minuet","Japan Stationery","Shopee",3,59.10,19.70,19.70,19.70,3,2026-04-06,2026-06-05,1
"4977564607579","Plus Deco Rush Wide Type Limited Edition Neko Rush 91559 91560 91561 91562 91563 91564 91565","British shorthair","Japan Stationery","Shopee",3,59.10,19.70,19.70,19.70,3,2026-04-19,2026-06-05,1
"4901770709727","Metacil Non sharpening Metal Pencil (Metal Body) for Artist Drawing, Sketching SUN-STAR Stylish Japan premium","Color family:Refill Pack","Japan Stationery","Lazada",2,58.96,29.48,29.48,29.48,1,2025-08-05,2025-08-05,1
"4902505676567","Pilot Neox Graphite Mechanical Pencil Refill 0.3/0.4/0.5/0.7/0.9mm HRFG-03-H -HB -B -2B HRFG-04-H -HB -B -2B HRFG-05-2H","HB 0.7","Japan Stationery","Shopee",5,58.50,11.70,11.70,11.70,5,2025-09-03,2026-04-13,1
"4902778301319","Refill for Mitsubishi Multi Function Jetstream Pen SXR-80-05 (0.5mm)","color_family:Black (Pack of 6pcs)","Japan Stationery","Lazada",3,58.23,19.41,13.44,25.09,3,2025-10-09,2026-02-05,1
"4901480255958","Kokuyo Miri 5-Function Eraser Keshi-M700 Keshi-M700D ケシ-M700 ケシ-M700D High Grade","White","Japan Stationery","Shopee",6,58.20,9.70,9.70,9.70,5,2025-07-10,2025-10-04,1
"4902778322192","Uni Mitsubishi Uniball ZENTO Gel Pen Refill 0.38/0.5mm UBRZ38.15 UBRZ38.24 UBRZ38 UBRZ05 UBRZ05.24","Refill Red 0.38","Japan Stationery","Shopee",6,58.20,9.70,9.70,9.70,3,2025-07-29,2026-04-08,1
"4902778322208","Uni Mitsubishi Uniball ZENTO Gel Pen Refill 0.38/0.5mm UBRZ38.15 UBRZ38.24 UBRZ38 UBRZ05 UBRZ05.24","Refill Black 0.38","Japan Stationery","Shopee",6,58.20,9.70,9.70,9.70,4,2026-03-15,2026-04-12,1
"4901480306438","Kokuyo Resare Eraser Color Student Art Eraser Convenient Foam Eraser Powerful Clean ケシ90N","Orange","Japan Stationery","Shopee",8,58.00,7.25,7.25,7.25,7,2025-08-28,2026-06-05,1
"4977564577506","PLUS Scissors - Fit Cut Curve Premium Titanium Coated","Premium Green","Japan Stationery","Shopee",1,57.90,57.90,57.90,57.90,1,2025-10-22,2025-10-22,1
"4903419832735","Original Lihit Lab Pen / Pencil Case - Book Type XL (Double)","Color:Orange","Japan Stationery","Lazada",1,57.52,57.52,57.52,57.52,1,2026-06-28,2026-06-28,1
"4901480364728","KOKUYO Enpitsu Sharp Mechanical Pencil Lead - HB / B / 2B ( 0.3 / 0.5 / 0.7 / 0.9 / 1.3 mm ) PSR-2B03-1P PSR-B03-1P","0.9mm 2B (25pcs)","Japan Stationery","Shopee",5,57.50,11.50,11.50,11.50,4,2025-07-01,2025-10-24,1
"4902506323811","Pentel Art Multi 8 Mechanical Pencil Refill Leads 0.2mm CH2-A CH2-B CH2-C CH2-D CH2-E CH2-F CH2-G CH2-H CH2-K CH2-P","Purple","Japan Stationery","Shopee",7,57.40,8.20,8.20,8.20,7,2025-07-11,2026-06-08,2
"4902668669116","Zebra Mildliner Jujutsu Kaisen LIMITED EDITION Double-Sided  Highlighter 4mm/1.0-1.4mm Jyujutsu Gojo","Mildliner/Geto","Japan Stationery","Shopee",2,57.40,28.70,28.70,28.70,2,2026-01-24,2026-06-14,1
"4902505374777","Pilot Iroshizuku Fountain Pen Ink 50 ml INK-50-AS","Type:FS-Winter General","Japan Stationery","Lazada",1,57.38,57.38,57.38,57.38,1,2026-02-19,2026-02-19,1
"4902778153376","Uni Kuru Toga Disney Edition - Automatic Lead Rotation Mechanical Pencil (0.5mm)","Color family:0.5mm Mickey Red","Japan Stationery","Lazada",2,57.12,28.56,27.13,29.99,2,2025-07-30,2025-09-02,1
"4901480265902","KOKUYO Campus Notebook Color Cover with Dots, Ruled Width 7mm ノ-3CAT-B ノ-203CATN-B ノ-3CBT-B","Blue|B5|30S|6mm","Japan Stationery","Shopee",6,57.00,9.50,9.50,9.50,3,2025-07-16,2026-02-06,1
"4901480265889","KOKUYO Campus Notebook Color Cover with Dots, Ruled Width 7mm ノ-3CAT-B ノ-203CATN-B ノ-3CBT-B","Purple|B5|30S|7mm","Japan Stationery","Shopee",6,57.00,9.50,9.50,9.50,5,2026-01-10,2026-05-31,1
"4901480632155","Kokuyo Campus Notebook 5 Colored Cover Semi-B5 Normal-Medium Line 30 Sheets 6mm 7mm ノ-3CAN-B ノ-3CBN-B","Purple,6mm","Japan Stationery","Shopee",6,57.00,9.50,9.50,9.50,5,2026-02-05,2026-06-17,1
"4901480632131","Kokuyo Campus Notebook 5 Colored Cover Semi-B5 Normal-Medium Line 30 Sheets 6mm 7mm ノ-3CAN-B ノ-3CBN-B","Green,6mm","Japan Stationery","Shopee",6,57.00,9.50,9.50,9.50,3,2026-03-13,2026-06-28,1
"4902505433337","Pilot Iroshizuku Fountain Pen Ink 50 ml INK-50-AS","Type:CHK-Bamboo Grove","Japan Stationery","Lazada",1,57.00,57.00,57.00,57.00,1,2025-12-07,2025-12-07,1
"4902506314017","Pentel Graph 1000 for Pro Drafting Pencil (0.3mm, 0.4mm, 0.5mm, 0.7mm, 0.9mm)","Size:0.3mm","Japan Stationery","Lazada",1,56.89,56.89,56.89,56.89,1,2026-02-10,2026-02-10,1
"4902778972106","Uni Mitsubishi Hi-Uni GRCT Mechanical Pencil Refill Leads 0.3/0.5 mm HU033002H HU03300H HU03300HB HU03300B","B (0.3)","Japan Stationery","Shopee",3,56.70,18.90,18.90,18.90,3,2025-11-11,2026-05-15,1
"4902778352663","Uni-ball Kuru toga KS & Switch & refill Cosmetics 2026 Japan Limited Edition Kurutoga M3KS1P.BRG M3KS1P.GLP M5KS1P.BRG","0.3 KS Brown Gray","Japan Stationery","Shopee",2,56.40,28.20,28.20,28.20,2,2026-03-22,2026-04-13,1
"6975498001881","Olight Oknife Otacle C1 Credit Card Multitool","Black","Elite Camp","Shopee",2,56.00,28.00,28.00,28.00,2,2025-10-25,2026-04-06,1
"4901480298900","Kokuyo Karu Easy Cut Tape Dispenser Handy Type Small Large T-SM200D T-SM200W T-SM300LB T-SM300P T-SM300W","Pink Small","Japan Stationery","Shopee",2,56.00,28.00,28.00,28.00,2,2026-02-22,2026-04-06,1
"4902778156995","Uni Kuru Toga Rubber Grip Automatic Lead Rotation Mechanical Pencil","Pink","Japan Stationery","Shopee",2,55.80,27.90,27.90,27.90,2,2025-07-19,2025-12-10,1
"4901681392780","Limited Edition Zebra Blen 3C Snoopy Multi-pen 0.5mm","White","Japan Stationery","Shopee",2,55.80,27.90,27.90,27.90,2,2025-07-31,2025-08-01,1
"4901681392766","Limited Edition Zebra Blen 3C Snoopy Multi-pen 0.5mm","Yellow","Japan Stationery","Shopee",2,55.80,27.90,27.90,27.90,2,2025-12-12,2026-06-24,1
"4902506432438","Pentel Japan Limited Edition 60th Anniversary  Drafting Mechanical Pencil P-MA93-RE-CAG P-MA93-RE-TPU P-MA93-RE-RGR","GraphGear500","Japan Stationery","Shopee",1,55.70,55.70,55.70,55.70,1,2026-01-27,2026-01-27,1
"4902778303474","Uni Jetstream 4in1 Bamboo Multifunction Ballpoint Pen + Pencil 0.5 mm MSXE5-2000B-05","Type:Sage","Japan Stationery","Lazada",1,55.70,55.70,55.70,55.70,1,2026-05-18,2026-05-18,1
"4902778039915","Uniball Mitsubishi Uni Jetstream F Series 2 Color & Mechanical Pencil","Color family:Sugar Pink","Japan Stationery","Lazada",2,55.70,27.85,27.85,27.85,1,2025-07-29,2025-07-29,1
"4901681886616","Zebra DelGuard Basic Anti-break Core Mechanical Pencil (0.7mm) 0.7","Color:Black (0.7mm)","Japan Stationery","Lazada",2,55.66,27.83,27.77,27.89,2,2025-11-13,2025-11-30,1
"4902778043585","Uni Shift Pipe Lock Retractable Mechanical Pencils 0.3/0.5/0.7/0.9 mm M31010.26 M41010.26 M51010.26 M51010.24 M71010.26","Size:0.7mm, Silver","Japan Stationery","Lazada",1,55.64,55.64,55.64,55.64,1,2026-03-29,2026-03-29,1
"4901480335414","Kokuyo Campus notebook Notebook Document Storage Cover A4|B5|A5 ノ-611AN-TM ノ-612B-D ノ-613B-D ノ-615B-D","A5-A5 Smoke Gray","Japan Stationery","Shopee",1,55.50,55.50,55.50,55.50,1,2025-11-25,2025-11-25,1
"4901480335407","Kokuyo Campus notebook Notebook Document Storage Cover A4|B5|A5 ノ-611AN-TM ノ-612B-D ノ-613B-D ノ-615B-D","A5-A5 Black","Japan Stationery","Shopee",1,55.50,55.50,55.50,55.50,1,2026-04-22,2026-04-22,1
"4901480345154","Kokuyo Gloo Repositionable Adhesive Glue Tape Set Refill TA-GM410-07 GM400-08 G410-07 G400-08 GM411","Strong Adhesive,Medium","Japan Stationery","Shopee",2,55.40,27.70,27.70,27.70,2,2025-07-17,2025-08-04,1
"4902778309582","New Kuru Toga KS Uni Japan Mechanical Pencil Lead Self-rotating M3/5-KS Upgraded Version 0.3mm/0.5mm","0.3 Coral Pink","Japan Stationery","Shopee",2,55.40,27.70,27.70,27.70,2,2025-10-20,2026-01-29,1
"4901681347209","Zebra Highlighter Optex Care - Japan Edition Water Proof Light Resistant Double Sided Bight","5 Color Set","Japan Stationery","Shopee",2,55.40,27.70,27.70,27.70,2,2026-02-07,2026-02-13,1
"4901681783410","Zebra DelGuard ER Anti-break Core Mechanical Pencil (0.5mm) - Eraser Edition","Eraser refill 5pcs","Japan Stationery","Shopee",7,55.30,7.90,7.90,7.90,6,2025-07-06,2026-04-22,1
"4902778230725","Refill for Uni-Ball Erasable Ballpoint Pen RE & RE3 Thermal Erase Ink Mitsubishi RE-3 URR-103-05","Red","Japan Stationery","Shopee",7,55.30,7.90,7.90,7.90,7,2025-07-17,2026-05-05,1
"4902778309612","New Kuru Toga KS Uni Japan Mechanical Pencil Lead Self-rotating M3/5-KS Upgraded Version 0.3mm/0.5mm","Color:0.5 Cream Yellow","Japan Stationery","Lazada",2,55.12,27.56,27.42,27.70,2,2026-04-20,2026-05-25,1
"4901480326856","Kokuyo Saxa Titanium Glueless Blade Scissors with Safety Cap HASA-P240D PH240D 240DM","Green","Japan Stationery","Shopee",1,55.00,55.00,55.00,55.00,1,2025-10-22,2025-10-22,1
"4901480326832","Kokuyo Saxa Titanium Glueless Blade Scissors with Safety Cap HASA-P240D PH240D 240DM","Blue","Japan Stationery","Shopee",1,55.00,55.00,55.00,55.00,1,2025-11-25,2025-11-25,1
"4901480326849","Kokuyo Saxa Titanium Glueless Blade Scissors with Safety Cap HASA-P240D PH240D 240DM","Red","Japan Stationery","Shopee",1,55.00,55.00,55.00,55.00,1,2026-05-31,2026-05-31,1
"4902778019597","Mitsubishi Uni Jetstream Ballpoint Pen - 0.7 mm Alpha Gel Grip Series SXN-1000-07 1P","Variation1:Pink","Japan Stationery","Lazada",1,55.00,55.00,55.00,55.00,1,2026-04-10,2026-04-10,1
"4902506963338","Pentel Art Multi 8 Mechanical Pencil Refill Leads 2.0mm CH2-A CH2-B CH2-C CH2-D CH2-E CH2-F CH2-G CH2-H CH2-K CH2-P","Fluorescent Yellow","Japan Stationery","Shopee",5,54.75,10.95,10.95,10.95,1,2026-04-13,2026-04-13,1
"4902778255124","Uni Kuru Toga Advance Upgrade Model Mechanical Pencil - 0.3 / 0.5 mm Punch Punched Upgraded","Color:0.5mm Navy","Japan Stationery","Lazada",1,54.70,54.70,54.70,54.70,1,2026-03-26,2026-03-26,1
"4902778322277","Uni Mitsubishi Uniball ZENTO Basic Standard Flow Gel Pens 0.38/0.5mm UBNZS38.15 UBNZS38 UBNZS05","Type:Flow Jade 0.5","Japan Stationery","Lazada",1,54.32,54.32,54.32,54.32,1,2025-09-04,2025-09-04,1
"4902505661730","Limited Edition Pilot Frixion Ball3 Slim Tri-color Pen Erasable 0.38mm","Sunflower 3pcs Set","Japan Stationery","Shopee",2,54.00,27.00,27.00,27.00,2,2025-12-18,2025-12-30,1
"4902668669048","Zebra DelGuard Jujutsu Kaisen LIMITED EDITION Mechanical Pencil 0.5 mm Jyujutsu Gojo Geto Ieiri","Delguard/Haibara","Japan Stationery","Shopee",1,53.30,53.30,53.30,53.30,1,2026-01-08,2026-01-08,1
"4902668678514","Zebra DelGuard Jujutsu Kaisen LIMITED EDITION Mechanical Pencil 0.5 mm Jyujutsu Gojo Geto Ieiri","Itadori Yuji","Japan Stationery","Shopee",1,53.30,53.30,53.30,53.30,1,2026-05-30,2026-05-30,1
"4902505684876","Pilot Juice up Sanrio Characters Japan Limited Edition Ballpoint Pen 0.5mm LJPS5S25-MAB LJPS5S25-PCB LJPS5S25-CNB LJPS5S","Bad Badtz-Maru","Japan Stationery","Shopee",3,53.10,17.70,17.70,17.70,3,2026-02-23,2026-05-07,1
"4901480151762","Kokuyo Campus Notebook for Various Purposes English Ruled B5 Notebook ノ-30S10-5NX3 ノ-30S10X5 ノ-30F13NX3 ノ-30F15NX3","5-Color 5mm","Japan Stationery","Shopee",1,52.50,52.50,52.50,52.50,1,2025-09-30,2025-09-30,1
"4901480151779","Kokuyo Campus Notebook for Various Purposes English Ruled B5 Notebook ノ-30S10-5NX3 ノ-30S10X5 ノ-30F13NX3 ノ-30F15NX3","5-Color 10mm","Japan Stationery","Shopee",1,52.50,52.50,52.50,52.50,1,2026-01-05,2026-01-05,1
"4902778326787","Uni Kurutoga KS & Switch & Replacement Lead 25-02 Limited Edition M3KS1P.WPC M5KS1P.CCM M5KS1P.MCA M5KS1P.SBM","Color:0.5 D Chocolate","Japan Stationery","Lazada",1,52.43,52.43,52.43,52.43,1,2026-03-25,2026-03-25,1
"4902778309551","Kuru Toga Switch Alpha Gel Automatic Lead Rotation Mechanical Pencil (0.5mm) Uni Kurutoga","Color:0.5mm Grey","Japan Stationery","Lazada",1,52.30,52.30,52.30,52.30,1,2025-08-03,2025-08-03,1
"4902505649080","Pilot ILMILY 3rd Color to Color A2 Kumi Limited Edition Ballpoint Pen & Marker 0.4mm イルミリーCTC BP 04 B-GY イルミリーCTC BP 04","Night Sakura(Marker)","Japan Stationery","Shopee",6,52.20,8.70,8.70,8.70,6,2025-08-25,2026-05-20,1
"4901480396736","Kokuyo Harinacs Latest Color Staplerless Stapler Gun-Type Paper Press 10 Sheets","Salmon pink","Japan Stationery","Shopee",1,51.90,51.90,51.90,51.90,1,2026-01-31,2026-01-31,1
"4901480396743","Kokuyo Harinacs Latest Color Staplerless Stapler Gun-Type Paper Press 10 Sheets","Blue-green","Japan Stationery","Shopee",1,51.90,51.90,51.90,51.90,1,2026-04-06,2026-04-06,1
"4901480396729","Kokuyo Harinacs Latest Color Staplerless Stapler Gun-Type Paper Press 10 Sheets","Pale White","Japan Stationery","Shopee",1,51.90,51.90,51.90,51.90,1,2026-04-23,2026-04-23,1
"4901480368009","KOKUYO GLOO Tape Dispenser Tape Cutter with Suction Cup Small Large T-GM500NW T-GM510W","Small","Japan Stationery","Shopee",1,51.70,51.70,51.70,51.70,1,2025-07-13,2025-07-13,1
"4006856505719","Rotring Tikky Hi-Polymer Pencil Lead (0.3 0.35 0.5 0.7 0.9 1.0 2.0 mm 2H H HB B 2B)","0.7mm 2B","Japan Stationery","Shopee",4,51.60,12.90,12.90,12.90,3,2025-07-09,2026-06-07,1
"4902778364680","Uni Mitsubishi Replacement Lead Refill 2.0mm ULN","4H","Japan Stationery","Shopee",4,51.60,12.90,12.90,12.90,4,2025-08-05,2026-06-14,1
"4006856505931","Rotring Tikky Hi-Polymer Pencil Lead (0.3 0.35 0.5 0.7 0.9 1.0 2.0 mm 2H H HB B 2B)","1.0mm HB","Japan Stationery","Shopee",4,51.60,12.90,12.90,12.90,4,2025-08-28,2026-04-27,1
"4901991636000","Refill for Tombow Airpress Pressurized Ballpoint Pen - 0.7 mm","Color family:Blue","Japan Stationery","Lazada",4,51.60,12.90,12.90,12.90,1,2025-07-05,2025-07-05,1
"4902778322130","Uni Mitsubishi Uniball ZENTO Basic Standard Flow Gel Pens 0.38/0.5mm UBNZS38.15 UBNZS38 UBNZS05","Std Lavender 0.38","Japan Stationery","Shopee",3,51.60,17.20,17.20,17.20,3,2025-07-15,2026-04-07,1
"4901681852444","Zebra bLen Multi 3C/2+S 0.5 Snoopy 2nd Edition 3 color / 2 color+mechanical pencil B3AS88-SN2-COP SNC-0.5S B3AS88-SN2-LG","Coral Pink | 3C Coral Pink","Japan Stationery","Shopee",2,51.40,25.70,25.70,25.70,2,2025-10-11,2026-04-02,1
"4901681852451","Zebra bLen Multi 3C/2+S 0.5 Snoopy 2nd Edition 3 color / 2 color+mechanical pencil B3AS88-SN2-COP SNC-0.5S B3AS88-SN2-LG","Light Green | 3C Light Green","Japan Stationery","Shopee",2,51.40,25.70,25.70,25.70,2,2025-10-11,2025-12-30,1
"4902778363928","Uni Mitsubishi Mechanical Pencil Lead Holder 2.0mm MH500","B","Japan Stationery","Shopee",2,51.40,25.70,25.70,25.70,2,2026-01-13,2026-02-25,1
"4902506431400","Pentel Orenz 2025 Click Once Renewal Release 0.2 0.3 0.5mm Drafting Pencil XPP502-RA XPP1002G2-RD","0.3 Ice Blue","Japan Stationery","Shopee",2,51.40,25.70,25.70,25.70,2,2026-01-17,2026-05-20,1
"4977564819934","Plus Decoration Roller Stamp Limited Edition Neko Roll 40236 40237 40238 40239","5mm Footprints pale","Japan Stationery","Shopee",2,51.40,25.70,25.70,25.70,2,2026-03-25,2026-04-06,1
"4902778303450","Uni Jetstream 4in1 Bamboo Multifunction Ballpoint Pen + Pencil 0.5 mm MSXE5-2000B-05","Type:Beige","Japan Stationery","Lazada",1,51.34,51.34,51.34,51.34,1,2026-03-31,2026-03-31,1
"4901480363868","Kokuyo Campus Notebook/Diary Exclusive Notebook Cover Clear B5|A5|B6|A6 ニ-CSC-B5 ニ-CSC-A5 ニ-CSC-B6 ニ-CSC-A6","B6","Japan Stationery","Shopee",3,51.00,17.00,17.00,17.00,3,2025-12-20,2026-02-23,1
"4902506289391","Pentel Vicuna EX - 2 Color (Black/Red) 0.7 mm Ballpoint Multi Pen + 0.5 mm Pencil - Multi Function Pen (White)","Color:Red","Japan Stationery","Lazada",1,51.00,51.00,51.00,51.00,1,2026-05-18,2026-05-18,1
"4902778309575","Kuru Toga Switch Alpha Gel Automatic Lead Rotation Mechanical Pencil (0.5mm) Uni Kurutoga","Color:0.5mm Opal Green","Japan Stationery","Lazada",1,50.91,50.91,50.91,50.91,1,2026-01-12,2026-01-12,1
"4902778320808","Uni Mitsubishi Jetstream x Peanut Limited Edition 4&1 Single  Ballpoint Pen 0.5mm Snoopy","Light Grey","Japan Stationery","Shopee",4,50.80,12.70,12.70,12.70,4,2025-08-08,2026-03-01,1
"4902505648977","Pilot ILMILY 3rd Color to Color A2 Kumi Limited Edition Ballpoint Pen & Marker 0.4mm イルミリーCTC BP 04 B-GY イルミリーCTC BP 04","Wine Red-Gray (Pen)","Japan Stationery","Shopee",4,50.80,12.70,12.70,12.70,4,2025-08-31,2026-02-28,1
"4902778320778","Uni Mitsubishi Jetstream Lite Limited Edition Ballpoint Pen 0.5mm SXNLS05.SB SXNLS05.WP SXNLS05.28 SXNLS05.39 MSXESL05.C","Forest Blue","Japan Stationery","Shopee",4,50.80,12.70,12.70,12.70,3,2025-11-01,2025-12-04,1
"4902505649011","Pilot ILMILY 3rd Color to Color A2 Kumi Limited Edition Ballpoint Pen & Marker 0.4mm イルミリーCTC BP 04 B-GY イルミリーCTC BP 04","Cherry-Peach (Pen)","Japan Stationery","Shopee",4,50.80,12.70,12.70,12.70,4,2025-11-08,2026-03-17,1
"4548351187798","Uni Mitsubishi Monotone Collection Japan Limited Edition Mechanical Pencil & Ballpoint Pen 0.38/0.5mm SXN100328FB MSXE51","Full Black (0.5)","Japan Stationery","Shopee",1,50.70,50.70,50.70,50.70,1,2025-09-02,2025-09-02,1
"4548351187736","Uni Mitsubishi Monotone Collection Japan Limited Edition Mechanical Pencil & Ballpoint Pen 0.38/0.5mm SXN100328FB MSXE51","White 0.38","Japan Stationery","Shopee",1,50.70,50.70,50.70,50.70,1,2025-10-29,2025-10-29,1
"4902505683701","Pilot Dr. GRIP 4+1 Botanical Color Ballpoint Pen 5mm BH41DG-155-AL","Linen Beige","Japan Stationery","Shopee",1,50.70,50.70,50.70,50.70,1,2025-11-14,2025-11-14,1
"4902505683718","Pilot Dr. GRIP 4+1 Botanical Color Ballpoint Pen 5mm BH41DG-155-AL","Cotton White","Japan Stationery","Shopee",1,50.70,50.70,50.70,50.70,1,2026-02-12,2026-02-12,1
"4902778347508","Japan Limited Edition Kuru Toga Alpha Gel Switch Gummy Candy Special Mechanical Pencil Uni M51007GG1P.LY M51007GG1P.YO","Hard - Ramune Blue","Japan Stationery","Shopee",1,50.70,50.70,50.70,50.70,1,2026-03-31,2026-03-31,1
"4902778347522","Japan Limited Edition Kuru Toga Alpha Gel Switch Gummy Candy Special Mechanical Pencil Uni M51007GG1P.LY M51007GG1P.YO","Soft - Lemon Yellow","Japan Stationery","Shopee",1,50.70,50.70,50.70,50.70,1,2026-05-14,2026-05-14,1
"4902505447877","Limited Edition Pilot Frixion Ball3 Slim Tri-color Pen Erasable 0.38mm","Refill 3pcs Blue","Japan Stationery","Shopee",3,50.70,16.90,16.90,16.90,3,2025-08-07,2025-11-15,1
"4901681886647","Zebra DelGuard Basic Anti-break Core Mechanical Pencil (0.7mm) 0.7","Color:Light Blue (0.7mm)","Japan Stationery","Lazada",2,50.68,25.34,23.02,27.66,2,2026-01-04,2026-03-02,1
"4901480339313","Kokuyo Gloo Strong, Clean, Disappearing Adhesive Glue Stick Turbo G321N-1P G322N-1P G323N-1P G301N-1P","Type:Blue - Medium 22g","Japan Stationery","Lazada",3,50.58,16.86,16.70,17.18,3,2025-12-19,2026-06-22,1
"4901480326832","Kokuyo Saxa Titanium Glueless Blade Scissors with Safety Cap HASA-P240D PH240D 240DM","COLOR:Blue","Japan Stationery","Lazada",1,50.45,50.45,50.45,50.45,1,2026-01-01,2026-01-01,1
"4902506172921","Japan Version Pentel Graph Gear 500 Drafting Mech Pencil 0.3 0.4 0.5 0.7 0.9mm PG513 PG514 PG515 PG517 PG519","Size:0.3mm","Japan Stationery","Lazada",2,50.26,25.13,22.56,27.70,2,2026-01-05,2026-03-15,1
"4902506432742","Pentel Energel Kohare Soft Color Pen 0.5mm Japan Limited Edition BLN75KH-A BLN75KH-B2 BLN75KH-3STA BLN75KH-3STB","Refreshing Set 3pcs","Japan Stationery","Shopee",1,50.20,50.20,50.20,50.20,1,2026-06-06,2026-06-06,1
"4901681536825","Limited Edition Zebra Delguard ER & GR 0.5mm - Eraser and Grip Anti break Core Lead Mechanical Pencil","GR Marine Blue","Japan Stationery","Shopee",1,49.70,49.70,49.70,49.70,1,2025-08-18,2025-08-18,1
"4901681536948","Limited Edition Zebra Delguard ER & GR 0.5mm - Eraser and Grip Anti break Core Lead Mechanical Pencil","ER Aqua Green","Japan Stationery","Shopee",1,49.70,49.70,49.70,49.70,1,2026-06-03,2026-06-03,1
"4901480319667","KOKUYO Campus Notebook Color Cover with Dots, Ruled Width 7mm ノ-3CAT-B ノ-203CATN-B ノ-3CBT-B","paper_size:Pink-A4-30S-7mm | Variation1:Pink-A4-30S-7mm","Japan Stationery","Lazada",3,49.63,16.54,15.33,17.15,2,2025-08-11,2025-10-11,1
"4901991066609","Tombow Mono Limited Shimmer Edition 958S DPB-142A DPB-142B DPB-142C DPB-142D DPB-142E CT-PAX5C209L CT-PAX5C409L","Pencil Monograph,Emerald","Japan Stationery","Shopee",2,49.40,24.70,24.70,24.70,2,2026-05-10,2026-06-06,1
"4548351187798","Uni Mitsubishi Monotone Collection Japan Limited Edition Mechanical Pencil & Ballpoint Pen 0.38/0.5mm SXN100328FB MSXE51","Type:Full Black (0.5)","Japan Stationery","Lazada",1,49.35,49.35,49.35,49.35,1,2025-10-06,2025-10-06,1
"4902506323774","Pentel Art Multi 8 Mechanical Pencil Refill Leads 0.2mm CH2-A CH2-B CH2-C CH2-D CH2-E CH2-F CH2-G CH2-H CH2-K CH2-P","Pale Orange","Japan Stationery","Shopee",6,49.20,8.20,8.20,8.20,6,2025-07-11,2026-05-22,2
"4902778272008","Kuru Toga Switch Alpha Gel Automatic Lead Rotation Mechanical Pencil (0.5mm) Uni Kurutoga","Color:0.5mm Navy","Japan Stationery","Lazada",1,49.20,49.20,49.20,49.20,1,2025-08-10,2025-08-10,1
"6975498007517","Olight O'Pen Mini Portable Ballpoint","Red","Elite Camp","Shopee",1,49.00,49.00,49.00,49.00,1,2026-04-30,2026-04-30,1
"4902505453618","Pilot Iroshizuku Fountain Pen Ink 50 ml INK-50-AS","Type:SNK-Deep Sea","Japan Stationery","Lazada",1,49.00,49.00,49.00,49.00,1,2025-07-18,2025-07-18,1
"4902506306371","Pentel Vicuna EX - 2 Color (Black/Red) 0.7 mm Ballpoint Multi Pen + 0.5 mm Pencil - Multi Function Pen (White)","Color:Purple","Japan Stationery","Lazada",1,48.84,48.84,48.84,48.84,1,2026-05-28,2026-05-28,1
"4902778303467","Uni Jetstream 4in1 Bamboo Multifunction Ballpoint Pen + Pencil 0.5 mm MSXE5-2000B-05","Blue Gray","Japan Stationery","Shopee",1,48.70,48.70,48.70,48.70,1,2026-02-21,2026-02-21,1
"4902778351420","Uni Mitsubishi Uniball ZENTO Gel Pen Refill 0.38/0.5mm UBRZ38.15 UBRZ38.24 UBRZ38 UBRZ05 UBRZ05.24","Refill Red 0.7mm","Japan Stationery","Shopee",5,48.50,9.70,9.70,9.70,4,2026-03-16,2026-06-03,1
"4901681129232","Zebra Snoopy Wakuwaku Delguard Mildliner Macky Sarasa Japan Limited Edition P-MA85-SN-WS-PU WKT7-SN-WS-MBP YYTS7-SN-WS-B","ML Lemon Yellow","Japan Stationery","Shopee",5,48.50,9.70,9.70,9.70,5,2026-03-24,2026-06-26,1
"4970381916381","Uni-ball-Enksy Kuru Toga Minecraft Ender Dragon and Warden Japan Limited Edition","Warden","Japan Stationery","Shopee",1,48.20,48.20,48.20,48.20,1,2026-06-05,2026-06-05,1
"4901480311623","Kokuyo Adult Campus Notebook A5 Grid Ruled 40 Sheets ノ-104S5-D ノ-4S5-D ノ-201S5N-D ノ-108S5-D ノ-8S5-D ス-T153S5-D","B5 40S","Japan Stationery","Shopee",4,48.00,12.00,12.00,12.00,3,2025-07-16,2025-08-07,1
"4901480364537","Kokuyo Campus Study Study Planner 2 Weeks A5 B5 ノ-Y80LT-DB ノ-Y82LT-DB","B5 Purple","Japan Stationery","Shopee",3,48.00,16.00,16.00,16.00,3,2025-09-14,2026-01-08,1
"4901681368600","Zebra Highlighter Optex Care - Japan Edition Water Proof Light Resistant Double Sided Bight","10 Color Set","Japan Stationery","Shopee",1,47.70,47.70,47.70,47.70,1,2025-08-31,2025-08-31,1
"4902778225608","Uni NanoDia Color Erasable Lead 0.7 mm U07202NDC","Pink","Japan Stationery","Shopee",4,47.60,11.90,11.90,11.90,4,2025-07-11,2026-01-16,1
"4902778185728","Uni NanoDia Color Erasable Lead 0.7 mm U07202NDC","Red","Japan Stationery","Shopee",4,47.60,11.90,11.90,11.90,4,2025-07-14,2025-12-12,1
"4902506406293","Japan Pentel Ain Mechanical Pencil Lead 0.2/0.3/0.4/0.5/0.7/0.9/1.3 mm","0.2 HB","Japan Stationery","Shopee",4,47.60,11.90,11.90,11.90,4,2025-10-27,2026-06-08,1
"4901681491940","Zebra Mildliner Double sided Highlighter Set - Pack of 5 Colors","Color:WKT7-5C-NTC","Japan Stationery","Lazada",2,47.51,23.76,18.66,28.85,2,2025-12-21,2026-01-12,1
"4901480265919","KOKUYO Campus Notebook Color Cover with Dots, Ruled Width 7mm ノ-3CAT-B ノ-203CATN-B ノ-3CBT-B","Green|B5|30S|6mm","Japan Stationery","Shopee",5,47.50,9.50,9.50,9.50,4,2025-07-16,2026-02-06,1
"4901480632162","Kokuyo Campus Notebook 5 Colored Cover Semi-B5 Normal-Medium Line 30 Sheets 6mm 7mm ノ-3CAN-B ノ-3CBN-B","Yellow,6mm","Japan Stationery","Shopee",5,47.50,9.50,9.50,9.50,4,2025-10-16,2026-06-17,1
"4901480072883","Kokuyo Campus Notebook Special Ruled B5 A4 Grid, English Practice, Vertical, Plain Ruled 30-40 Sheets ノ-13S5 ノ-201S5","Vertical B5","Japan Stationery","Shopee",5,47.50,9.50,9.50,9.50,2,2025-11-10,2026-01-02,1
"4901480265872","KOKUYO Campus Notebook Color Cover with Dots, Ruled Width 7mm ノ-3CAT-B ノ-203CATN-B ノ-3CBT-B","Pink|B5|30S|7mm","Japan Stationery","Shopee",5,47.50,9.50,9.50,9.50,3,2025-11-24,2026-06-27,1
"4901480265858","KOKUYO Campus Notebook Color Cover with Dots, Ruled Width 7mm ノ-3CAT-B ノ-203CATN-B ノ-3CBT-B","Blue|B5|30S|7mm","Japan Stationery","Shopee",5,47.50,9.50,9.50,9.50,5,2026-01-10,2026-04-22,1
"4901480095370","Kokuyo Campus Notebook B5 A4 A6 Environmentally Friendly Notebook 7mm 6mm Normal-Medium Lines ノ-3ANX3 ノ-4ANX3 ノ-5ANX3","30S-5sets-6mm-BLU-B5","Japan Stationery","Shopee",1,47.50,47.50,47.50,47.50,1,2026-06-28,2026-06-28,1
"4977564613358","Plus Twiggy Portable Scissors FitCut Curve","Blue","Japan Stationery","Shopee",2,47.40,23.70,23.70,23.70,2,2025-08-28,2025-09-26,1
"4902505641527","Pilot Iroshizuku Fountain Pen Ink Cartridges Refill (6 Cartridges) 0.8 ml IRF-6S-AS","MS-Beautyberry","Japan Stationery","Shopee",1,47.00,47.00,47.00,47.00,1,2025-08-25,2025-08-25,1
"4902505641534","Pilot Iroshizuku Fountain Pen Ink Cartridges Refill (6 Cartridges) 0.8 ml IRF-6S-AS","FS-Winter General","Japan Stationery","Shopee",1,47.00,47.00,47.00,47.00,1,2026-02-27,2026-02-27,1
"4902505641510","Pilot Iroshizuku Fountain Pen Ink Cartridges Refill (6 Cartridges) 0.8 ml IRF-6S-AS","MO-Maple","Japan Stationery","Shopee",1,47.00,47.00,47.00,47.00,1,2026-03-01,2026-03-01,1
"4902505641541","Pilot Iroshizuku Fountain Pen Ink Cartridges Refill (6 Cartridges) 0.8 ml IRF-6S-AS","SHR-Fresh Green","Japan Stationery","Shopee",1,47.00,47.00,47.00,47.00,1,2026-04-01,2026-04-01,1
"4902505641503","Pilot Iroshizuku Fountain Pen Ink Cartridges Refill (6 Cartridges) 0.8 ml IRF-6S-AS","KJ-Peacock","Japan Stationery","Shopee",1,47.00,47.00,47.00,47.00,1,2026-04-17,2026-04-17,1
"4902505641466","Pilot Iroshizuku Fountain Pen Ink Cartridges Refill (6 Cartridges) 0.8 ml IRF-6S-AS","Type:KO-Deep Blue","Japan Stationery","Lazada",1,47.00,47.00,47.00,47.00,1,2026-05-13,2026-05-13,1
"4902778199480","Uni Kuru Toga Pipe Slide Automatic Lead Rotation Mechanical Pencil 0.5mm","Color:Black | Color family:Black","Japan Stationery","Lazada",2,46.99,23.50,22.10,24.89,2,2025-08-27,2026-01-27,1
"4902778258781","Uni Jetstream Edge Ballpoint Pen - 0.28 mm Uniball Extra Fine Tip Pen Mitsubishi (SXN-1003-28) Premium Japan","Color:Champagne Gold","Japan Stationery","Lazada",1,46.94,46.94,46.94,46.94,1,2026-04-16,2026-04-16,1
"4902778313961","Uni Jetstream Prime 2025 Japan Limited Edition Refill SXRL8005.15 SXRL8005.24 SXRL8005.33","Blue","Japan Stationery","Shopee",7,46.90,6.70,6.70,6.70,6,2025-10-13,2026-06-10,1
"4901681843930","Sarasa Clip 0.5 Limited Sanrio Characters 1st Edition JJ29-SR1-BK1 JJ29-SR1-R1 JJ29-SR1-C0BL JJ29-SR1-ROR JJ29-SR1-3CA R","Refill Red 2","Japan Stationery","Shopee",7,46.90,6.70,6.70,6.70,6,2025-12-03,2026-05-19,1
"4902505676611","Pilot Neox Graphite Mechanical Pencil Refill 0.3/0.4/0.5/0.7/0.9mm HRFG-03-H -HB -B -2B HRFG-04-H -HB -B -2B HRFG-05-2H","2B 0.9","Japan Stationery","Shopee",4,46.80,11.70,11.70,11.70,3,2025-08-01,2026-02-16,1
"4902505676482","Pilot Neox Graphite Mechanical Pencil Refill 0.3/0.4/0.5/0.7/0.9mm HRFG-03-H -HB -B -2B HRFG-04-H -HB -B -2B HRFG-05-2H","2H 0.5","Japan Stationery","Shopee",4,46.80,11.70,11.70,11.70,4,2025-08-20,2026-04-10,1
"4901681823871","Mildliner Fragrance Japan Limited Edition Highlighter Pen Series Special Zebra WK7T-FR-MS0B WK7T","Flower Bouquet Scent","Japan Stationery","Shopee",5,46.70,9.34,7.90,9.70,5,2025-09-21,2026-06-19,1
"4902505641527","Pilot Iroshizuku Fountain Pen Ink Cartridges Refill (6 Cartridges) 0.8 ml IRF-6S-AS","Type:MS-Beautyberry","Japan Stationery","Lazada",1,46.53,46.53,46.53,46.53,1,2026-05-19,2026-05-19,1
"4901681886845","Zebra Sarasa Nano Snoopy Collaboration Vintage Single 0.3mm/0.38mm","Orange 0.38mm","Japan Stationery","Shopee",3,46.50,15.50,15.50,15.50,3,2025-08-17,2026-03-10,1
"4901681886739","Zebra Sarasa Nano Snoopy Collaboration Vintage Single 0.3mm/0.38mm","Camel Yellow 0.3mm","Japan Stationery","Shopee",3,46.50,15.50,15.50,15.50,3,2025-09-05,2026-01-28,1
"4901681815432","Zebra Blen 3C 0.5 Japan Limited Edition My Style B3AS88-MS-CBL B3AS88-MS-GUG B3AS88-MS-CP B3AS88-MS-RW B3AS88-MS-FY","Fortune Yellow","Japan Stationery","Shopee",2,46.40,23.20,23.20,23.20,2,2026-01-08,2026-04-04,1
"4901480364711","KOKUYO Enpitsu Sharp Mechanical Pencil Lead - HB / B / 2B ( 0.3 / 0.5 / 0.7 / 0.9 / 1.3 mm ) PSR-2B03-1P PSR-B03-1P","0.7mm 2B (30pcs)","Japan Stationery","Shopee",4,46.00,11.50,11.50,11.50,4,2025-08-06,2025-11-11,1
"4902778700280","Uni Pure Malt Glossy Gel Pen - 0.5 mm - Dark / Light Brown Wood Grip Uni-ball","Dark Wood","Japan Stationery","Shopee",2,46.00,23.00,23.00,23.00,2,2025-10-26,2025-12-25,1
"4902505676529","Pilot Lead Refill  Mechanical Pencil Neox Graphite Mini 0.3, 0.4, 0.5 HRFG-03-HB HRFG-0-B HRFGM-04-HB HRFGM-04-HBTAL","NEO Graphite 05 B | B 0.5","Japan Stationery","Shopee",4,45.80,11.45,10.70,11.70,4,2025-08-02,2026-06-10,2
"4902505676420","Pilot Lead Refill  Mechanical Pencil Neox Graphite Mini 0.3, 0.4, 0.5 HRFG-03-HB HRFG-0-B HRFGM-04-HB HRFGM-04-HBTAL","NEO Graphite 03 B | B 0.3","Japan Stationery","Shopee",4,45.80,11.45,10.70,11.70,4,2025-08-05,2025-11-05,2
"4902506289407","Pentel Vicuna EX - 2 Color (Black/Red) 0.7 mm Ballpoint Multi Pen + 0.5mm Pencil","Blue","Japan Stationery","Shopee",1,45.70,45.70,45.70,45.70,1,2025-10-13,2025-10-13,1
"4902506289391","Pentel Vicuna EX - 2 Color (Black/Red) 0.7 mm Ballpoint Multi Pen + 0.5mm Pencil","Red","Japan Stationery","Shopee",1,45.70,45.70,45.70,45.70,1,2026-05-10,2026-05-10,1
"4902506306371","Pentel Vicuna EX - 2 Color (Black/Red) 0.7 mm Ballpoint Multi Pen + 0.5mm Pencil","Purple","Japan Stationery","Shopee",1,45.70,45.70,45.70,45.70,1,2026-06-24,2026-06-24,1
"4901480368993","Kokuyo Perpanep Notebook Tsuru Sara Zara 3mm|4mm|5mm|6mm 60 Sheets PER-MT106S3M PER-MT106WT4M PER-MS106WT4M","Tsuru Tsuru,4mm Squared","Japan Stationery","Shopee",1,45.00,45.00,45.00,45.00,1,2025-07-17,2025-07-17,1
"4901480363875","Kokuyo Campus Notebook/Diary Exclusive Notebook Cover Clear B5|A5|B6|A6 ニ-CSC-B5 ニ-CSC-A5 ニ-CSC-B6 ニ-CSC-A6","A6","Japan Stationery","Shopee",3,45.00,15.00,15.00,15.00,3,2025-12-20,2026-03-03,1
"4901480369006","Kokuyo Perpanep Notebook Tsuru Sara Zara 3mm|4mm|5mm|6mm 60 Sheets PER-MT106S3M PER-MT106WT4M PER-MS106WT4M","Tsuru Tsuru,5mm Squared","Japan Stationery","Shopee",1,45.00,45.00,45.00,45.00,1,2026-02-05,2026-02-05,1
"4902778347539","Japan Limited Edition Kuru Toga Alpha Gel Switch Gummy Candy Special Mechanical Pencil Uni M51007GG1P.LY M51007GG1P.YO","Color:Soft - Yogurt","Japan Stationery","Lazada",1,44.95,44.95,44.95,44.95,1,2026-03-27,2026-03-27,1
"4901480287430","Kokuyo Beetle Tip Dual Color Highlighter Marker (3pcs pack) PM-L303/PM-L313","Standard Color","Japan Stationery","Shopee",1,44.90,44.90,44.90,44.90,1,2025-10-30,2025-10-30,1
"4901480313924","Kokuyo Beetle Tip Dual Color Highlighter Marker (3pcs pack) PM-L303/PM-L313","Soft Color","Japan Stationery","Shopee",1,44.90,44.90,44.90,44.90,1,2026-02-15,2026-02-15,1
"4902778028193","Uni Kuru Toga Basic - Automatic Lead Rotation Mechanical Pencil (0.5mm)","Color:Light Blue | Color family:Light blue","Japan Stationery","Lazada",2,44.64,22.32,20.40,24.24,2,2025-08-08,2025-11-08,2
"4902778347515","Japan Limited Edition Kuru Toga Alpha Gel Switch Gummy Candy Special Mechanical Pencil Uni M51007GG1P.LY M51007GG1P.YO","Color:Hard - Cola Brown","Japan Stationery","Lazada",1,44.62,44.62,44.62,44.62,1,2026-03-22,2026-03-22,1
"4901991064858","Tombow Kimonogatari 2025 940S Mechanical pencil Tree Story wood DHA-151A DHA-151B DHA-151C DHA-151D DHA-151E","natural","Japan Stationery","Shopee",2,44.60,22.30,22.30,22.30,1,2026-06-21,2026-06-21,1
"4901480313924","Kokuyo Beetle Tip Dual Color Highlighter Marker (3pcs pack) PM-L303/PM-L313","Color:Soft Color","Japan Stationery","Lazada",2,44.56,22.28,22.28,22.28,1,2026-05-29,2026-05-29,1
"4902778274170","Uni Mitsubishi Mechanical Pencil Refill Leads 0.3/0.4/0.5/0.7/0.9 mm UL-S-0.3-25 1P","3H (0.5)","Japan Stationery","Shopee",5,44.50,8.90,8.90,8.90,4,2025-07-09,2026-06-19,1
"4901480315492","Kokuyo Stapleless Stapler Harinacs Compact Alpha SLN-MSH305B SLN-MSH305DB SLN-MSH305G SLN-MSH305P SLN-MSH305W","SLN-MSH305:Blue","Japan Stationery","Lazada",1,44.03,44.03,44.03,44.03,1,2026-02-26,2026-02-26,1
"4901480232867","KOKUYO Dotliner Glue Tape Knock, Stamp (refill or tape set) TA-DM480-07NB D480-07N DM480-07NP DM460-08","Stamp Blue","Japan Stationery","Shopee",2,44.00,22.00,22.00,22.00,2,2025-07-03,2025-07-04,1
"4901480164151","Kokuyo Repete Made Of Canvas With Bottom Gusset And Inner Pocket Pencil Case F-VBF101DB","Pink","Japan Stationery","Shopee",1,44.00,44.00,44.00,44.00,1,2026-03-03,2026-03-03,1
"uni-sxr80-05-red-x5pcs","Refill for Mitsubishi Multi Function Jetstream Pen SXR-80-05 (0.5mm)","Red (0.5mm) x5pcs","Japan Stationery","Shopee",2,43.80,21.90,21.90,21.90,2,2026-03-03,2026-03-15,1
"4902778121771","Uni Kuru Toga Alpha Gel Automatic Lead Rotation Mechanical Pencil (0.5mm)","Red","Japan Stationery","Shopee",1,43.70,43.70,43.70,43.70,1,2026-02-02,2026-02-02,1
"4902505649042","Pilot ILMILY 3rd Color to Color A2 Kumi Limited Edition Ballpoint Pen & Marker 0.4mm イルミリーCTC BP 04 B-GY イルミリーCTC BP 04","Emerald-Mint(Marker)","Japan Stationery","Shopee",5,43.50,8.70,8.70,8.70,5,2025-08-01,2026-05-20,1
"4902505674686","Pilot ILMILY 3rd Color to Color A2 Kumi Limited Edition Ballpoint Pen & Marker 0.4mm イルミリーCTC BP 04 B-GY イルミリーCTC BP 04","Olive-Mimosa(Marker)","Japan Stationery","Shopee",5,43.50,8.70,8.70,8.70,5,2025-08-25,2026-05-06,1
"4902505649059","Pilot ILMILY 3rd Color to Color A2 Kumi Limited Edition Ballpoint Pen & Marker 0.4mm イルミリーCTC BP 04 B-GY イルミリーCTC BP 04","Grape-Lavender(Marke","Japan Stationery","Shopee",5,43.50,8.70,8.70,8.70,5,2025-09-08,2026-04-27,1
"4902505686566","Pilot Lead Refill  Mechanical Pencil Neox Graphite Mini 0.3, 0.4, 0.5 HRFG-03-HB HRFG-0-B HRFGM-04-HB HRFGM-04-HBTAL","LimitedEdition1 04HB","Japan Stationery","Shopee",5,43.50,8.70,8.70,8.70,2,2025-10-02,2026-06-20,1
"4902778028155","Uni Kuru Toga Basic - Automatic Lead Rotation Mechanical Pencil (0.5mm)","Green","Japan Stationery","Shopee",2,43.40,21.70,21.70,21.70,2,2025-12-04,2026-03-27,1
"4901681567621","Zebra Sharp Rinto Japan Limited Edition Mechanical Pencil 0.3/0.5 mm P-MAS130-RLV P-MAS130-ABL P-MAS130-MG P-MAS130-W","Type:Lint Lavender 0.5","Japan Stationery","Lazada",2,43.38,21.69,19.45,23.93,2,2025-08-31,2025-11-04,1
"4901991063509","Tombow Sharp Mechanical Pencil Monowork Monograph Work 1.3mm Exam Ideas 869S Set DPB-151A DPB-161 PCB-251 ECJ-121","Refill B","Japan Stationery","Shopee",4,42.80,10.70,10.70,10.70,4,2025-07-29,2026-03-17,1
"4901681576029","Zebra DelGuard Metal Grip Type-Lx Anti-break Core Mechanical Pencil (0.3mm)","Blue","Japan Stationery","Shopee",1,42.70,42.70,42.70,42.70,1,2025-07-31,2025-07-31,1
"4901681576012","Zebra DelGuard Metal Grip Type-Lx Anti-break Core Mechanical Pencil (0.3mm)","Black","Japan Stationery","Shopee",1,42.70,42.70,42.70,42.70,1,2025-12-21,2025-12-21,1
"4903419830915","Original Lihit Lab Pen / Pencil Case – 2 Way Pen Case A-7552 A7552 A-7557 A7557","Navy Camo Std","Japan Stationery","Shopee",1,42.70,42.70,42.70,42.70,1,2025-12-21,2025-12-21,1
"4903419844264","Original Lihit Lab Pen / Pencil Case – 2 Way Pen Case A-7552 A7552 A-7557 A7557","Ice Gray Camo Std","Japan Stationery","Shopee",1,42.70,42.70,42.70,42.70,1,2025-12-21,2025-12-21,1
"4903419819859","Original Lihit Lab Pen / Pencil Case – 2 Way Pen Case A-7552 A7552 A-7557 A7557","Jet Black Standard","Japan Stationery","Shopee",1,42.70,42.70,42.70,42.70,1,2026-01-12,2026-01-12,1
"4903419819842","Original Lihit Lab Pen / Pencil Case – 2 Way Pen Case A-7552 A7552 A-7557 A7557","Blue Standard","Japan Stationery","Shopee",1,42.70,42.70,42.70,42.70,1,2026-06-05,2026-06-05,1
"4901480353920","Kokuyo Mark+ Two Tone Color Marker PM-MT100-5S","Blue","Japan Stationery","Shopee",5,42.50,8.50,8.50,8.50,5,2025-08-22,2026-03-31,1
"4901480326818","Kokuyo Saxa Fluorine Coated Glueless Blade Scissors with Safety Cap HASA-PF280B PF280P PF280W","Pink","Japan Stationery","Shopee",1,42.50,42.50,42.50,42.50,1,2026-05-31,2026-05-31,1
"4901681277711","Zebra DelGuard Rubber Grip Type - GR Anti-break Core Mechanical Pencil (0.5mm)","Color:Black","Japan Stationery","Lazada",1,42.19,42.19,42.19,42.19,1,2026-03-15,2026-03-15,1
"4901681579822","Zebra DelGuard Original Anti-break Core Mechanical Pencil Basic (0.3mm) Japan Premium Student Gift","Color:Blue","Japan Stationery","Lazada",2,42.11,21.05,17.96,24.15,2,2025-08-28,2025-09-09,1
"4902778183892","Uni Kuru Toga Basic - Automatic Lead Rotation Mechanical Pencil (0.5mm)","Color:Violet | Color family:Purple","Japan Stationery","Lazada",2,42.09,21.05,20.39,21.70,2,2025-07-23,2025-11-08,2
"4901480311609","Kokuyo Adult Campus Notebook A5 Grid Ruled 40 Sheets ノ-104S5-D ノ-4S5-D ノ-201S5N-D ノ-108S5-D ノ-8S5-D ス-T153S5-D","A5 40S","Japan Stationery","Shopee",4,42.00,10.50,10.50,10.50,4,2025-07-16,2026-04-08,1
"4901480318219","Kokuyo Campus Notepad Grid Ruled Cut Off A4|A7|A5|B5 70 Sheets レ-M747S5-D レ-M737S5-D レ-M727S5-D メ-M777S5-D","A7 70S","Japan Stationery","Shopee",3,42.00,14.00,14.00,14.00,3,2025-09-25,2025-11-07,1
"6975498007517","Olight O'Pen Mini Portable Ballpoint","Red","Japan Stationery","Shopee",1,42.00,42.00,42.00,42.00,1,2026-06-11,2026-06-11,1
"4901480369464","Kokuyo Campus Notebook - Semi B5 - 5 mm Graph / 10 mm Square - Pack of 4 Animals ノ-30AS10-5X4","Size:4-Packs Animal Print","Japan Stationery","Lazada",1,42.00,42.00,42.00,42.00,1,2026-04-16,2026-04-16,1
"4902778260586","Uni Alpha Gel Slim Mechanical Pencil 0.5mm M5-809GG 1P M5-807GG 1P","Gunmetallic","Japan Stationery","Shopee",1,41.70,41.70,41.70,41.70,1,2025-09-25,2025-09-25,1
"4901480343679","Kokuyo Campus Cover Notebook (with print storage pocket) ノ-623A-B ノ-623A-Y ノ-621AN-B","A4 Pink","Japan Stationery","Shopee",1,41.50,41.50,41.50,41.50,1,2025-07-26,2025-07-26,1
"4901480343662","Kokuyo Campus Cover Notebook (with print storage pocket) ノ-623A-B ノ-623A-Y ノ-621AN-B","A4 Blue","Japan Stationery","Shopee",1,41.50,41.50,41.50,41.50,1,2025-12-20,2025-12-20,1
"4901681579846","Zebra DelGuard Original Anti-break Core Mechanical Pencil Basic (0.3mm) Japan Premium Student Gift","Luminous Blue","Japan Stationery","Shopee",2,41.40,20.70,20.70,20.70,2,2025-07-06,2026-01-27,1
"4901681431830","Zebra DelGuard Original Anti-break Core Mechanical Pencil Basic (0.5mm)","Green","Japan Stationery","Shopee",2,41.40,20.70,20.70,20.70,2,2025-08-08,2025-09-02,1
"4902505686511","Pilot S3 Mechanical Pencil Neox Graphite Mini Japan Limited Edition HPS-30R-TMNL3 HPS-30R-TBE3 HPS-30R-TBE4 HPS-30R-TAL4","Trans Mid Blue 0.5","Japan Stationery","Shopee",2,41.40,20.70,20.70,20.70,1,2025-08-09,2025-08-09,1
"4901681579860","Zebra DelGuard Original Anti-break Core Mechanical Pencil Basic (0.3mm) Japan Premium Student Gift","White","Japan Stationery","Shopee",2,41.40,20.70,20.70,20.70,2,2025-10-15,2025-11-15,1
"4902778301517","2025 New Uni Jetstream 3-color Ballpoint Pen Extra Black ink 3-in-1 SXE350705.24 SXE350705W.51 SXE350705.37 SXE350705.35","Forest Blue","Japan Stationery","Shopee",2,41.40,20.70,20.70,20.70,2,2025-11-09,2026-05-23,1
"4902778282588","2025 New Uni Jetstream 3-color Ballpoint Pen Extra Black ink 3-in-1 SXE350705.24 SXE350705W.51 SXE350705.37 SXE350705.35","Berry Pink","Japan Stationery","Shopee",2,41.40,20.70,20.70,20.70,2,2026-03-02,2026-05-23,1
"4902778164334","Refill for Mitsubishi Multi Function Jetstream Pen SXR-80-38 (0.38mm) Extra Fine","Blue (0.38mm)","Japan Stationery","Shopee",7,41.30,5.90,5.90,5.90,5,2025-07-12,2026-06-10,1
"4901480345147","Kokuyo Gloo Repositionable Adhesive Glue Tape Set Refill TA-GM410-07 GM400-08 G410-07 G400-08 GM411","Removable,Refill Small","Japan Stationery","Shopee",3,41.10,13.70,13.70,13.70,2,2025-10-17,2026-04-10,1
"4902506427533","Pentel Ain Cool Nuance Japan Limited Edition Lead Refill Eraser 0.5mm C285LMD-B C285LME-B ZEAC06LMZ","Ash Bronze","Japan Stationery","Shopee",3,41.10,13.70,13.70,13.70,3,2026-03-15,2026-06-25,1
"4901480339368","Kokuyo Gloo Strong, Clean, Disappearing Adhesive Glue Stick Turbo G321N-1P G322N-1P G323N-1P G301N-1P","Type:Blue M Pack of 3","Japan Stationery","Lazada",1,41.08,41.08,41.08,41.08,1,2026-01-01,2026-01-01,1
"4901480367477","KOKUYO Soofa Soft Ring Notebook 4 mm Grid Ruled A5 B6 80 sheets ス-SV738S4-DM sufa sooofa SU738S4","Light Blue,A5","Japan Stationery","Shopee",1,41.00,41.00,41.00,41.00,1,2025-10-21,2025-10-21,1
"4901681579846","Zebra DelGuard Original Anti-break Core Mechanical Pencil Basic (0.3mm) Japan Premium Student Gift","Variation1:Luminous Blue","Japan Stationery","Lazada",2,40.97,20.48,20.48,20.49,1,2026-02-05,2026-02-05,1
"4902778322246","Uni Mitsubishi Uniball ZENTO Gel Pen Refill 0.38/0.5mm UBRZ38.15 UBRZ38.24 UBRZ38 UBRZ05 UBRZ05.24","Type:Refill Blue 0.5","Japan Stationery","Lazada",4,40.94,10.24,9.35,11.00,3,2026-04-16,2026-05-07,1
"4902506407030","Japan Pentel Ain Mechanical Pencil Lead 0.2/0.3/0.4/0.5/0.7/0.9/1.3 mm","Variation1:0.9 2B | Type:0.9 2B","Japan Stationery","Lazada",3,40.87,13.62,12.13,16.60,2,2025-11-04,2025-12-30,1
"4902778274026","Uni Mitsubishi Mechanical Pencil Refill Leads 0.3/0.4/0.5/0.7/0.9 mm UL-S-0.3-25 1P","Type:HB (0.4)","Japan Stationery","Lazada",4,40.82,10.21,8.81,14.20,3,2025-09-28,2026-06-24,1
"4902778343913","Uni Disney Japan Limited Edition Jetstream 4&1 Jet Stream or Type 807 MSXE516D5PMBC SXE3807D05CG MSXE516D5PMBM","807 Greige","Japan Stationery","Shopee",1,40.70,40.70,40.70,40.70,1,2025-09-13,2025-09-13,1
"4901681882151","Zebra Delguard Type GR 0.5 Limited Relaxation Color Japan Limited Edition P-MA93-RE-CAG P-MA93-RE-TPU P-MA93-RE-RGR","Twilight Purple","Japan Stationery","Shopee",1,40.70,40.70,40.70,40.70,1,2025-12-10,2025-12-10,1
"4901681882168","Zebra Delguard Type GR 0.5 Limited Relaxation Color Japan Limited Edition P-MA93-RE-CAG P-MA93-RE-TPU P-MA93-RE-RGR","Rainy Gray","Japan Stationery","Shopee",1,40.70,40.70,40.70,40.70,1,2026-04-03,2026-04-03,1
"4902778039946","Uniball Mitsubishi Uni Jetstream F Series 2 Color & Mechanical Pencil","Color family:Silky Gold","Japan Stationery","Lazada",1,40.53,40.53,40.53,40.53,1,2025-08-18,2025-08-18,1
"4901480344348","Kokuyo Karu Cut Washi Tape Cutter - Clip -10-15mm /  20-25 mm T-SM400LB T-SM400LG T-SM400LP T-SM400W T-SM401LB T-SM401LG","10-15mm(LY)","Japan Stationery","Shopee",2,40.00,20.00,20.00,20.00,2,2025-11-23,2026-06-14,1
"4902506371713","Pentel Orenz Metal Grip Drafting Mechanical Pencil 0.2mm 0.3mm","Color:0.3mm Black","Japan Stationery","Lazada",1,39.97,39.97,39.97,39.97,1,2026-03-15,2026-03-15,1
"4902505686535","Pilot Lead Refill  Mechanical Pencil Neox Graphite Mini 0.3, 0.4, 0.5 HRFG-03-HB HRFG-0-B HRFGM-04-HB HRFGM-04-HBTAL","Graphite Mini 04 HB","Japan Stationery","Shopee",7,39.90,5.70,5.70,5.70,3,2025-10-30,2025-12-30,1
"4902506430946","Zebra Floatune Japan Limited Edition Airy Design Pen Special color Smooth ink and tip BZN204AD1-A BZN205AD1-A XZRN4-A","Mist Violet 0.4mm","Japan Stationery","Shopee",2,39.90,19.95,19.95,19.95,2,2025-07-19,2025-11-28,1
"4902506430922","Zebra Floatune Japan Limited Edition Airy Design Pen Special color Smooth ink and tip BZN204AD1-A BZN205AD1-A XZRN4-A","Summer Orange 0.4mm","Japan Stationery","Shopee",2,39.90,19.95,19.95,19.95,2,2026-01-06,2026-05-20,1
"4902778147252","Refill for Mitsubishi Multi Function Jetstream Pen SXR-80-07 (0.7mm)","Black (Pack of 5pcs)","Japan Stationery","Shopee",2,39.80,19.90,19.90,19.90,2,2025-08-25,2025-09-19,1
"4902506371850","Pentel Orenz Metal Grip Mechanical Pencil 0.5mm","Dark Blue","Japan Stationery","Shopee",1,39.70,39.70,39.70,39.70,1,2025-07-23,2025-07-23,1
"4977564544874","Plus Needle Free Stapler - Needleless Paper Clinch","Green","Japan Stationery","Shopee",1,39.70,39.70,39.70,39.70,1,2025-09-06,2025-09-06,1
"4902778001080","Mitsubishi Uni Alpha-Gel Shaka Soft Mechanical Pencil 0.5mm M5-619GG 1P","White-B","Japan Stationery","Shopee",1,39.70,39.70,39.70,39.70,1,2025-09-17,2025-09-17,1
"4902778001103","Mitsubishi Uni Alpha-Gel Shaka Soft Mechanical Pencil 0.5mm M5-619GG 1P","Yellow Green","Japan Stationery","Shopee",1,39.70,39.70,39.70,39.70,1,2025-11-05,2025-11-05,1
"4902506371843","Pentel Orenz Metal Grip Mechanical Pencil 0.5mm","Red","Japan Stationery","Shopee",1,39.70,39.70,39.70,39.70,1,2025-12-05,2025-12-05,1
"4902506371836","Pentel Orenz Metal Grip Mechanical Pencil 0.5mm","Black","Japan Stationery","Shopee",1,39.70,39.70,39.70,39.70,1,2025-12-10,2025-12-10,1
"4902778001134","Mitsubishi Uni Alpha-Gel Shaka Soft Mechanical Pencil 0.5mm M5-619GG 1P","Rose Pink","Japan Stationery","Shopee",1,39.70,39.70,39.70,39.70,1,2026-02-03,2026-02-03,1
"4902506371744","Pentel Orenz Metal Grip Drafting Mechanical Pencil 0.2mm 0.3mm","0.3mm Champagne Gold","Japan Stationery","Shopee",1,39.70,39.70,39.70,39.70,1,2026-02-21,2026-02-21,1
"4902506371737","Pentel Orenz Metal Grip Drafting Mechanical Pencil 0.2mm 0.3mm","0.3mm Dark Blue","Japan Stationery","Shopee",1,39.70,39.70,39.70,39.70,1,2026-02-21,2026-02-21,1
"4902778013441","Mitsubishi Uni Alpha-Gel Shaka Soft Mechanical Pencil 0.5mm M5-619GG 1P","Black-A","Japan Stationery","Shopee",1,39.70,39.70,39.70,39.70,1,2026-03-22,2026-03-22,1
"4901480364759","KOKUYO Enpitsu Sharp Mechanical Pencil Lead - HB / B / 2B ( 0.3 / 0.5 / 0.7 / 0.9 / 1.3 mm ) PSR-2B03-1P PSR-B03-1P","Option:0.5mm B (40pcs)","Japan Stationery","Lazada",3,39.69,13.23,13.23,13.23,1,2026-01-25,2026-01-25,1
"4901991032611","Tombow Mono Limited Shimmer Edition 958S DPB-142A DPB-142B DPB-142C DPB-142D DPB-142E CT-PAX5C209L CT-PAX5C409L","Lead Refill,Rosé","Japan Stationery","Shopee",3,39.60,13.20,13.20,13.20,3,2025-12-12,2026-05-14,1
"4901681277766","Zebra DelGuard Rubber Grip Type - GR Anti-break Core Mechanical Pencil (0.5mm)","Color family:White","Japan Stationery","Lazada",1,39.33,39.33,39.33,39.33,1,2025-09-08,2025-09-08,1
"4901681782956","Zebra DelGuard Zodiac Anti-break Core Mechanical Pencil Japan Premium Stationery Student Gift","Color:Aries & Taurus","Japan Stationery","Lazada",1,39.23,39.23,39.23,39.23,1,2025-09-06,2025-09-06,1
"4902505673849","Limited Edition Anna Sui x Acro Collaboration Oil-based Ballpoint Pen SIlver Line Gold Line (0.5mm)","Silver Purple Cat","Japan Stationery","Shopee",1,39.00,39.00,39.00,39.00,1,2025-07-13,2025-07-13,1
"4902778164198","0.7mm Refill for Mitsubishi Jetstream Prime Pen SXR-200-07 (0.7mm) (D1 refill size)","Blue","Japan Stationery","Shopee",3,39.00,13.00,13.00,13.00,3,2025-07-20,2025-08-17,1
"4901480260457","KOKUYO Dotliner Glue Tape Knock, Stamp (refill or tape set) TA-DM480-07NB D480-07N DM480-07NP DM460-08","Knock Blue","Japan Stationery","Shopee",2,39.00,19.50,19.50,19.50,2,2025-09-09,2026-01-11,1
"4902778322246","Uni Mitsubishi Uniball ZENTO Gel Pen Refill 0.38/0.5mm UBRZ38.15 UBRZ38.24 UBRZ38 UBRZ05 UBRZ05.24","Refill Blue 0.5","Japan Stationery","Shopee",4,38.80,9.70,9.70,9.70,4,2026-03-23,2026-06-26,1
"6975498007654","Olight i3E EOS LED Keychain Mono Output Flashlight Torchlight Camping Hiking Compact Torch Flash","Orange","Japan Stationery","Shopee",1,38.70,38.70,38.70,38.70,1,2025-08-02,2025-08-02,1
"6975498007920","Olight i3E EOS LED Keychain Mono Output Flashlight Torchlight Camping Hiking Compact Torch Flash","Stellar Blue","Japan Stationery","Shopee",1,38.70,38.70,38.70,38.70,1,2025-08-21,2025-08-21,1
"6975498001423","Olight i3E EOS LED Keychain Mono Output Flashlight Torchlight Camping Hiking Compact Torch Flash","Regal Blue","Japan Stationery","Shopee",1,38.70,38.70,38.70,38.70,1,2025-08-25,2025-08-25,1
"4006856505726","Rotring Tikky Hi-Polymer Pencil Lead (0.3 0.35 0.5 0.7 0.9 1.0 2.0 mm 2H H HB B 2B)","0.7mm B","Japan Stationery","Shopee",3,38.70,12.90,12.90,12.90,2,2025-10-15,2026-06-27,1
"4901681277742","Zebra DelGuard Rubber Grip Type - GR Anti-break Core Mechanical Pencil (0.5mm)","Color family:Green","Japan Stationery","Lazada",1,38.70,38.70,38.70,38.70,1,2025-07-24,2025-07-24,1
"4902778247525","Uni Alpha Gel Slim Mechanical Pencil 0.5mm M5-809GG 1P M5-807GG 1P","Color:Navy","Japan Stationery","Lazada",1,38.28,38.28,38.28,38.28,1,2025-11-28,2025-11-28,1
"4902778350980","Uni Kurutoga KS Sanrio Japan Limited Edition Cinnamon Roll Pochacco Pompompurin Cinnamoroll M3KSSR1P.CCI M3KSSR1P.CPMB","CC Ivory 0.5mm","Japan Stationery","Shopee",1,38.20,38.20,38.20,38.20,1,2026-05-05,2026-05-05,1
"4902778350966","Uni Kurutoga KS Sanrio Japan Limited Edition Cinnamon Roll Pochacco Pompompurin Cinnamoroll M3KSSR1P.CCI M3KSSR1P.CPMB","CP Yellow 0.3mm","Japan Stationery","Shopee",1,38.20,38.20,38.20,38.20,1,2026-05-20,2026-05-20,1
"4902778350959","Uni Kurutoga KS Sanrio Japan Limited Edition Cinnamon Roll Pochacco Pompompurin Cinnamoroll M3KSSR1P.CCI M3KSSR1P.CPMB","CPM Blue 0.3mm","Japan Stationery","Shopee",1,38.20,38.20,38.20,38.20,1,2026-06-13,2026-06-13,1
"4902778144824","Uni Mitsubishi Field Architectural  Mechanical Pencil Refill 2.0mm M20-700 1P","HB Refill","Japan Stationery","Shopee",3,38.10,12.70,12.70,12.70,3,2025-08-30,2025-11-21,1
"4902778320785","Uni Mitsubishi Jetstream x Peanut Limited Edition 4&1 Single  Ballpoint Pen 0.5mm Snoopy","Soft Green","Japan Stationery","Shopee",3,38.10,12.70,12.70,12.70,3,2025-09-23,2026-03-01,1
"4901480265940","KOKUYO Campus Notebook Color Cover with Dots, Ruled Width 7mm ノ-3CAT-B ノ-203CATN-B ノ-3CBT-B","Yellow|B5|30S|6mm","Japan Stationery","Shopee",4,38.00,9.50,9.50,9.50,1,2025-07-16,2025-07-16,1
"4901480091792","Kokuyo Campus Notebook 5 Colored Cover Semi-B5 Normal-Medium Line 30 Sheets 6mm 7mm ノ-3CAN-B ノ-3CBN-B","Blue,7mm","Japan Stationery","Shopee",4,38.00,9.50,9.50,9.50,3,2025-12-02,2026-06-04,1
"4901991060430","Tombow Mono Graph Zero Metal Body Mechanical Pencil (0.5mm, 0.3mm)","Pink (0.5mm)","Japan Stationery","Shopee",1,37.70,37.70,37.70,37.70,1,2025-08-11,2025-08-11,1
"4901681347407","Zebra Highlighter Optex Care - Japan Edition Water Proof Light Resistant Double Sided Bight","7 Color Set","Japan Stationery","Shopee",1,37.70,37.70,37.70,37.70,1,2026-01-17,2026-01-17,1
"4901991060423","Tombow Mono Graph Zero Metal Body Mechanical Pencil (0.5mm, 0.3mm)","Lime Green (0.5mm)","Japan Stationery","Shopee",1,37.70,37.70,37.70,37.70,1,2026-03-15,2026-03-15,1
"4901991063523","Tombow Sharp Mechanical Pencil Monowork Monograph Work 1.3mm Exam Ideas 869S Set DPB-151A DPB-161 PCB-251 ECJ-121","1.3mm + Lead Set","Japan Stationery","Shopee",1,37.70,37.70,37.70,37.70,1,2026-06-06,2026-06-06,1
"4901480367538","KOKUYO Sooofa Soft Ring Notebook 4 mm) Grid Ruled A5 B6 80 sheets ス-SV738S4-DM ス-SV738S4-G ス-SV738S4-LB","Size:B6, Color:Pink","Japan Stationery","Lazada",1,37.65,37.65,37.65,37.65,1,2025-12-24,2025-12-24,1
"4901480367514","KOKUYO Sooofa Soft Ring Notebook 4 mm) Grid Ruled A5 B6 80 sheets ス-SV738S4-DM ス-SV738S4-G ス-SV738S4-LB","Size:B6, Color:Green","Japan Stationery","Lazada",1,37.65,37.65,37.65,37.65,1,2025-12-24,2025-12-24,1
"4901480298832","Kokuyo Karu Easy Cut Tape Dispenser Handy Type Small Large T-SM200D T-SM200W T-SM300LB T-SM300P T-SM300W","Black Large","Japan Stationery","Shopee",1,37.50,37.50,37.50,37.50,1,2026-01-03,2026-01-03,1
"4901681823840","Mildliner Fragrance Japan Limited Edition Highlighter Pen Series Special Zebra WK7T-FR-MS0B WK7T","Citrus Scent","Japan Stationery","Shopee",4,37.00,9.25,7.90,9.70,4,2025-10-29,2026-06-06,1
"4901480321998","Kokuyo Campus Notebook Dottted B Ruled B5 A4 A5 A6 40-50 Sheets ノ-105BT-DB ノ-5BT-DB ノ-201ATN-DB  ス-T153BT-DB","A5 Twin Ring 50S","Japan Stationery","Shopee",2,37.00,18.50,18.50,18.50,2,2026-01-07,2026-05-12,1
"4902778621400","Uni Mitsubishi Hi-Uni GRCT Mechanical Pencil Refill Leads 0.3/0.5 mm HU033002H HU03300H HU03300HB HU03300B","Type:2B (0.5)","Japan Stationery","Lazada",2,36.96,18.48,18.25,18.71,2,2025-11-16,2026-03-15,1
"4902668669178","Uni-Ball One Jujutsu Kaisen JAPAN LIMITED EDITION Gel Pen 0.38 mm HH4031 Jyujutsu Gojo","UniballOne/Ieiri","Japan Stationery","Shopee",1,36.90,36.90,36.90,36.90,1,2025-09-19,2025-09-19,1
"4902778322123","Uni Mitsubishi Uniball ZENTO Basic Standard Flow Gel Pens 0.38/0.5mm UBNZS38.15 UBNZS38 UBNZS05","Type:Std Adobe 0.38","Japan Stationery","Lazada",2,36.88,18.44,17.03,19.85,2,2025-12-23,2026-04-12,1
"4902778246849","Mitsubishi Uni Jetstream Slim Compact 3 Color (0.38mm / 0.5mm)","Navy","Japan Stationery","Shopee",1,36.70,36.70,36.70,36.70,1,2025-08-07,2025-08-07,1
"4902778246863","Mitsubishi Uni Jetstream Slim Compact 3 Color (0.38mm / 0.5mm)","Red Bordeaux","Japan Stationery","Shopee",1,36.70,36.70,36.70,36.70,1,2025-09-09,2025-09-09,1
"4902778246801","Mitsubishi Uni Jetstream Slim Compact 3 Color (0.38mm / 0.5mm)","Baby Pink","Japan Stationery","Shopee",1,36.70,36.70,36.70,36.70,1,2025-09-29,2025-09-29,1
"4902778246795","Mitsubishi Uni Jetstream Slim Compact 3 Color (0.38mm / 0.5mm)","Lavender","Japan Stationery","Shopee",1,36.70,36.70,36.70,36.70,1,2025-11-08,2025-11-08,1
"4902778246887","Mitsubishi Uni Jetstream Slim Compact 3 Color (0.38mm / 0.5mm)","Black2","Japan Stationery","Shopee",1,36.70,36.70,36.70,36.70,1,2025-12-07,2025-12-07,1
"4006856505238","Rotring Tikky Hi-Polymer Pencil Lead (0.3 0.35 0.5 0.7 0.9 1.0 2.0 mm 2H H HB B 2B)","2.0mm HB","Japan Stationery","Shopee",1,36.70,36.70,36.70,36.70,1,2026-01-25,2026-01-25,1
"4901480380940","Kokuyo Mark+ Two Tone Color Marker PM-MT100-5S","Red","Japan Stationery","Shopee",4,36.40,9.10,8.50,10.90,4,2025-08-22,2026-05-05,1
"4901480353968","Kokuyo Mark+ Two Tone Color Marker PM-MT100-5S","Yellow","Japan Stationery","Shopee",4,36.40,9.10,8.50,10.90,4,2025-11-19,2026-05-05,1
"4902778363959","Uni Mitsubishi Mechanical Pencil Lead Holder 2.0mm MH500","Type:4B","Japan Stationery","Lazada",1,36.36,36.36,36.36,36.36,1,2026-05-10,2026-05-10,1
"4902778028155","Uni Kuru Toga Basic - Automatic Lead Rotation Mechanical Pencil (0.5mm)","Color:Green | Color family:Green","Japan Stationery","Lazada",2,36.10,18.05,15.70,20.40,2,2025-07-20,2025-11-08,2
"4901480363851","Kokuyo Campus Notebook/Diary Exclusive Notebook Cover Clear B5|A5|B6|A6 ニ-CSC-B5 ニ-CSC-A5 ニ-CSC-B6 ニ-CSC-A6","A5","Japan Stationery","Shopee",2,36.00,18.00,18.00,18.00,2,2025-10-01,2025-12-05,1
"4901480261003","KOKUYO Dotliner Glue Tape Knock, Stamp (refill or tape set) TA-DM480-07NB D480-07N DM480-07NP DM460-08","Knock Refill","Japan Stationery","Shopee",3,36.00,12.00,12.00,12.00,2,2026-01-11,2026-01-22,1
"4902778147221","Refill for Mitsubishi Jetstream Pen SXR-5 (0.5mm) SXR-38 SXR-7Multi Function SXN-150 SXN-250","Black (0.5mm)(5pcs)","Japan Stationery","Shopee",2,35.80,17.90,17.90,17.90,1,2026-06-09,2026-06-09,1
"4902506407160","Japan Pentel Ain Mechanical Pencil Lead 0.2/0.3/0.4/0.5/0.7/0.9/1.3 mm","1.3 B","Japan Stationery","Shopee",3,35.70,11.90,11.90,11.90,2,2025-07-16,2025-11-18,1
"4902506406392","Japan Pentel Ain Mechanical Pencil Lead 0.2/0.3/0.4/0.5/0.7/0.9/1.3 mm","0.3 H","Japan Stationery","Shopee",3,35.70,11.90,11.90,11.90,3,2025-10-24,2026-05-31,1
"4901681782949","Zebra DelGuard Zodiac Anti-break Core Mechanical Pencil Japan Premium Stationery Student Gift","Libra & Scorpio","Japan Stationery","Shopee",1,35.70,35.70,35.70,35.70,1,2025-10-29,2025-10-29,1
"4901681782925","Zebra DelGuard Zodiac Anti-break Core Mechanical Pencil Japan Premium Stationery Student Gift","Gemini & Cancer","Japan Stationery","Shopee",1,35.70,35.70,35.70,35.70,1,2025-11-28,2025-11-28,1
"4902778120675","2025 New Uni-ball Jetstream 4+1 Ballpoint Pen 4 color mechanical pencil 0.5mm multipen 4in1 5in1 SXE350705.24","Color:Navy","Japan Stationery","Lazada",1,35.70,35.70,35.70,35.70,1,2026-03-02,2026-03-02,1
"4902506289445","Refill for Pentel Vicuna EX & EX3 (KBXES7)","Red (0.7mm)","Japan Stationery","Shopee",4,35.60,8.90,8.90,8.90,3,2025-12-09,2026-06-30,1
"4902778322130","Uni Mitsubishi Uniball ZENTO Basic Standard Flow Gel Pens 0.38/0.5mm UBNZS38.15 UBNZS38 UBNZS05","Type:Std Lavender 0.38","Japan Stationery","Lazada",2,35.36,17.68,17.68,17.68,1,2026-05-27,2026-05-27,1
"4901991638530","Tombow Airpress Pressurized Ballpoint Pen - 0.7 mm","Color:2019 Yellow","Japan Stationery","Lazada",1,35.34,35.34,35.34,35.34,1,2026-06-08,2026-06-08,1
"4902778322086","Uni Mitsubishi Uniball ZENTO Basic Standard Flow Gel Pens 0.38/0.5mm UBNZS38.15 UBNZS38 UBNZS05","Type:Std Coastal 0.5","Japan Stationery","Lazada",2,35.33,17.66,17.65,17.68,1,2026-05-27,2026-05-27,1
"4901991654080","Tombow Mono Graph Elastomer Eraser Refill (Round)","Color:White","Japan Stationery","Lazada",4,35.24,8.81,7.12,10.50,2,2026-04-21,2026-05-17,1
"4902505447860","Limited Edition Pilot Frixion Ball3 Slim Tri-color Pen Erasable 0.38mm","Color:Refill 3pcs Red","Japan Stationery","Lazada",2,35.18,17.59,17.59,17.59,1,2026-05-03,2026-05-03,1
"4902505447853","Limited Edition Pilot Frixion Ball3 Slim Tri-color Pen Erasable 0.38mm","Color:Refill 3pcs Black","Japan Stationery","Lazada",2,35.18,17.59,17.59,17.59,1,2026-05-03,2026-05-03,1
"4902505447877","Limited Edition Pilot Frixion Ball3 Slim Tri-color Pen Erasable 0.38mm","Color:Refill 3pcs Blue","Japan Stationery","Lazada",2,35.17,17.59,17.58,17.59,1,2026-05-03,2026-05-03,1
"4901681416707","Zebra Mildliner Double sided Highlighter Set - Pack of 5 Colors","Color:Blue Pack | Color family:Blue Pack","Japan Stationery","Lazada",2,35.16,17.58,16.65,18.51,2,2025-10-10,2025-11-09,1
"4901480367545","KOKUYO Soofa Soft Ring Notebook 4 mm Grid Ruled A5 B6 80 sheets ス-SV738S4-DM sufa sooofa SU738S4","Yellow,B6","Japan Stationery","Shopee",1,35.00,35.00,35.00,35.00,1,2026-05-03,2026-05-03,1
"4901480367514","KOKUYO Soofa Soft Ring Notebook 4 mm Grid Ruled A5 B6 80 sheets ス-SV738S4-DM sufa sooofa SU738S4","Green,B6","Japan Stationery","Shopee",1,35.00,35.00,35.00,35.00,1,2026-06-18,2026-06-18,1
"4901480280868","Kokuyo Campus Notebook for Various Purposes English Ruled B5 Notebook ノ-30S10-5NX3 ノ-30S10X5 ノ-30F13NX3 ノ-30F15NX3","Size:3-Tiers 15mm","Japan Stationery","Lazada",1,34.84,34.84,34.84,34.84,1,2026-01-06,2026-01-06,1
"4902505649066","Pilot ILMILY 3rd Color to Color A2 Kumi Limited Edition Ballpoint Pen & Marker 0.4mm イルミリーCTC BP 04 B-GY イルミリーCTC BP 04","Cherry-Peach(Marker)","Japan Stationery","Shopee",4,34.80,8.70,8.70,8.70,4,2025-08-01,2026-03-01,1
"4902505686559","Pilot Lead Refill  Mechanical Pencil Neox Graphite Mini 0.3, 0.4, 0.5 HRFG-03-HB HRFG-0-B HRFGM-04-HB HRFGM-04-HBTAL","Graphite Mini 04 2B","Japan Stationery","Shopee",4,34.80,8.70,8.70,8.70,3,2025-08-02,2025-08-15,1
"4902505674693","Pilot ILMILY 3rd Color to Color A2 Kumi Limited Edition Ballpoint Pen & Marker 0.4mm イルミリーCTC BP 04 B-GY イルミリーCTC BP 04","Sepia-Nemophila(Mark","Japan Stationery","Shopee",4,34.80,8.70,8.70,8.70,4,2025-08-25,2026-01-02,1
"4901681711024","Refill for Zebra Sarasa Grand JF-0.5 Gel Ink Pen Vintage Color Series 0.3mm/0.5mm","Brown Gray,0.3mm","Japan Stationery","Shopee",5,34.50,6.90,6.90,6.90,4,2025-07-31,2026-03-23,1
"4901480364773","KOKUYO Enpitsu Sharp Mechanical Pencil Lead - HB / B / 2B ( 0.3 / 0.5 / 0.7 / 0.9 / 1.3 mm ) PSR-2B03-1P PSR-B03-1P","0.9mm B (25pcs)","Japan Stationery","Shopee",3,34.50,11.50,11.50,11.50,3,2025-10-14,2026-02-24,1
"4901480364803","KOKUYO Enpitsu Sharp Mechanical Pencil Lead - HB / B / 2B ( 0.3 / 0.5 / 0.7 / 0.9 / 1.3 mm ) PSR-2B03-1P PSR-B03-1P","0.5mm HB (40pcs)","Japan Stationery","Shopee",3,34.50,11.50,11.50,11.50,2,2025-12-02,2026-02-01,1
"4901480331805","Kokuyo Soft Ring Dotted Graph Notebook A5|A5|B6|A6|A7 80 Sheets ス-SV508WT-T ス-SV538WT-T ス-SU508WT","B5 Dotted","Japan Stationery","Shopee",1,34.50,34.50,34.50,34.50,1,2026-02-25,2026-02-25,1
"4901681125210","Refill for Zebra Sarasa Grand JF-0.5 Gel Ink Pen Vintage Color Series 0.3mm/0.5mm","Red Black,0.5mm","Japan Stationery","Shopee",5,34.50,6.90,6.90,6.90,2,2026-05-04,2026-05-16,1
"4902778022153","Refill for Mitsubishi Multi Function Jetstream Pen SXR-80-07 (0.7mm)","Red (0.7mm)","Japan Stationery","Shopee",7,34.30,4.90,4.90,4.90,3,2025-09-14,2025-09-21,1
"4902505676413","Pilot Lead Refill  Mechanical Pencil Neox Graphite Mini 0.3, 0.4, 0.5 HRFG-03-HB HRFG-0-B HRFGM-04-HB HRFGM-04-HBTAL","NEO Graphite 03 HB | HB 0.3","Japan Stationery","Shopee",3,34.10,11.37,10.70,11.70,3,2025-07-29,2026-06-10,2
"4901480331782","Kokuyo Soft ring Notebook 5mm Grid line A5|A5|B6|A6|A7 Size 70 Sheets ス-SV407B-D ス-SV437B-D SU407B","A5 Graph","Japan Stationery","Shopee",1,34.00,34.00,34.00,34.00,1,2026-01-10,2026-01-10,1
"4902778131169","2025 New Uni-ball Jetstream 4+1 Ballpoint Pen 4 color mechanical pencil 0.5mm multipen 4in1 5in1 SXE350705.24","Color:Light Pink","Japan Stationery","Lazada",1,33.91,33.91,33.91,33.91,1,2026-06-12,2026-06-12,1
"4901681425631","Original Mildliner Brush (Zebra) Double-Sided Highlighter Brush - Brush / Extra Fine","WFT8-N-5C-N","Japan Stationery","Shopee",1,33.70,33.70,33.70,33.70,1,2025-07-29,2025-07-29,1
"4901991032178","Tombow Mono Graph Multi -2 Color Pen + Mechanical Pencil + Twist Eraser","Mono","Japan Stationery","Shopee",1,33.70,33.70,33.70,33.70,1,2025-08-21,2025-08-21,1
"4901991060577","Tombow Mono Graph Multi -2 Color Pen + Mechanical Pencil + Twist Eraser","Pink","Japan Stationery","Shopee",1,33.70,33.70,33.70,33.70,1,2025-10-16,2025-10-16,1
"4902778040072","Uniball Mitsubishi Uni Jetstream F Series 3 Color","Color:Sugar Pink","Japan Stationery","Lazada",1,33.70,33.70,33.70,33.70,1,2025-11-15,2025-11-15,1
"4971516011896","Ohto Wooden Mechanical Pencil Lead Holder - 2.0 mm","Color:Brown","Japan Stationery","Lazada",1,33.36,33.36,33.36,33.36,1,2026-03-22,2026-03-22,1
"4901681677047","Zebra Lightwrite α Outdoor Japan Limited Edition  Ballpoint Pen 0.7mm P-BA96-0C/K P-BA96-0C/CO P-BA96-0C/NV P-BA96-0C/S","Type:Gray","Japan Stationery","Lazada",1,33.30,33.30,33.30,33.30,1,2025-09-10,2025-09-10,1
"4902506406590","Japan Pentel Ain Mechanical Pencil Lead 0.2/0.3/0.4/0.5/0.7/0.9/1.3 mm","Type:0.5 2B","Japan Stationery","Lazada",3,33.17,11.06,11.05,11.06,1,2025-11-28,2025-11-28,1
"4902506407153","Japan Pentel Ain Mechanical Pencil Lead 0.2/0.3/0.4/0.5/0.7/0.9/1.3 mm","Type:1.3 2B","Japan Stationery","Lazada",3,33.15,11.05,11.05,11.05,1,2025-11-28,2025-11-28,1
"4901681782925","Zebra DelGuard Zodiac Anti-break Core Mechanical Pencil Japan Premium Stationery Student Gift","Color:Gemini & Cancer","Japan Stationery","Lazada",1,32.90,32.90,32.90,32.90,1,2025-11-28,2025-11-28,1
"4902506323781","Pentel Art Multi 8 Mechanical Pencil Refill Leads 0.2mm CH2-A CH2-B CH2-C CH2-D CH2-E CH2-F CH2-G CH2-H CH2-K CH2-P","Yellow-Green","Japan Stationery","Shopee",4,32.80,8.20,8.20,8.20,4,2025-07-11,2026-06-25,2
"4901681667314","Zebra Metal Grip Tect 2way 0.5mm (Shake+Press) Dual Function Drafting Mechanical Pencil","Black (0.5mm)","Japan Stationery","Shopee",1,32.70,32.70,32.70,32.70,1,2025-08-08,2025-08-08,1
"4902778319680","Uni Mitsubishi Uni-ball One Creative Color Gel Ink Ballpoint Pen 0.38/0.5mm UMNSC38.1 UMNSC38.25 UMNSC38","ShimmerColor3C0.5","Japan Stationery","Shopee",1,32.70,32.70,32.70,32.70,1,2026-01-07,2026-01-07,1
"4902778230602","Uni-Ball Erasable 3 Color Ballpoint Pen RE3 Multicolor Mitsubishi Pencil Thermal Erase Ink RE-3","Dark Pink","Japan Stationery","Shopee",1,32.70,32.70,32.70,32.70,1,2026-05-18,2026-05-18,1
"4902778322154","Uni Mitsubishi Uniball ZENTO Basic Standard Flow Gel Pens 0.38/0.5mm UBNZS38.15 UBNZS38 UBNZS05","Type:Basic Blue 0.5","Japan Stationery","Lazada",2,32.37,16.18,14.78,17.59,2,2025-12-10,2026-02-07,1
"4901480343792","Kokuyo Enpitsu Thick Lead Mechanical Pencil Metal or Rubber Grip Sharp - Type M or MX Writing","Type:Rubber Grip 1.3mm","Japan Stationery","Lazada",1,32.22,32.22,32.22,32.22,1,2025-08-27,2025-08-27,1
"4901480343785","Kokuyo Enpitsu Thick Lead Mechanical Pencil Metal or Rubber Grip Sharp - Type M or MX Writing","Type:Rubber Grip 0.9mm","Japan Stationery","Lazada",1,32.22,32.22,32.22,32.22,1,2025-08-27,2025-08-27,1
"4901991032512","Tombow Monograph Mechanical Pencil 10th Anniversary Japan Limited Edition","Gray HB 0.5","Japan Stationery","Shopee",3,32.10,10.70,10.70,10.70,3,2025-07-25,2025-08-30,1
"4901681151288","Zebra Snoopy Wakuwaku Delguard Mildliner Macky Sarasa Japan Limited Edition P-MA85-SN-WS-PU WKT7-SN-WS-MBP YYTS7-SN-WS-B","Sarasa BL Simple","Japan Stationery","Shopee",3,32.10,10.70,10.70,10.70,3,2026-04-21,2026-05-17,1
"4901681151240","Zebra Snoopy Wakuwaku Delguard Mildliner Macky Sarasa Japan Limited Edition P-MA85-SN-WS-PU WKT7-SN-WS-MBP YYTS7-SN-WS-B","Sarasa R Comic","Japan Stationery","Shopee",3,32.10,10.70,10.70,10.70,3,2026-05-01,2026-05-05,1
"4901681151271","Zebra Snoopy Wakuwaku Delguard Mildliner Macky Sarasa Japan Limited Edition P-MA85-SN-WS-PU WKT7-SN-WS-MBP YYTS7-SN-WS-B","Sarasa G Comic","Japan Stationery","Shopee",3,32.10,10.70,10.70,10.70,3,2026-05-01,2026-06-29,1
"4901480349497","Kokuyo Campus Study Planner Notebook Daily Weekly Ruled B5|A5 ノ-Y80MD-G ノ-Y80MW-B","B5 Pink Daily Ruled","Japan Stationery","Shopee",2,32.00,16.00,16.00,16.00,2,2025-07-28,2025-12-14,1
"4902778322192","Uni Mitsubishi Uniball ZENTO Gel Pen Refill 0.38/0.5mm UBRZ38.15 UBRZ38.24 UBRZ38 UBRZ05 UBRZ05.24","Type:Refill Red 0.38","Japan Stationery","Lazada",3,31.60,10.53,9.60,11.01,2,2026-05-06,2026-05-07,1
"4901480331812","Kokuyo Soft Ring Dotted Graph Notebook A5|A5|B6|A6|A7 80 Sheets ス-SV508WT-T ス-SV538WT-T ス-SU508WT","A5 Horizontal","Japan Stationery","Shopee",1,31.50,31.50,31.50,31.50,1,2026-01-10,2026-01-10,1
"4901480017983","Kokuyo Campus Notebook for Various Purposes English Ruled B5 Notebook ノ-30S10-5NX3 ノ-30S10X5 ノ-30F13NX3 ノ-30F15NX3","3-Color","Japan Stationery","Shopee",1,31.50,31.50,31.50,31.50,1,2026-05-31,2026-05-31,1
"4901681886715","Zebra Sarasa Nano Snoopy Collaboration Vintage Single 0.3mm/0.38mm","Blue Gray 0.3mm","Japan Stationery","Shopee",2,31.00,15.50,15.50,15.50,2,2025-07-21,2025-07-31,1
"4901681886722","Zebra Sarasa Nano Snoopy Collaboration Vintage Single 0.3mm/0.38mm","Red Black 0.3mm","Japan Stationery","Shopee",2,31.00,15.50,15.50,15.50,2,2025-08-17,2025-10-01,1
"4901681886838","Zebra Sarasa Nano Snoopy Collaboration Vintage Single 0.3mm/0.38mm","Red 0.38mm","Japan Stationery","Shopee",2,31.00,15.50,15.50,15.50,2,2025-08-17,2026-03-10,1
"4902505680816","Pilot Dr.GRIP CL PlayBorder x Neox GRAPHITE Collaboration Limited Edition Mechanical Pencil 0.3/0.5","Beige 0.3","Japan Stationery","Shopee",1,30.70,30.70,30.70,30.70,1,2025-09-16,2025-09-16,1
"4902778320549","Uni Mitsubishi Uni-ball One F Japan Limited Edition Ballpoint Pen 0.38/0.5mm UMNSFCC38.CP UMNSFCC38.CBR UMNSFCC05.PG","Cheese 0.5","Japan Stationery","Shopee",1,30.70,30.70,30.70,30.70,1,2025-10-24,2025-10-24,1
"4901991065831","Tombow Mono Japan Limited Edition Shiba Inu Mechanical Pencil Monograph Pattern 945S/946S DPA-163F DPA-163G DPA-163H","Purple","Japan Stationery","Shopee",1,30.70,30.70,30.70,30.70,1,2026-03-16,2026-03-16,1
"4902778320532","Uni Mitsubishi Uni-ball One F Japan Limited Edition Ballpoint Pen 0.38/0.5mm UMNSFCC38.CP UMNSFCC38.CBR UMNSFCC05.PG","White Mint 0.5","Japan Stationery","Shopee",1,30.70,30.70,30.70,30.70,1,2026-04-19,2026-04-19,1
"4901991032215","Tombow Mono Graph Multi -2 Color Pen + Mechanical Pencil + Twist Eraser","Color family:Lime Green","Japan Stationery","Lazada",1,30.67,30.67,30.67,30.67,1,2025-09-03,2025-09-03,1
"4902778700280","Uni Pure Malt Glossy Gel Pen - 0.5 mm - Dark / Light Brown Wood Grip Uni-ball","Color:Dark Wood","Japan Stationery","Lazada",1,30.63,30.63,30.63,30.63,1,2025-12-08,2025-12-08,1
"4902778251317","Jetstream Uni-Ball RE+ Ballpoint Pen Set","Color:Pearl Pink","Japan Stationery","Lazada",1,30.42,30.42,30.42,30.42,1,2025-10-31,2025-10-31,1
"4901480477565","Kokuyo Fluorescent Marker OA [Prefix] (Twin) 3 Color PM – L202 – 3S | 5 Color Set PM-L202-5S","5 Color Set","Japan Stationery","Shopee",1,30.00,30.00,30.00,30.00,1,2026-04-21,2026-04-21,1
"4901681812868","Zebra Sarasa Clip & Sarasa Grand Moomin Japan Limited Edition Gel Ballpoint Pen 0.5mm JJ29-MM-BK1","Hattifattener (Black","Japan Stationery","Shopee",2,29.80,14.90,14.90,14.90,2,2025-07-06,2025-09-21,1
"4901681144020","Zebra Moomin Blen 0.5 / Bren 4+S 0.5 Japan Limited multipen BAS88-MM-BGR BAS88-MM-CE BAS88-MM-COP BAS88-MM-W","Cocoa Brown","Japan Stationery","Shopee",2,29.80,14.90,14.90,14.90,2,2026-06-09,2026-06-29,1
"4901681144051","Zebra Moomin Blen 0.5 / Bren 4+S 0.5 Japan Limited multipen BAS88-MM-BGR BAS88-MM-CE BAS88-MM-COP BAS88-MM-W","White","Japan Stationery","Shopee",2,29.80,14.90,14.90,14.90,2,2026-06-09,2026-06-29,1
"4902778043424","Uniball Mitsubishi Uni Jetstream 4 Color (0.7mm/0.5mm) & Mechanical Pencil (0.5mm)","Color family:Silver","Japan Stationery","Lazada",1,29.75,29.75,29.75,29.75,1,2025-07-25,2025-07-25,1
"4902506406279","Japan Pentel Ain Mechanical Pencil Lead 0.2/0.3/0.4/0.5/0.7/0.9/1.3 mm","Type:0.2 2B","Japan Stationery","Lazada",2,29.74,14.87,14.87,14.87,1,2025-12-31,2025-12-31,1
"4902506406361","Japan Pentel Ain Mechanical Pencil Lead 0.2/0.3/0.4/0.5/0.7/0.9/1.3 mm","Type:0.3 2B","Japan Stationery","Lazada",2,29.73,14.86,12.42,17.31,2,2026-03-15,2026-04-19,1
"4901681662128","Zebra DelGuard Light Grayish Japan Limited Edition  Mechanical Pencil 0.5mm P-MA85-LG-MBL P-MA85-LG-MG P-MA85-LG-MBE","Matte Green","Japan Stationery","Shopee",1,29.70,29.70,29.70,29.70,1,2025-10-15,2025-10-15,1
"4901681425648","Original Mildliner Brush (Zebra) Double-Sided Highlighter Brush - Brush / Extra Fine","WFT8-5C-HC-N","Japan Stationery","Shopee",1,29.70,29.70,29.70,29.70,1,2026-06-28,2026-06-28,1
"4901991060577","Tombow Mono Graph Multi -2 Color Pen + Mechanical Pencil + Twist Eraser","Color:Pink","Japan Stationery","Lazada",1,29.70,29.70,29.70,29.70,1,2025-11-19,2025-11-19,1
"4955414924007","Staedtler 925-15 Drafting Mechanical Pencil Plastic Body Light Weight (0.3, 0.5, 0.7, 0.9)","Size:0.3mm","Japan Stationery","Lazada",1,29.10,29.10,29.10,29.10,1,2025-08-20,2025-08-20,1
"4955414924021","Staedtler 925-15 Drafting Mechanical Pencil Plastic Body Light Weight (0.3, 0.5, 0.7, 0.9)","Size:0.7mm","Japan Stationery","Lazada",1,29.10,29.10,29.10,29.10,1,2025-08-20,2025-08-20,1
"4901681129225","Zebra Snoopy Wakuwaku Delguard Mildliner Macky Sarasa Japan Limited Edition P-MA85-SN-WS-PU WKT7-SN-WS-MBP YYTS7-SN-WS-B","ML Gold","Japan Stationery","Shopee",3,29.10,9.70,9.70,9.70,3,2026-03-25,2026-05-10,1
"4901681129256","Zebra Snoopy Wakuwaku Delguard Mildliner Macky Sarasa Japan Limited Edition P-MA85-SN-WS-PU WKT7-SN-WS-MBP YYTS7-SN-WS-B","ML Sherbet Yellow","Japan Stationery","Shopee",3,29.10,9.70,9.70,9.70,3,2026-04-15,2026-05-17,1
"4901681853113","Sarasa Clip 0.5 Limited Sanrio Characters 1st Edition JJ29-SR1-BK1 JJ29-SR1-R1 JJ29-SR1-C0BL JJ29-SR1-ROR JJ29-SR1-3CA R","Variation1:Kuromi (Black ink) | Color:Kuromi (Black ink)","Japan Stationery","Lazada",3,29.08,9.69,2.70,15.79,3,2025-09-30,2026-05-03,1
"4901480430010","Kokuyo This Stapler 20 Sheets Staple No.10 100 Loaded SL-M11NB SL-M11NR","Color:Blue","Japan Stationery","Lazada",1,29.03,29.03,29.03,29.03,1,2026-06-27,2026-06-27,1
"4901480331874","Kokuyo Soft Ring Notebook - Natural - Semi B5|A5 7mm Rule 80 Sheets ス-SV608A-D ス-SV608A-DB ス-SU608A","A5 Navy","Japan Stationery","Shopee",1,29.00,29.00,29.00,29.00,1,2025-10-11,2025-10-11,1
"4902668669147","Zebra Mildliner Jujutsu Kaisen LIMITED EDITION Double-Sided  Highlighter 4mm/1.0-1.4mm Jyujutsu Gojo","Mildliner/Haibara","Japan Stationery","Shopee",1,28.70,28.70,28.70,28.70,1,2025-08-16,2025-08-16,1
"4902505686542","Pilot Lead Refill  Mechanical Pencil Neox Graphite Mini 0.3, 0.4, 0.5 HRFG-03-HB HRFG-0-B HRFGM-04-HB HRFGM-04-HBTAL","Graphite Mini 04 B","Japan Stationery","Shopee",5,28.50,5.70,5.70,5.70,4,2025-08-13,2025-12-07,1
"4901480265865","KOKUYO Campus Notebook Color Cover with Dots, Ruled Width 7mm ノ-3CAT-B ノ-203CATN-B ノ-3CBT-B","Green|B5|30S|7mm","Japan Stationery","Shopee",3,28.50,9.50,9.50,9.50,3,2025-09-19,2026-06-27,1
"4901480091822","Kokuyo Campus Notebook 5 Colored Cover Semi-B5 Normal-Medium Line 30 Sheets 6mm 7mm ノ-3CAN-B ノ-3CBN-B","Purple,7mm","Japan Stationery","Shopee",3,28.50,9.50,9.50,9.50,3,2025-10-14,2026-06-13,1
"4901480091815","Kokuyo Campus Notebook 5 Colored Cover Semi-B5 Normal-Medium Line 30 Sheets 6mm 7mm ノ-3CAN-B ノ-3CBN-B","Pink,7mm","Japan Stationery","Shopee",3,28.50,9.50,9.50,9.50,3,2025-12-02,2026-06-08,1
"4901480091839","Kokuyo Campus Notebook 5 Colored Cover Semi-B5 Normal-Medium Line 30 Sheets 6mm 7mm ノ-3CAN-B ノ-3CBN-B","Yellow,7mm","Japan Stationery","Shopee",3,28.50,9.50,9.50,9.50,3,2025-12-02,2026-06-29,1
"4902506427373","Pentel Ain Cool Nuance Japan Limited Edition Lead Refill Eraser 0.5mm C285LMD-B C285LME-B ZEAC06LMZ","Silver","Japan Stationery","Shopee",4,28.40,7.10,7.10,7.10,4,2026-03-12,2026-06-14,1
"4902778352670","Uni-ball Kuru toga KS & Switch & refill Cosmetics 2026 Japan Limited Edition Kurutoga M3KS1P.BRG M3KS1P.GLP M5KS1P.BRG","0.3 KS Gloss Pearl","Japan Stationery","Shopee",1,28.20,28.20,28.20,28.20,1,2026-03-27,2026-03-27,1
"4901681852444","Zebra bLen Multi 3C/2+S 0.5 Snoopy 2nd Edition 3 color / 2 color+mechanical pencil B3AS88-SN2-COP SNC-0.5S B3AS88-SN2-LG","Color:Coral Pink","Japan Stationery","Lazada",1,28.04,28.04,28.04,28.04,1,2025-11-20,2025-11-20,1
"4901480298894","Kokuyo Karu Easy Cut Tape Dispenser Handy Type Small Large T-SM200D T-SM200W T-SM300LB T-SM300P T-SM300W","Blue Small","Japan Stationery","Shopee",1,28.00,28.00,28.00,28.00,1,2025-07-13,2025-07-13,1
"4902778319338","Uni Mitsubishi Kurutoga KS Switch Limited Edition  Mechanical Pencil 0.5mm M5KS1P.BRY M51009GG1P.AG M5KSSR1P.BHG ULSF051","Type:Iron Blue","Japan Stationery","Lazada",1,27.92,27.92,27.92,27.92,1,2025-11-17,2025-11-17,1
"4901480380988","Kokuyo Mark+ Two Tone Color Marker PM-MT100-5S","Gray","Japan Stationery","Shopee",3,27.90,9.30,8.50,10.90,3,2025-07-18,2026-05-05,1
"4901681392766","Limited Edition Zebra Blen 3C Snoopy Multi-pen 0.5mm","Color:Yellow","Japan Stationery","Lazada",1,27.90,27.90,27.90,27.90,1,2025-09-20,2025-09-20,1
"4901991063448","Tombow Sharp Mechanical Pencil Monowork Monograph Work 1.3mm Exam Ideas 869S Set DPB-151A DPB-161 PCB-251 ECJ-121","ー, Mono Color","Japan Stationery","Shopee",1,27.70,27.70,27.70,27.70,1,2025-07-29,2025-07-29,1
"4901991065503","Tombow Sharp Mechanical Pencil Monowork Monograph Work 1.3mm Exam Ideas 869S Set DPB-151A DPB-161 PCB-251 ECJ-121","ー, Smoke","Japan Stationery","Shopee",1,27.70,27.70,27.70,27.70,1,2026-03-21,2026-03-21,1
"4901991065510","Tombow Sharp Mechanical Pencil Monowork Monograph Work 1.3mm Exam Ideas 869S Set DPB-151A DPB-161 PCB-251 ECJ-121","ー, White","Japan Stationery","Shopee",1,27.70,27.70,27.70,27.70,1,2026-06-09,2026-06-09,1
"4902778302408","New Kuru Toga KS Uni Japan Mechanical Pencil Lead Self-rotating M3/5-KS Upgraded Version 0.3mm/0.5mm","Color:0.5 Ice Blue","Japan Stationery","Lazada",1,27.70,27.70,27.70,27.70,1,2026-05-25,2026-05-25,1
"4901681982134","Refill for Zebra Sarasa Grand JF-0.5 Gel Ink Pen Vintage Color Series 0.3mm/0.5mm","Dark Grey,0.5mm","Japan Stationery","Shopee",4,27.60,6.90,6.90,6.90,3,2025-09-12,2025-11-21,1
"9557368074200","Unicorn Eco Friends 2.0mm x 128mm 2B Lead 5pcs (2.0)","90mm X 6pcs X 2","Japan Stationery","Shopee",7,27.60,3.94,3.90,4.00,6,2025-10-02,2026-03-17,1
"4902778022184","Refill for Mitsubishi Multi Function Jetstream Pen SXR-80-10 (1.0mm)","Red (1.0mm)","Japan Stationery","Shopee",4,27.60,6.90,6.90,6.90,2,2025-10-16,2025-10-16,1
"4901480322001","Kokuyo Adult Campus Notebook ノ-108W-M ノ-4W-M ス-T134W-M ス-T113W-M ス-T223W-M","A4 40S Twin Ring","Japan Stationery","Shopee",1,27.50,27.50,27.50,27.50,1,2026-02-25,2026-02-25,1
"4902778302354","New Kuru Toga KS Uni Japan Mechanical Pencil Lead Self-rotating M3/5-KS Upgraded Version 0.3mm/0.5mm","Color:0.3 Black","Japan Stationery","Lazada",1,27.43,27.43,27.43,27.43,1,2026-04-20,2026-04-20,1
"4902506427526","Pentel Ain Cool Nuance Japan Limited Edition Lead Refill Eraser 0.5mm C285LMD-B C285LME-B ZEAC06LMZ","Cobalt Green","Japan Stationery","Shopee",2,27.40,13.70,13.70,13.70,2,2025-09-15,2026-04-30,1
"4901480345123","Kokuyo Gloo Repositionable Adhesive Glue Tape Set Refill TA-GM410-07 GM400-08 G410-07 G400-08 GM411","Strong Adhesive,Refill Small","Japan Stationery","Shopee",2,27.40,13.70,13.70,13.70,1,2025-10-28,2025-10-28,1
"4977564637705","Plus Twiggy Portable Scissors FitCut Curve","Color:Black","Japan Stationery","Lazada",1,27.35,27.35,27.35,27.35,1,2025-12-13,2025-12-13,1
"4901480235097","Kokuyo Campus Diary Free Schedule B5|A5|A6 24 Sheets ニ-CF3N ニ-CF103N ニ-CF221N","Paper Type:B5","Japan Stationery","Lazada",1,27.19,27.19,27.19,27.19,1,2025-07-27,2025-07-27,1
"4901991060447","Tombow Mono Graph Zero Metal Body Mechanical Pencil (0.5mm, 0.3mm)","Color:Mono (0.3mm)","Japan Stationery","Lazada",1,27.11,27.11,27.11,27.11,1,2026-06-19,2026-06-19,1
"4901480279299","Kokuyo Latchkiss Stapler Lightweight and Easy Grip SL-M72B SL-M72P SL-M72W SL-M72YG","White","Japan Stationery","Shopee",1,27.00,27.00,27.00,27.00,1,2026-04-23,2026-04-23,1
"4902505661761","Limited Edition Pilot Frixion Ball3 Slim Tri-color Pen Erasable 0.38mm","Color:Sparklers 3pcs Set","Japan Stationery","Lazada",1,26.76,26.76,26.76,26.76,1,2026-05-12,2026-05-12,1
"4902778603413","Uni Mitsubishi Hi-Uni GRCT Mechanical Pencil Refill Leads 0.3/0.5 mm HU033002H HU03300H HU03300HB HU03300B","Type:HB (0.5)","Japan Stationery","Lazada",2,26.61,13.30,7.90,18.71,2,2025-09-25,2025-11-16,1
"4901480091822","Kokuyo Campus Notebook 5 Colored Cover Semi-B5 Normal-Medium Line 30 Sheets 6mm 7mm ノ-3CAN-B ノ-3CBN-B","Size:7mm, Color:Purple","Japan Stationery","Lazada",2,26.59,13.29,12.00,14.59,2,2025-10-07,2025-12-25,1
"4902778364710","Uni Mitsubishi Replacement Lead Refill 2.0mm ULN","Type:H","Japan Stationery","Lazada",2,26.40,13.20,13.20,13.20,1,2026-03-31,2026-03-31,1
"4902778364741","Uni Mitsubishi Replacement Lead Refill 2.0mm ULN","Type:B","Japan Stationery","Lazada",2,26.40,13.20,13.20,13.20,1,2026-03-31,2026-03-31,1
"4902778364727","Uni Mitsubishi Replacement Lead Refill 2.0mm ULN","Type:F","Japan Stationery","Lazada",2,26.40,13.20,13.20,13.20,1,2026-03-31,2026-03-31,1
"4902778364697","Uni Mitsubishi Replacement Lead Refill 2.0mm ULN","Type:3H","Japan Stationery","Lazada",2,26.40,13.20,13.20,13.20,1,2026-03-31,2026-03-31,1
"4902778364765","Uni Mitsubishi Replacement Lead Refill 2.0mm ULN","Type:3B","Japan Stationery","Lazada",2,26.37,13.18,13.18,13.19,1,2026-03-31,2026-03-31,1
"4901991065855","Tombow Mono Japan Limited Edition Shiba Inu Mechanical Pencil Monograph Pattern 945S/946S DPA-163F DPA-163G DPA-163H","Color:Gray","Japan Stationery","Lazada",1,26.27,26.27,26.27,26.27,1,2025-10-31,2025-10-31,1
"4901681648184","Zebra DelGuard Checked Edition Anti-break Core Mechanical Pencil (0.5mm)","Color:Checked Purple","Japan Stationery","Lazada",1,26.20,26.20,26.20,26.20,1,2026-05-15,2026-05-15,1
"4901480367026","Kokuyo Campus Notebook Dottted B Ruled B5 A4 A5 A6 40-50 Sheets ノ-105BT-DB ノ-5BT-DB ノ-201ATN-DB  ス-T153BT-DB","A6 Twin Ring 50S","Japan Stationery","Shopee",2,26.00,13.00,13.00,13.00,2,2025-12-29,2025-12-31,1
"4902506270115","Pentel Ain Stein High Polymer Mechanical Pencil Lead- 0.2 mm, 0.4 mm 0.2/0.4mm","0.4mm H","Japan Stationery","Shopee",2,25.80,12.90,12.90,12.90,2,2025-08-20,2025-09-30,1
"4902778364703","Uni Mitsubishi Replacement Lead Refill 2.0mm ULN","2H","Japan Stationery","Shopee",2,25.80,12.90,12.90,12.90,2,2025-12-01,2026-03-26,1
"4902778164181","Uniball Refill for Mitsubishi Jetstream Prime Pen SXR-200-07 (0.7mm)","Color:Red","Japan Stationery","Lazada",2,25.74,12.87,12.87,12.87,1,2025-11-11,2025-11-11,1
"4902506431561","Pentel Orenz 2025 Click Once Renewal Release 0.2 0.3 0.5mm Drafting Pencil XPP502-RA XPP1002G2-RD","0.5 Sax Blue","Japan Stationery","Shopee",1,25.70,25.70,25.70,25.70,1,2025-11-11,2025-11-11,1
"4902778363898","Uni Mitsubishi Mechanical Pencil Lead Holder 2.0mm MH500","H","Japan Stationery","Shopee",1,25.70,25.70,25.70,25.70,1,2025-12-12,2025-12-12,1
"4902506431578","Pentel Orenz 2025 Click Once Renewal Release 0.2 0.3 0.5mm Drafting Pencil XPP502-RA XPP1002G2-RD","0.5 Fresh Pink","Japan Stationery","Shopee",1,25.70,25.70,25.70,25.70,1,2026-03-09,2026-03-09,1
"4902506431592","Pentel Orenz 2025 Click Once Renewal Release 0.2 0.3 0.5mm Drafting Pencil XPP502-RA XPP1002G2-RD","0.5 Bright Yellow","Japan Stationery","Shopee",1,25.70,25.70,25.70,25.70,1,2026-04-06,2026-04-06,1
"4901681574049","Zebra Delguard Soft Pastel Japan Limited Edition 0.5mm P-MA85-SP-K-SFG P-MA85-SP-K-SFBL P-MA85-SP-K-SFGR","Soft Green","Japan Stationery","Shopee",1,25.70,25.70,25.70,25.70,1,2026-04-30,2026-04-30,1
"4901681574070","Zebra Delguard Soft Pastel Japan Limited Edition 0.5mm P-MA85-SP-K-SFG P-MA85-SP-K-SFBL P-MA85-SP-K-SFGR","Soft Gray","Japan Stationery","Shopee",1,25.70,25.70,25.70,25.70,1,2026-04-30,2026-04-30,1
"4901681574056","Zebra Delguard Soft Pastel Japan Limited Edition 0.5mm P-MA85-SP-K-SFG P-MA85-SP-K-SFBL P-MA85-SP-K-SFGR","Soft Yellow","Japan Stationery","Shopee",1,25.70,25.70,25.70,25.70,1,2026-04-30,2026-04-30,1
"4901681574063","Zebra Delguard Soft Pastel Japan Limited Edition 0.5mm P-MA85-SP-K-SFG P-MA85-SP-K-SFBL P-MA85-SP-K-SFGR","Soft Purple","Japan Stationery","Shopee",1,25.70,25.70,25.70,25.70,1,2026-04-30,2026-04-30,1
"4901681574032","Zebra Delguard Soft Pastel Japan Limited Edition 0.5mm P-MA85-SP-K-SFG P-MA85-SP-K-SFBL P-MA85-SP-K-SFGR","Soft Red","Japan Stationery","Shopee",1,25.70,25.70,25.70,25.70,1,2026-04-30,2026-04-30,1
"4902506431431","Pentel Orenz 2025 Click Once Renewal Release 0.2 0.3 0.5mm Drafting Pencil XPP502-RA XPP1002G2-RD","0.3 Black","Japan Stationery","Shopee",1,25.70,25.70,25.70,25.70,1,2026-05-06,2026-05-06,1
"4902506431622","Pentel Orenz 2025 Click Once Renewal Release 0.2 0.3 0.5mm Drafting Pencil XPP502-RA XPP1002G2-RD","0.5 Black","Japan Stationery","Shopee",1,25.70,25.70,25.70,25.70,1,2026-05-06,2026-05-06,1
"4902506431608","Pentel Orenz 2025 Click Once Renewal Release 0.2 0.3 0.5mm Drafting Pencil XPP502-RA XPP1002G2-RD","0.5 White","Japan Stationery","Shopee",1,25.70,25.70,25.70,25.70,1,2026-06-30,2026-06-30,1
"4901480354026","Kokuyo Highlighter Pen 2 Tone Mark Plus Gray Type PM-MT101","Gray Yellow","Japan Stationery","Shopee",3,25.50,8.50,8.50,8.50,3,2025-08-16,2025-12-01,1
"4901480030067","Kokuyo PM-MT200 Mark+ Two Way Color Highlighter Fineliner Marker PM-MT200LG PM-MT200K PM-MT200G PM-MT200DB PM-MT200P","Gold","Japan Stationery","Shopee",3,25.50,8.50,8.50,8.50,1,2025-10-18,2025-10-18,1
"4901480365299","Kokuyo PM-MT200 Mark+ Two Way Color Highlighter Fineliner Marker PM-MT200LG PM-MT200K PM-MT200G PM-MT200DB PM-MT200P","Purple","Japan Stationery","Shopee",3,25.50,8.50,8.50,8.50,3,2025-10-18,2026-05-17,1
"4901480033945","Kokuyo PM-MT200 Mark+ Two Way Color Highlighter Fineliner Marker PM-MT200LG PM-MT200K PM-MT200G PM-MT200DB PM-MT200P","Gray","Japan Stationery","Shopee",3,25.50,8.50,8.50,8.50,3,2025-10-18,2025-11-12,1
"4901480365367","Kokuyo 2-Way Highlighter Marker 5 Colors Set. Mark+ Gray Type PM-MT201BM PM-MT201GM PM-MT201PM PM-MT201VM","Yellow Gray","Japan Stationery","Shopee",3,25.50,8.50,8.50,8.50,3,2025-12-14,2026-05-01,1
"4901480365275","Kokuyo PM-MT200 Mark+ Two Way Color Highlighter Fineliner Marker PM-MT200LG PM-MT200K PM-MT200G PM-MT200DB PM-MT200P","Green","Japan Stationery","Shopee",3,25.50,8.50,8.50,8.50,3,2026-04-19,2026-06-11,1
"4901480365268","Kokuyo PM-MT200 Mark+ Two Way Color Highlighter Fineliner Marker PM-MT200LG PM-MT200K PM-MT200G PM-MT200DB PM-MT200P","Blue","Japan Stationery","Shopee",3,25.50,8.50,8.50,8.50,3,2026-04-19,2026-06-11,1
"4901681570942","Zebra Sharp Rinto Japan Limited Edition Mechanical Pencil 0.3/0.5 mm P-MAS130-RLV P-MAS130-ABL P-MAS130-MG P-MAS130-W","White 0.3","Japan Stationery","Shopee",1,25.45,25.45,25.45,25.45,1,2025-07-14,2025-07-14,1
"4901681567614","Zebra Sharp Rinto Japan Limited Edition Mechanical Pencil 0.3/0.5 mm P-MAS130-RLV P-MAS130-ABL P-MAS130-MG P-MAS130-W","Black 0.5","Japan Stationery","Shopee",1,25.45,25.45,25.45,25.45,1,2025-07-30,2025-07-30,1
"4901681567645","Zebra Sharp Rinto Japan Limited Edition Mechanical Pencil 0.3/0.5 mm P-MAS130-RLV P-MAS130-ABL P-MAS130-MG P-MAS130-W","White 0.5","Japan Stationery","Shopee",1,25.45,25.45,25.45,25.45,1,2025-10-20,2025-10-20,1
"4901681570911","Zebra Sharp Rinto Japan Limited Edition Mechanical Pencil 0.3/0.5 mm P-MAS130-RLV P-MAS130-ABL P-MAS130-MG P-MAS130-W","Lint Lavender 0.3","Japan Stationery","Shopee",1,25.45,25.45,25.45,25.45,1,2026-05-27,2026-05-27,1
"4901681567652","Zebra Sharp Rinto Japan Limited Edition Mechanical Pencil 0.3/0.5 mm P-MAS130-RLV P-MAS130-ABL P-MAS130-MG P-MAS130-W","Type:Viridian 0.5","Japan Stationery","Lazada",1,25.45,25.45,25.45,25.45,1,2026-04-21,2026-04-21,1
"4902778230695","Disney Uni-Ball Erasable 3 Color Ballpoint Pen RE3 Multicolor Mitsubishi Pencil Thermal Erase Ink RE-3","Color family:Daisy Pink","Japan Stationery","Lazada",1,25.43,25.43,25.43,25.43,1,2025-08-04,2025-08-04,1
"4902778320792","Uni Mitsubishi Jetstream x Peanut Limited Edition 4&1 Single  Ballpoint Pen 0.5mm Snoopy","Soft Pink","Japan Stationery","Shopee",2,25.40,12.70,12.70,12.70,2,2026-03-01,2026-04-11,1
"4901681635672","Zebra Sarasa Clip 3C Japan Limited Edition Relax Series Ballpoint Pen 0.4/0.5mm JJ3S5-RX-SBE JJ3S5-RX-COP JJ3S5-RX-TB","Type:Coral Pink","Japan Stationery","Lazada",1,25.30,25.30,25.30,25.30,1,2026-03-02,2026-03-02,1
"4901681635665","Zebra Sarasa Clip 3C Japan Limited Edition Relax Series Ballpoint Pen 0.4/0.5mm JJ3S5-RX-SBE JJ3S5-RX-COP JJ3S5-RX-TB","Type:Sand Beige","Japan Stationery","Lazada",1,25.29,25.29,25.29,25.29,1,2026-03-02,2026-03-02,1
"4902778301333","Refill for Mitsubishi Multi Function Jetstream Pen SXR-80-07 (0.7mm)","Colour:Black (Pack of 6pcs)","Japan Stationery","Lazada",1,24.89,24.89,24.89,24.89,1,2025-10-25,2025-10-25,1
"4901991066586","Tombow Mono Limited Shimmer Edition 958S DPB-142A DPB-142B DPB-142C DPB-142D DPB-142E CT-PAX5C209L CT-PAX5C409L","Pencil Monograph,Frost","Japan Stationery","Shopee",1,24.70,24.70,24.70,24.70,1,2025-12-24,2025-12-24,1
"4901991066593","Tombow Mono Limited Shimmer Edition 958S DPB-142A DPB-142B DPB-142C DPB-142D DPB-142E CT-PAX5C209L CT-PAX5C409L","Pencil Monograph,Frozen","Japan Stationery","Shopee",1,24.70,24.70,24.70,24.70,1,2026-01-05,2026-01-05,1
"4901480326757","Kokuyo Hasa-P280 Saxa Glueless 4x Sharp Scissors with Safety Cap HASA-P280B P280G P280R P280W P280Y","Green","Japan Stationery","Shopee",1,24.70,24.70,24.70,24.70,1,2026-02-25,2026-02-25,1
"4901480326764","Kokuyo Hasa-P280 Saxa Glueless 4x Sharp Scissors with Safety Cap HASA-P280B P280G P280R P280W P280Y","Red","Japan Stationery","Shopee",1,24.70,24.70,24.70,24.70,1,2026-05-31,2026-05-31,1
"4902778326039","Uni Kurutoga KS & Switch & Replacement Lead 25-02 Limited Edition M3KS1P.WPC M5KS1P.CCM M5KS1P.MCA M5KS1P.SBM","Color:0.5 Strawberry M","Japan Stationery","Lazada",1,24.62,24.62,24.62,24.62,1,2025-12-06,2025-12-06,1
"4902506323804","Pentel Art Multi 8 Mechanical Pencil Refill Leads 0.2mm CH2-A CH2-B CH2-C CH2-D CH2-E CH2-F CH2-G CH2-H CH2-K CH2-P","Sky Blue","Japan Stationery","Shopee",3,24.60,8.20,8.20,8.20,3,2025-07-11,2026-06-25,2
"4902506323736","Pentel Art Multi 8 Mechanical Pencil Refill Leads 0.2mm CH2-A CH2-B CH2-C CH2-D CH2-E CH2-F CH2-G CH2-H CH2-K CH2-P","Green","Japan Stationery","Shopee",3,24.60,8.20,8.20,8.20,3,2025-10-11,2025-12-06,2
"4901480320427","Kokuyo Campus Cover Notebook (with print storage pocket) ノ-623A-B ノ-623A-Y ノ-621AN-B","B5 Pink","Japan Stationery","Shopee",1,24.50,24.50,24.50,24.50,1,2026-01-08,2026-01-08,1
"4901480430010","Kokuyo This Stapler 20 Sheets Staple No.10 100 Loaded SL-M11NB SL-M11NR","Blue","Japan Stationery","Shopee",1,24.00,24.00,24.00,24.00,1,2025-07-06,2025-07-06,1
"4971516006700","Ohto Gachuk Reusable Non-stapling Binding Paper Clip Pusher","White","Japan Stationery","Shopee",1,24.00,24.00,24.00,24.00,1,2026-06-06,2026-06-06,1
"4971516430093","Ohto Gachuk Reusable Non-stapling Binding Paper Clip Pusher","Color:Gray","Japan Stationery","Lazada",1,24.00,24.00,24.00,24.00,1,2025-11-15,2025-11-15,1
"4901480265858","KOKUYO Campus Notebook Color Cover with Dots, Ruled Width 7mm ノ-3CAT-B ノ-203CATN-B ノ-3CBT-B","paper_size:Blue-B5-30S-7mm","Japan Stationery","Lazada",2,23.99,12.00,9.40,14.59,2,2025-12-25,2026-04-20,1
"4901681392773","Limited Edition Zebra Blen 3C Snoopy Multi-pen 0.5mm","Color:Pink","Japan Stationery","Lazada",1,23.88,23.88,23.88,23.88,1,2025-10-31,2025-10-31,1
"4902778258828","Refill for Jetstream Edge 0.28 mm SXR203-28","Red","Japan Stationery","Shopee",2,23.80,11.90,11.90,11.90,2,2025-10-11,2026-05-28,1
"4902506407047","Japan Pentel Ain Mechanical Pencil Lead 0.2/0.3/0.4/0.5/0.7/0.9/1.3 mm","0.9 B","Japan Stationery","Shopee",2,23.80,11.90,11.90,11.90,2,2025-10-23,2026-01-02,1
"4902506407177","Japan Pentel Ain Mechanical Pencil Lead 0.2/0.3/0.4/0.5/0.7/0.9/1.3 mm","1.3 HB","Japan Stationery","Shopee",2,23.80,11.90,11.90,11.90,2,2025-12-22,2026-05-07,1
"4977564637705","Plus Twiggy Portable Scissors FitCut Curve","Black","Japan Stationery","Shopee",1,23.70,23.70,23.70,23.70,1,2026-02-18,2026-02-18,1
"4902778309605","New Kuru Toga KS Uni Japan Mechanical Pencil Lead Self-rotating M3/5-KS Upgraded Version 0.3mm/0.5mm","Color:0.5 Black","Japan Stationery","Lazada",1,23.70,23.70,23.70,23.70,1,2026-04-21,2026-04-21,1
"4901681491933","Zebra Mildliner Double sided Highlighter Set - Pack of 5 Colors","Color family:WKT7-5C-YC","Japan Stationery","Lazada",1,23.66,23.66,23.66,23.66,1,2025-08-05,2025-08-05,1
"4902778164310","Refill for Mitsubishi Multi Function Jetstream Pen SXR-80-38 (0.38mm) Extra Fine","Red (0.38mm)","Japan Stationery","Shopee",4,23.60,5.90,5.90,5.90,1,2025-08-13,2025-08-13,1
"4902778302361","New Kuru Toga KS Uni Japan Mechanical Pencil Lead Self-rotating M3/5-KS Upgraded Version 0.3mm/0.5mm","Color:0.3 Ice Blue","Japan Stationery","Lazada",1,23.58,23.58,23.58,23.58,1,2025-12-12,2025-12-12,1
"4901681531417","Rrefill for Zebra Blen 3C SNC-0.5 Multi-pen 0.5mm","color:Black","Japan Stationery","Lazada",3,23.54,7.85,7.82,7.90,2,2025-10-09,2026-04-02,1
"4902778028223","Uni Kuru Toga Mechanical Pencil 0.3 mm M3-450 1P","Type:Silver","Japan Stationery","Lazada",1,23.44,23.44,23.44,23.44,1,2025-08-28,2025-08-28,1
"4902505676543","Pilot Neox Graphite Mechanical Pencil Refill 0.3/0.4/0.5/0.7/0.9mm HRFG-03-H -HB -B -2B HRFG-04-H -HB -B -2B HRFG-05-2H","3B 0.5","Japan Stationery","Shopee",2,23.40,11.70,11.70,11.70,2,2025-07-23,2025-07-26,1
"4902505676574","Pilot Neox Graphite Mechanical Pencil Refill 0.3/0.4/0.5/0.7/0.9mm HRFG-03-H -HB -B -2B HRFG-04-H -HB -B -2B HRFG-05-2H","B 0.7","Japan Stationery","Shopee",2,23.40,11.70,11.70,11.70,2,2025-08-24,2026-04-03,1
"4902505676451","Pilot Neox Graphite Mechanical Pencil Refill 0.3/0.4/0.5/0.7/0.9mm HRFG-03-H -HB -B -2B HRFG-04-H -HB -B -2B HRFG-05-2H","HB 0.4","Japan Stationery","Shopee",2,23.40,11.70,11.70,11.70,1,2026-05-17,2026-05-17,1
"uni-sxr80-05-mix4colors-x4pcs","Refill for Mitsubishi Multi Function Jetstream Pen SXR-80-05 (0.5mm)","color_family:Mix4color(0.5) x4pcs","Japan Stationery","Lazada",1,23.31,23.31,23.31,23.31,1,2026-03-13,2026-03-13,1
"4901681815425","Zebra Blen 3C 0.5 Japan Limited Edition My Style B3AS88-MS-CBL B3AS88-MS-GUG B3AS88-MS-CP B3AS88-MS-RW B3AS88-MS-FY","Growing Up Green","Japan Stationery","Shopee",1,23.20,23.20,23.20,23.20,1,2025-10-15,2025-10-15,1
"4901681815418","Zebra Blen 3C 0.5 Japan Limited Edition My Style B3AS88-MS-CBL B3AS88-MS-GUG B3AS88-MS-CP B3AS88-MS-RW B3AS88-MS-FY","Concentration Blue","Japan Stationery","Shopee",1,23.20,23.20,23.20,23.20,1,2025-11-11,2025-11-11,1
"4901681841684","Sarasa Clip 3C Limited Watercolor 0.4mm 0.5mm J3J5S-WC-WB J3J5S-WC-WG J3J5S-WC-WP J3J5S-WC-WB J3J5S-WC-WG J3J5S-WC-WP","0.5mm Water Green","Japan Stationery","Shopee",1,23.20,23.20,23.20,23.20,1,2026-02-03,2026-02-03,1
"4901681849451","Zebra Sarasa Series Limited Monochrome Series Clip 3C Grand Japan Limited Edition","Clip 3C 0.5 Black","Japan Stationery","Shopee",1,23.20,23.20,23.20,23.20,1,2026-02-19,2026-02-19,1
"4901681815456","Zebra Blen 3C 0.5 Japan Limited Edition My Style B3AS88-MS-CBL B3AS88-MS-GUG B3AS88-MS-CP B3AS88-MS-RW B3AS88-MS-FY","Restart White","Japan Stationery","Shopee",1,23.20,23.20,23.20,23.20,1,2026-02-25,2026-02-25,1
"4901681837939","Sarasa Clip 3C Limited Watercolor 0.4mm 0.5mm J3J5S-WC-WB J3J5S-WC-WG J3J5S-WC-WP J3J5S-WC-WB J3J5S-WC-WG J3J5S-WC-WP","0.4mm Water Green","Japan Stationery","Shopee",1,23.20,23.20,23.20,23.20,1,2026-03-17,2026-03-17,1
"4901681849468","Zebra Sarasa Series Limited Monochrome Series Clip 3C Grand Japan Limited Edition","Clip 3C 0.5 White","Japan Stationery","Shopee",1,23.20,23.20,23.20,23.20,1,2026-05-09,2026-05-09,1
"4901681841677","Sarasa Clip 3C Limited Watercolor 0.4mm 0.5mm J3J5S-WC-WB J3J5S-WC-WG J3J5S-WC-WP J3J5S-WC-WB J3J5S-WC-WG J3J5S-WC-WP","0.5mm Water Blue","Japan Stationery","Shopee",1,23.20,23.20,23.20,23.20,1,2026-06-30,2026-06-30,1
"4901681841691","Sarasa Clip 3C Limited Watercolor 0.4mm 0.5mm J3J5S-WC-WB J3J5S-WC-WG J3J5S-WC-WP J3J5S-WC-WB J3J5S-WC-WG J3J5S-WC-WP","0.5mm Water Pink","Japan Stationery","Shopee",1,23.20,23.20,23.20,23.20,1,2026-06-30,2026-06-30,1
"4901681815432","Zebra Blen 3C 0.5 Japan Limited Edition My Style B3AS88-MS-CBL B3AS88-MS-GUG B3AS88-MS-CP B3AS88-MS-RW B3AS88-MS-FY","Color:Fortune Yellow","Japan Stationery","Lazada",1,23.20,23.20,23.20,23.20,1,2026-02-02,2026-02-02,1
"4901480321905","Kokuyo Campus Notebook Dottted B Ruled B5 A4 A5 A6 40-50 Sheets ノ-105BT-DB ノ-5BT-DB ノ-201ATN-DB  ス-T153BT-DB","A5 50S","Japan Stationery","Shopee",2,23.00,11.50,11.50,11.50,2,2025-07-21,2025-11-01,1
"4901480364735","KOKUYO Enpitsu Sharp Mechanical Pencil Lead - HB / B / 2B ( 0.3 / 0.5 / 0.7 / 0.9 / 1.3 mm ) PSR-2B03-1P PSR-B03-1P","1.3mm 2B (10pcs)","Japan Stationery","Shopee",2,23.00,11.50,11.50,11.50,2,2025-08-10,2025-08-28,1
"4901480364780","KOKUYO Enpitsu Sharp Mechanical Pencil Lead - HB / B / 2B ( 0.3 / 0.5 / 0.7 / 0.9 / 1.3 mm ) PSR-2B03-1P PSR-B03-1P","1.3mm B (10pcs)","Japan Stationery","Shopee",2,23.00,11.50,11.50,11.50,1,2025-08-28,2025-08-28,1
"4901681815418","Zebra Blen 3C 0.5 Japan Limited Edition My Style B3AS88-MS-CBL B3AS88-MS-GUG B3AS88-MS-CP B3AS88-MS-RW B3AS88-MS-FY","Color:Concentration Blue","Japan Stationery","Lazada",1,22.97,22.97,22.97,22.97,1,2026-02-17,2026-02-17,1
"4901681635696","Zebra Sarasa Clip 3C Japan Limited Edition Relax Series Ballpoint Pen 0.4/0.5mm JJ3S5-RX-SBE JJ3S5-RX-COP JJ3S5-RX-TB","Leaf Green","Japan Stationery","Shopee",1,22.70,22.70,22.70,22.70,1,2026-05-29,2026-05-29,1
"4901480321974","Kokuyo Adult Campus Notebook ノ-108W-M ノ-4W-M ス-T134W-M ス-T113W-M ス-T223W-M","B5 50S Twin Ring","Japan Stationery","Shopee",1,22.50,22.50,22.50,22.50,1,2026-03-10,2026-03-10,1
"4901681853533","Sarasa Clip 0.5 Limited Sanrio Characters 1st Edition JJ29-SR1-BK1 JJ29-SR1-R1 JJ29-SR1-C0BL JJ29-SR1-ROR JJ29-SR1-3CA R","Color:3 Pen Set B","Japan Stationery","Lazada",1,22.50,22.50,22.50,22.50,1,2026-01-13,2026-01-13,1
"4901681580231","Zebra DelGuard Basic Anti-break Core Mechanical Pencil (0.7mm) 0.7","Color:Green (0.7mm)","Japan Stationery","Lazada",1,22.47,22.47,22.47,22.47,1,2025-12-12,2025-12-12,1
"4901480351650","Kokuyo Gloo Strong, Clean, Disappearing Adhesive Glue Stick Turbo G321N-1P G322N-1P G323N-1P G301N-1P","Type:Orange - Large 40g","Japan Stationery","Lazada",1,22.47,22.47,22.47,22.47,1,2025-10-23,2025-10-23,1
"4901991064872","Tombow Kimonogatari 2025 940S Mechanical pencil Tree Story wood DHA-151A DHA-151B DHA-151C DHA-151D DHA-151E","nemophila blue","Japan Stationery","Shopee",1,22.30,22.30,22.30,22.30,1,2026-05-20,2026-05-20,1
"4901991064896","Tombow Kimonogatari 2025 940S Mechanical pencil Tree Story wood DHA-151A DHA-151B DHA-151C DHA-151D DHA-151E","forest green","Japan Stationery","Shopee",1,22.30,22.30,22.30,22.30,1,2026-05-20,2026-05-20,1
"4902778273982","Uni Mitsubishi Mechanical Pencil Refill Leads 0.3/0.4/0.5/0.7/0.9 mm UL-S-0.3-25 1P","Type:2H (0.3)","Japan Stationery","Lazada",2,22.25,11.13,11.12,11.13,1,2026-04-25,2026-04-25,1
"4902506172938","Japan Version Pentel Graph Gear 500 Drafting Mech Pencil 0.3 0.4 0.5 0.7 0.9mm PG513 PG514 PG515 PG517 PG519","Size:0.4mm","Japan Stationery","Lazada",1,22.17,22.17,22.17,22.17,1,2025-10-02,2025-10-02,1
"uni-sxr80-05-green-x5pcs","Refill for Mitsubishi Multi Function Jetstream Pen SXR-80-05 (0.5mm)","Green (0.5mm) x5pcs","Japan Stationery","Shopee",1,21.90,21.90,21.90,21.90,1,2026-03-03,2026-03-03,1
"4902778292372","Refill for Mitsubishi Multi Function Jetstream Pen SXR-80-05 (0.5mm)","color_family:Red (0.5mm)","Japan Stationery","Lazada",3,21.74,7.25,5.71,10.09,3,2025-09-20,2025-11-20,1
"4902778028223","Uni Kuru Toga Mechanical Pencil 0.3 mm M3-450 1P","Silver","Japan Stationery","Shopee",1,21.70,21.70,21.70,21.70,1,2026-01-25,2026-01-25,1
"4902778028230","Uni Kuru Toga Mechanical Pencil 0.3 mm M3-450 1P","Blue","Japan Stationery","Shopee",1,21.70,21.70,21.70,21.70,1,2026-05-16,2026-05-16,1
"4902778301357","Refill for Mitsubishi Multi Function Jetstream Pen SXR-80-38 (0.38mm) Extra Fine","Color:Black 0.38 (packof6)","Japan Stationery","Lazada",1,21.43,21.43,21.43,21.43,1,2025-10-05,2025-10-05,1
"4901681853182","Sarasa Clip 0.5 Limited Sanrio Characters 1st Edition JJ29-SR1-BK1 JJ29-SR1-R1 JJ29-SR1-C0BL JJ29-SR1-ROR JJ29-SR1-3CA R","Pompompurin (Orange)","Japan Stationery","Shopee",2,21.40,10.70,10.70,10.70,2,2026-03-07,2026-04-09,1
"4901681853175","Sarasa Clip 0.5 Limited Sanrio Characters 1st Edition JJ29-SR1-BK1 JJ29-SR1-R1 JJ29-SR1-C0BL JJ29-SR1-ROR JJ29-SR1-3CA R","Hangyodon (Green)","Japan Stationery","Shopee",2,21.40,10.70,10.70,10.70,2,2026-03-19,2026-03-27,1
"4901681151295","Zebra Snoopy Wakuwaku Delguard Mildliner Macky Sarasa Japan Limited Edition P-MA85-SN-WS-PU WKT7-SN-WS-MBP YYTS7-SN-WS-B","Sarasa RO Yumekawa","Japan Stationery","Shopee",2,21.40,10.70,10.70,10.70,2,2026-03-24,2026-05-07,1
"4901681853199","Sarasa Clip 0.5 Limited Sanrio Characters 1st Edition JJ29-SR1-BK1 JJ29-SR1-R1 JJ29-SR1-C0BL JJ29-SR1-ROR JJ29-SR1-3CA R","LittleTwinStarsYellw","Japan Stationery","Shopee",2,21.40,10.70,10.70,10.70,2,2026-03-27,2026-05-04,1
"4901480265872","KOKUYO Campus Notebook Color Cover with Dots, Ruled Width 7mm ノ-3CAT-B ノ-203CATN-B ノ-3CBT-B","paper_size:Pink-B5-30S-7mm","Japan Stationery","Lazada",2,21.35,10.68,9.41,11.94,2,2025-12-08,2026-04-20,1
"4902778183885","Uni Kuru Toga Basic - Automatic Lead Rotation Mechanical Pencil (0.5mm)","Color:Navy","Japan Stationery","Lazada",1,21.33,21.33,21.33,21.33,1,2026-04-08,2026-04-08,1
"4901681581030","Zebra Mildliner Double sided Highlighter Set - Pack of 5 Colors","Color:WKT7-N-5C-N","Japan Stationery","Lazada",1,21.27,21.27,21.27,21.27,1,2025-11-09,2025-11-09,1
"4901681416738","Zebra Mildliner Double sided Highlighter Set - Pack of 5 Colors","Color:WKT7-5C-RC-N","Japan Stationery","Lazada",1,21.27,21.27,21.27,21.27,1,2025-11-09,2025-11-09,1
"uni-sxr80-05-red-x5pcs","Refill for Mitsubishi Multi Function Jetstream Pen SXR-80-05 (0.5mm)","color_family:Red (0.5mm) x5pcs","Japan Stationery","Lazada",1,21.22,21.22,21.22,21.22,1,2026-02-17,2026-02-17,1
"uni-sxr80-05-blue-x5pcs","Refill for Mitsubishi Multi Function Jetstream Pen SXR-80-05 (0.5mm)","color_family:Blue (0.5mm) x5pcs","Japan Stationery","Lazada",1,21.22,21.22,21.22,21.22,1,2026-02-17,2026-02-17,1
"4901480363844","Kokuyo Campus Notebook/Diary Exclusive Notebook Cover Clear B5|A5|B6|A6 ニ-CSC-B5 ニ-CSC-A5 ニ-CSC-B6 ニ-CSC-A6","B5","Japan Stationery","Shopee",1,21.00,21.00,21.00,21.00,1,2025-08-05,2025-08-05,1
"4901480344362","Kokuyo Karu Cut Washi Tape Cutter - Clip -10-15mm /  20-25 mm T-SM400LB T-SM400LG T-SM400LP T-SM400W T-SM401LB T-SM401LG","20-25mm(LS)","Japan Stationery","Shopee",1,21.00,21.00,21.00,21.00,1,2025-10-18,2025-10-18,1
"4901480335773","Kokuyo Karu Cut Washi Tape Cutter - Clip -10-15mm /  20-25 mm T-SM400LB T-SM400LG T-SM400LP T-SM400W T-SM401LB T-SM401LG","20-25mm(W)","Japan Stationery","Shopee",1,21.00,21.00,21.00,21.00,1,2025-11-11,2025-11-11,1
"4901480335766","Kokuyo Karu Cut Washi Tape Cutter - Clip -10-15mm /  20-25 mm T-SM400LB T-SM400LG T-SM400LP T-SM400W T-SM401LB T-SM401LG","20-25mm(LP)","Japan Stationery","Shopee",1,21.00,21.00,21.00,21.00,1,2025-12-12,2025-12-12,1
"4901480335759","Kokuyo Karu Cut Washi Tape Cutter - Clip -10-15mm /  20-25 mm T-SM400LB T-SM400LG T-SM400LP T-SM400W T-SM401LB T-SM401LG","20-25mm(LB)","Japan Stationery","Shopee",1,21.00,21.00,21.00,21.00,1,2026-05-10,2026-05-10,1
"4901480072968","Kokuyo Campus Notebook Special Ruled B5 A4 Grid, English Practice, Vertical, Plain Ruled 30-40 Sheets ノ-13S5 ノ-201S5","Plain A4","Japan Stationery","Shopee",1,21.00,21.00,21.00,21.00,1,2026-05-31,2026-05-31,1
"4902778352571","Uni-ball One 3 Retractable 3 Color Ballpoint Pen UME3SR38.21 UME3SR38.52 UME3SR05.8 UME3SR05.20","Refill 0.5mm Black","Japan Stationery","Shopee",2,20.80,10.40,10.40,10.40,1,2026-06-13,2026-06-13,1
"4901681982141","Refill for Zebra Sarasa Grand JF-0.5 Gel Ink Pen Vintage Color Series 0.3mm/0.5mm","Brown Gray,0.5mm","Japan Stationery","Shopee",3,20.70,6.90,6.90,6.90,2,2025-09-12,2025-11-21,1
"4901681579891","Zebra DelGuard Original Anti-break Core Mechanical Pencil Basic (0.3mm) Japan Premium Student Gift","Luminous Pink","Japan Stationery","Shopee",1,20.70,20.70,20.70,20.70,1,2025-09-29,2025-09-29,1
"4902505686474","Pilot S3 Mechanical Pencil Neox Graphite Mini Japan Limited Edition HPS-30R-TMNL3 HPS-30R-TBE3 HPS-30R-TBE4 HPS-30R-TAL4","Trans Mid Blue 0.4","Japan Stationery","Shopee",1,20.70,20.70,20.70,20.70,1,2026-04-10,2026-04-10,1
"4901681886425","Zebra DelGuard Original Anti-break Core Mechanical Pencil Basic (0.5mm)","Colour:Blue","Japan Stationery","Lazada",1,20.49,20.49,20.49,20.49,1,2026-03-13,2026-03-13,1
"4902778028162","Uni Kuru Toga Basic - Automatic Lead Rotation Mechanical Pencil (0.5mm)","Color:Pink","Japan Stationery","Lazada",1,20.40,20.40,20.40,20.40,1,2025-11-08,2025-11-08,1
"4902778181607","Refill for Mitsubishi Multi Function Jetstream Pen SXR-80-38 (0.38mm) Extra Fine","Color:Black 0.38 (packof5)","Japan Stationery","Lazada",1,20.32,20.32,20.32,20.32,1,2026-05-06,2026-05-06,1
"4901480367040","Kokuyo Adult Campus Notebook A5 Grid Ruled 40 Sheets ノ-104S5-D ノ-4S5-D ノ-201S5N-D ノ-108S5-D ノ-8S5-D ス-T153S5-D","A7 50S Cut-off","Japan Stationery","Shopee",2,20.00,10.00,10.00,10.00,1,2025-08-25,2025-08-25,1
"4901480335742","Kokuyo Karu Cut Washi Tape Cutter - Clip -10-15mm /  20-25 mm T-SM400LB T-SM400LG T-SM400LP T-SM400W T-SM401LB T-SM401LG","10-15mm(W)","Japan Stationery","Shopee",1,20.00,20.00,20.00,20.00,1,2025-09-08,2025-09-08,1
"4901480235103","Kokuyo Campus Diary Free Schedule B5|A5|A6 24 Sheets ニ-CF3N ニ-CF103N ニ-CF221N","Paper Type:A5","Japan Stationery","Lazada",1,20.00,20.00,20.00,20.00,1,2025-11-13,2025-11-13,1
"4902506431059","Zebra Floatune Japan Limited Edition Airy Design Pen Special color Smooth ink and tip BZN204AD1-A BZN205AD1-A XZRN4-A","Seaside Blue 0.5mm","Japan Stationery","Shopee",1,19.95,19.95,19.95,19.95,1,2026-05-16,2026-05-16,1
"4902778022160","Uniball Refill for Mitsubishi Multi Function Jetstream Pen SXR-80-07 (0.7mm)","Color family:Black","Japan Stationery","Lazada",3,19.89,6.63,6.63,6.63,1,2025-09-18,2025-09-18,1
"4902778322093","Uni Mitsubishi Uniball ZENTO Basic Standard Flow Gel Pens 0.38/0.5mm UBNZS38.15 UBNZS38 UBNZS05","Type:Std Canary 0.5","Japan Stationery","Lazada",1,19.85,19.85,19.85,19.85,1,2026-04-12,2026-04-12,1
"4901480331003","KOKUYO File Box <NEOS> A4 Vertical/Horizontal 2-Way Type A4-NELF-B A4-NELF-D A4-NELF-DB A4-NELF-DG A4-NELF-R A4-NELF-W","Black","Japan Stationery","Shopee",1,19.70,19.70,19.70,19.70,1,2025-07-03,2025-07-03,1
"4902778364291","552 Series Pencil for Drafting  0.3/0.4/0.5/0.7/0.9 mm M3552.24","0.7mm, Black","Japan Stationery","Shopee",1,19.70,19.70,19.70,19.70,1,2025-07-28,2025-07-28,1
"4901480345208","Kokuyo Gloo Repositionable Adhesive Glue Tape Set Refill TA-GM410-07 GM400-08 G410-07 G400-08 GM411","Removable,Small","Japan Stationery","Shopee",1,19.70,19.70,19.70,19.70,1,2025-10-17,2025-10-17,1
"4901480345093","Kokuyo Gloo Repositionable Adhesive Glue Tape Set Refill TA-GM410-07 GM400-08 G410-07 G400-08 GM411","Strong Adhesive,Refill Medium","Japan Stationery","Shopee",1,19.70,19.70,19.70,19.70,1,2026-01-11,2026-01-11,1
"4902778364260","552 Series Pencil for Drafting  0.3/0.4/0.5/0.7/0.9 mm M3552.24","0.3mm, Black","Japan Stationery","Shopee",1,19.70,19.70,19.70,19.70,1,2026-02-24,2026-02-24,1
"4901681858552","Zebra Sarasa Pokemon Series Japan Limited Edition Sarasa Nano Clip 3C JJ29-PO-MIG JJX72-P0-Y J3J5-PO-PU JJ29-PO-MKOR","Nano -Yellow","Japan Stationery","Shopee",1,19.70,19.70,19.70,19.70,1,2026-06-07,2026-06-07,1
"4901681858583","Zebra Sarasa Pokemon Series Japan Limited Edition Sarasa Nano Clip 3C JJ29-PO-MIG JJX72-P0-Y J3J5-PO-PU JJ29-PO-MKOR","Nano -Camel Yellow","Japan Stationery","Shopee",1,19.70,19.70,19.70,19.70,1,2026-06-07,2026-06-07,1
"4902778183908","Uni Kuru Toga Basic - Automatic Lead Rotation Mechanical Pencil (0.5mm)","Color:Red","Japan Stationery","Lazada",1,19.70,19.70,19.70,19.70,1,2026-03-15,2026-03-15,1
"4901480380957","Kokuyo Mark+ Two Tone Color Marker PM-MT100-5S","Gold","Japan Stationery","Shopee",2,19.40,9.70,8.50,10.90,2,2025-09-14,2026-06-15,1
"4901480380964","Kokuyo Mark+ Two Tone Color Marker PM-MT100-5S","Light Green","Japan Stationery","Shopee",2,19.40,9.70,8.50,10.90,2,2025-09-14,2026-05-05,1
"4901480353944","Kokuyo Mark+ Two Tone Color Marker PM-MT100-5S","Pink","Japan Stationery","Shopee",2,19.40,9.70,8.50,10.90,2,2026-03-03,2026-06-15,1
"4901480380971","Kokuyo Mark+ Two Tone Color Marker PM-MT100-5S","Navy","Japan Stationery","Shopee",2,19.40,9.70,8.50,10.90,2,2026-03-31,2026-05-05,1
"4901681129270","Zebra Snoopy Wakuwaku Delguard Mildliner Macky Sarasa Japan Limited Edition P-MA85-SN-WS-PU WKT7-SN-WS-MBP YYTS7-SN-WS-B","ML Dusty Pink","Japan Stationery","Shopee",2,19.40,9.70,9.70,9.70,2,2026-04-16,2026-06-06,1
"4901681853151","Sarasa Clip 0.5 Limited Sanrio Characters 1st Edition JJ29-SR1-BK1 JJ29-SR1-R1 JJ29-SR1-C0BL JJ29-SR1-ROR JJ29-SR1-3CA R","Color:Tuxedosam Cobalt Blu","Japan Stationery","Lazada",2,19.19,9.59,9.59,9.60,1,2026-06-12,2026-06-12,1
"4901480072890","Kokuyo Campus Notebook Special Ruled B5 A4 Grid, English Practice, Vertical, Plain Ruled 30-40 Sheets ノ-13S5 ノ-201S5","Englis Practice B5","Japan Stationery","Shopee",2,19.00,9.50,9.50,9.50,2,2025-10-03,2026-04-09,1
"4901480265933","KOKUYO Campus Notebook Color Cover with Dots, Ruled Width 7mm ノ-3CAT-B ノ-203CATN-B ノ-3CBT-B","Purple|B5|30S|6mm","Japan Stationery","Shopee",2,19.00,9.50,9.50,9.50,2,2025-10-15,2026-04-15,1
"4901480265896","KOKUYO Campus Notebook Color Cover with Dots, Ruled Width 7mm ノ-3CAT-B ノ-203CATN-B ノ-3CBT-B","Yellow|B5|30S|7mm","Japan Stationery","Shopee",2,19.00,9.50,9.50,9.50,2,2025-10-18,2026-06-27,1
"4902778603390","Uni Mitsubishi Hi-Uni GRCT Mechanical Pencil Refill Leads 0.3/0.5 mm HU033002H HU03300H HU03300HB HU03300B","H (0.5)","Japan Stationery","Shopee",1,18.90,18.90,18.90,18.90,1,2025-08-07,2025-08-07,1
"4901681392759","Limited Edition Zebra Blen 3C Snoopy Multi-pen 0.5mm","Color:Blue","Japan Stationery","Lazada",1,18.84,18.84,18.84,18.84,1,2025-10-09,2025-10-09,1
"4901480265865","KOKUYO Campus Notebook Color Cover with Dots, Ruled Width 7mm ノ-3CAT-B ノ-203CATN-B ノ-3CBT-B","paper_size:Green-B5-30S-7mm","Japan Stationery","Lazada",2,18.81,9.41,9.40,9.41,1,2025-10-06,2025-10-06,1
"4901480265896","KOKUYO Campus Notebook Color Cover with Dots, Ruled Width 7mm ノ-3CAT-B ノ-203CATN-B ノ-3CBT-B","paper_size:Yellow-B5-30S-7mm","Japan Stationery","Lazada",2,18.81,9.41,9.40,9.41,1,2025-10-06,2025-10-06,1
"4901480264141","Kokuyo Campus Eraser for Elementary School Students (B.HB and 2B Types) Poppy-C100-1N C100-2N","2B","Japan Stationery","Shopee",3,18.75,6.25,6.25,6.25,2,2025-07-06,2025-08-18,1
"4902778364772","Uni Mitsubishi Replacement Lead Refill 2.0mm ULN","Type:4B","Japan Stationery","Lazada",1,18.09,18.09,18.09,18.09,1,2025-07-25,2025-07-25,1
"4901480477558","Kokuyo Fluorescent Marker OA [Prefix] (Twin) 3 Color PM – L202 – 3S | 5 Color Set PM-L202-5S","3 Color Set","Japan Stationery","Shopee",1,18.00,18.00,18.00,18.00,1,2026-04-07,2026-04-07,1
"4901681579860","Zebra DelGuard Original Anti-break Core Mechanical Pencil Basic (0.3mm) Japan Premium Student Gift","Color:White","Japan Stationery","Lazada",1,17.96,17.96,17.96,17.96,1,2025-09-09,2025-09-09,1
"4902778181591","Refill for Mitsubishi Jetstream Pen SXR-5 (0.5mm) SXR-38 SXR-7Multi Function SXN-150 SXN-250","Color family:Black (0.38mm)(5pcs)","Japan Stationery","Lazada",1,17.90,17.90,17.90,17.90,1,2025-10-10,2025-10-10,1
"4902778164327","Refill for Mitsubishi Multi Function Jetstream Pen SXR-80-38 (0.38mm) Extra Fine","Black (0.38mm)","Japan Stationery","Shopee",3,17.70,5.90,5.90,5.90,2,2026-06-10,2026-06-15,1
"4901991708219","Tombow Mono Limited Shimmer Edition 958S DPB-142A DPB-142B DPB-142C DPB-142D DPB-142E CT-PAX5C209L CT-PAX5C409L","Correction Tape,Frozen","Japan Stationery","Shopee",1,17.70,17.70,17.70,17.70,1,2026-02-15,2026-02-15,1
"4901991708233","Tombow Mono Limited Shimmer Edition 958S DPB-142A DPB-142B DPB-142C DPB-142D DPB-142E CT-PAX5C209L CT-PAX5C409L","Correction Tape,Rosé","Japan Stationery","Shopee",1,17.70,17.70,17.70,17.70,1,2026-02-28,2026-02-28,1
"4901991708240","Tombow Mono Limited Shimmer Edition 958S DPB-142A DPB-142B DPB-142C DPB-142D DPB-142E CT-PAX5C209L CT-PAX5C409L","Correction Tape,Lilac","Japan Stationery","Shopee",1,17.70,17.70,17.70,17.70,1,2026-04-06,2026-04-06,1
"4902778292389","Refill for Mitsubishi Multi Function Jetstream Pen SXR-80-05 (0.5mm)","color_family:Black (0.5mm)","Japan Stationery","Lazada",3,17.61,5.87,5.73,5.94,2,2025-09-20,2025-11-20,1
"4901681823864","Mildliner Fragrance Japan Limited Edition Highlighter Pen Series Special Zebra WK7T-FR-MS0B WK7T","Wood Scent","Japan Stationery","Shopee",2,17.60,8.80,7.90,9.70,2,2025-08-05,2026-06-25,1
"4901681823833","Mildliner Fragrance Japan Limited Edition Highlighter Pen Series Special Zebra WK7T-FR-MS0B WK7T","Green Scent","Japan Stationery","Shopee",2,17.60,8.80,7.90,9.70,2,2025-08-22,2026-06-25,1
"4902778292396","Refill for Mitsubishi Multi Function Jetstream Pen SXR-80-05 (0.5mm)","color_family:Blue (0.5mm)","Japan Stationery","Lazada",3,17.58,5.86,5.71,5.94,2,2025-09-20,2025-11-20,1
"4901480235110","Kokuyo Campus Diary Free Schedule B5|A5|A6 24 Sheets ニ-CF3N ニ-CF103N ニ-CF221N","A6","Japan Stationery","Shopee",1,17.50,17.50,17.50,17.50,1,2025-09-22,2025-09-22,1
"4902778230749","Refill for Uni-Ball Erasable Ballpoint Pen RE & RE3 Thermal Erase Ink Multicolor Mitsubishi Pencil  RE-3 URR-103-05","Color family:Blue","Japan Stationery","Lazada",2,17.45,8.73,7.90,9.55,2,2025-09-09,2025-09-16,1
"4902778230725","Refill for Uni-Ball Erasable Ballpoint Pen RE & RE3 Thermal Erase Ink Multicolor Mitsubishi Pencil  RE-3 URR-103-05","Color family:Red","Japan Stationery","Lazada",2,17.45,8.73,7.90,9.55,2,2025-09-09,2025-09-16,1
"4902778230732","Refill for Uni-Ball Erasable Ballpoint Pen RE & RE3 Thermal Erase Ink Multicolor Mitsubishi Pencil  RE-3 URR-103-05","Color family:Black","Japan Stationery","Lazada",2,17.45,8.73,7.90,9.55,2,2025-09-09,2025-09-16,1
"4902778301302","Refill for Mitsubishi Multi Function Jetstream Pen SXR-80-05 (0.5mm)","color_family:Black (Pack of 5pcs)","Japan Stationery","Lazada",1,17.44,17.44,17.44,17.44,1,2026-02-17,2026-02-17,1
"4901991635980","Refill for Tombow Airpress Pressurized Ballpoint Pen - 0.7 mm","Color:Black","Japan Stationery","Lazada",1,17.30,17.30,17.30,17.30,1,2025-12-31,2025-12-31,1
"4902778313954","Uni Jetstream Lite Freshers Set 2025 Lite 4 & 1 Multi pen 4 color + Mechanical Pencil MSXE5L5.05.1 SXRL8005.24","Color:Refill Black","Japan Stationery","Lazada",2,17.20,8.60,8.60,8.60,1,2026-03-11,2026-03-11,1
"4902506407047","Japan Pentel Ain Mechanical Pencil Lead 0.2/0.3/0.4/0.5/0.7/0.9/1.3 mm","Type:0.9 B","Japan Stationery","Lazada",1,17.09,17.09,17.09,17.09,1,2026-05-05,2026-05-05,1
"4901480353937","Kokuyo Mark+ Two Tone Color Marker PM-MT100-5S","Green","Japan Stationery","Shopee",2,17.00,8.50,8.50,8.50,2,2025-08-15,2026-03-31,1
"4901480353982","Kokuyo Highlighter Pen 2 Tone Mark Plus Gray Type PM-MT101","Gray Blue","Japan Stationery","Shopee",2,17.00,8.50,8.50,8.50,2,2025-08-16,2025-10-17,1
"4901480353951","Kokuyo Mark+ Two Tone Color Marker PM-MT100-5S","Purple","Japan Stationery","Shopee",2,17.00,8.50,8.50,8.50,2,2025-08-22,2026-03-31,1
"4901480381039","Kokuyo PM-MT200 Mark+ Two Way Color Highlighter Fineliner Marker PM-MT200LG PM-MT200K PM-MT200G PM-MT200DB PM-MT200P","Red","Japan Stationery","Shopee",2,17.00,8.50,8.50,8.50,2,2025-10-26,2026-04-27,1
"4901480365329","Kokuyo 2-Way Highlighter Marker 5 Colors Set. Mark+ Gray Type PM-MT201BM PM-MT201GM PM-MT201PM PM-MT201VM","Blue Gray","Japan Stationery","Shopee",2,17.00,8.50,8.50,8.50,2,2025-12-23,2026-05-17,1
"4901480365336","Kokuyo 2-Way Highlighter Marker 5 Colors Set. Mark+ Gray Type PM-MT201BM PM-MT201GM PM-MT201PM PM-MT201VM","Green Gray","Japan Stationery","Shopee",2,17.00,8.50,8.50,8.50,2,2026-01-03,2026-06-28,1
"4902505447853","Limited Edition Pilot Frixion Ball3 Slim Tri-color Pen Erasable 0.38mm","Refill 3pcs Black","Japan Stationery","Shopee",1,16.90,16.90,16.90,16.90,1,2025-11-15,2025-11-15,1
"4902505447860","Limited Edition Pilot Frixion Ball3 Slim Tri-color Pen Erasable 0.38mm","Refill 3pcs Red","Japan Stationery","Shopee",1,16.90,16.90,16.90,16.90,1,2025-11-15,2025-11-15,1
"4902505676512","Pilot Neox Graphite Mechanical Pencil Refill 0.3/0.4/0.5/0.7/0.9mm HRFG-03-H -HB -B -2B HRFG-04-H -HB -B -2B HRFG-05-2H","Type:HB 0.5","Japan Stationery","Lazada",1,16.89,16.89,16.89,16.89,1,2025-11-06,2025-11-06,1
"4901480364742","KOKUYO Enpitsu Sharp Mechanical Pencil Lead - HB / B / 2B ( 0.3 / 0.5 / 0.7 / 0.9 / 1.3 mm ) PSR-2B03-1P PSR-B03-1P","Option:0.3mm B (15pcs)","Japan Stationery","Lazada",1,16.69,16.69,16.69,16.69,1,2026-01-22,2026-01-22,1
"4902778272411","Uni Mitsubishi Mechanical Pencil Refill Leads 0.3/0.4/0.5/0.7/0.9 mm UL-S-0.3-25 1P","Variation1:HB (0.3) | Type:HB (0.3)","Japan Stationery","Lazada",2,16.58,8.29,7.92,8.66,2,2025-08-20,2025-10-11,1
"4902506323798","Pentel Art Multi 8 Mechanical Pencil Refill Leads 0.2mm CH2-A CH2-B CH2-C CH2-D CH2-E CH2-F CH2-G CH2-H CH2-K CH2-P","Pink","Japan Stationery","Shopee",2,16.40,8.20,8.20,8.20,2,2025-07-11,2026-06-25,2
"4902506323712","Pentel Art Multi 8 Mechanical Pencil Refill Leads 0.2mm CH2-A CH2-B CH2-C CH2-D CH2-E CH2-F CH2-G CH2-H CH2-K CH2-P","Red","Japan Stationery","Shopee",2,16.40,8.20,8.20,8.20,2,2025-07-11,2026-06-25,2
"4902506323750","Pentel Art Multi 8 Mechanical Pencil Refill Leads 0.2mm CH2-A CH2-B CH2-C CH2-D CH2-E CH2-F CH2-G CH2-H CH2-K CH2-P","Orange","Japan Stationery","Shopee",2,16.40,8.20,8.20,8.20,2,2025-10-23,2026-06-25,2
"4902506323767","Pentel Art Multi 8 Mechanical Pencil Refill Leads 0.2mm CH2-A CH2-B CH2-C CH2-D CH2-E CH2-F CH2-G CH2-H CH2-K CH2-P","Yellow","Japan Stationery","Shopee",2,16.40,8.20,8.20,8.20,2,2025-10-23,2026-06-25,2
"4902778313961","Uni Jetstream Lite Freshers Set 2025 Lite 4 & 1 Multi pen 4 color + Mechanical Pencil MSXE5L5.05.1 SXRL8005.24","Color:Refill Blue","Japan Stationery","Lazada",2,16.20,8.10,8.10,8.10,1,2026-02-23,2026-02-23,1
"4901480349503","Kokuyo Campus Study Planner Notebook Daily Weekly Ruled B5|A5 ノ-Y80MD-G ノ-Y80MW-B","B5 Green Daily Ruled","Japan Stationery","Shopee",1,16.00,16.00,16.00,16.00,1,2025-08-25,2025-08-25,1
"4901480364520","Kokuyo Campus Study Study Planner 2 Weeks A5 B5 ノ-Y80LT-DB ノ-Y82LT-DB","Size:B5 Blue","Japan Stationery","Lazada",1,16.00,16.00,16.00,16.00,1,2025-12-19,2025-12-19,1
"4901480349503","Kokuyo Campus Study Planner Notebook Daily Weekly Ruled B5|A5 ノ-Y80MD-G ノ-Y80MW-B","Size:B5 Green Daily Ruled","Japan Stationery","Lazada",1,15.84,15.84,15.84,15.84,1,2026-04-20,2026-04-20,1
"4901681847365","Sarasa Nano 0.38 Limited Edition Winnie the Pooh W280 Zebra Japan Disney JJX72-DSWP-BK1 JJX72-DSWP-VSB JJX72-DSWP-4C","Color:Blue Gray 0.38","Japan Stationery","Lazada",1,15.70,15.70,15.70,15.70,1,2026-01-16,2026-01-16,1
"4901681847310","Sarasa Nano 0.38 Limited Edition Winnie the Pooh W280 Zebra Japan Disney JJX72-DSWP-BK1 JJX72-DSWP-VSB JJX72-DSWP-4C","Color:Powder Blue 0.38","Japan Stationery","Lazada",1,15.70,15.70,15.70,15.70,1,2026-01-16,2026-01-16,1
"4902506406484","Japan Pentel Ain Mechanical Pencil Lead 0.2/0.3/0.4/0.5/0.7/0.9/1.3 mm","Type:0.4 2B","Japan Stationery","Lazada",1,15.68,15.68,15.68,15.68,1,2026-05-20,2026-05-20,1
"4901681531424","Rrefill for Zebra Blen 3C SNC-0.5 Multi-pen 0.5mm","color:Blue","Japan Stationery","Lazada",2,15.64,7.82,7.82,7.82,1,2025-10-09,2025-10-09,1
"4902506406583","Japan Pentel Ain Mechanical Pencil Lead 0.2/0.3/0.4/0.5/0.7/0.9/1.3 mm","Type:0.5 3B","Japan Stationery","Lazada",1,15.61,15.61,15.61,15.61,1,2026-04-16,2026-04-16,1
"4006856505528","Rotring Tikky Hi-Polymer Pencil Lead (0.3 0.35 0.5 0.7 0.9 1.0 2.0 mm 2H H HB B 2B)","Size & Grade:0.5mm B","Japan Stationery","Lazada",1,15.50,15.50,15.50,15.50,1,2025-08-14,2025-08-14,1
"4006856505559","Rotring Tikky Hi-Polymer Pencil Lead (0.3 0.35 0.5 0.7 0.9 1.0 2.0 mm 2H H HB B 2B)","Size & Grade:0.5mm H","Japan Stationery","Lazada",1,15.49,15.49,15.49,15.49,1,2025-08-14,2025-08-14,1
"4902778313947","Uni Jetstream Prime 2025 Japan Limited Edition Refill SXRL8005.15 SXRL8005.24 SXRL8005.33","Red | Refill Red","Japan Stationery","Shopee",2,15.30,7.65,6.70,8.60,2,2026-05-28,2026-06-18,2
"4902778211380","Uni Nano Diamond Color Erasable Lead Mechanical Pencil - 0.5 mm","Color family:Lavender","Japan Stationery","Lazada",2,15.27,7.63,4.72,10.55,2,2025-09-05,2025-09-10,1
"4902778164334","Refill for Mitsubishi Multi Function Jetstream Pen SXR-80-38 (0.38mm) Extra Fine","Color:Blue (0.38mm)","Japan Stationery","Lazada",2,15.14,7.57,7.57,7.57,1,2025-10-05,2025-10-05,1
"4901480364544","Kokuyo Campus Study Study Planner 2 Weeks A5 B5 ノ-Y80LT-DB ノ-Y82LT-DB","A5 Blue","Japan Stationery","Shopee",1,15.00,15.00,15.00,15.00,1,2026-03-07,2026-03-07,1
"4901681783410","Zebra DelGuard ER Eraser Edition - Anti-break Core Mechanical Pencil (0.5mm)","Color family:Eraser refill 5pcs","Japan Stationery","Lazada",1,14.99,14.99,14.99,14.99,1,2025-10-09,2025-10-09,1
"4901681144068","Zebra Moomin Blen 0.5 / Bren 4+S 0.5 Japan Limited multipen BAS88-MM-BGR BAS88-MM-CE BAS88-MM-COP BAS88-MM-W","Viridian","Japan Stationery","Shopee",1,14.90,14.90,14.90,14.90,1,2026-06-29,2026-06-29,1
"4901480351636","Kokuyo Gloo Strong, Clean, Disappearing Adhesive Glue Stick Turbo G321N-1P G322N-1P G323N-1P G301N-1P","Type:Orange - Small 10g","Japan Stationery","Lazada",2,14.85,7.42,7.42,7.43,1,2025-12-06,2025-12-06,1
"4902505692710","Pilot Frixtion X Anna Sui The Secret Garden Limited Edition","0.3mm - Rose Garden","Japan Stationery","Shopee",1,14.70,14.70,14.70,14.70,1,2026-05-18,2026-05-18,1
"4902505692741","Pilot Frixtion X Anna Sui The Secret Garden Limited Edition","0.5mm - Rose Garden","Japan Stationery","Shopee",1,14.70,14.70,14.70,14.70,1,2026-05-18,2026-05-18,1
"4901681877966","Zebra Sarasa Pokemon Series Japan Limited Edition Sarasa Nano Clip 3C JJ29-PO-MIG JJX72-P0-Y J3J5-PO-PU JJ29-PO-MKOR","Clip -Milk Orange","Japan Stationery","Shopee",1,14.70,14.70,14.70,14.70,1,2026-06-09,2026-06-09,1
"4901480091792","Kokuyo Campus Notebook 5 Colored Cover Semi-B5 Normal-Medium Line 30 Sheets 6mm 7mm ノ-3CAN-B ノ-3CBN-B","Size:7mm, Color:Blue","Japan Stationery","Lazada",1,14.69,14.69,14.69,14.69,1,2025-11-27,2025-11-27,1
"4902505676543","Pilot Neox Graphite Mechanical Pencil Refill 0.3/0.4/0.5/0.7/0.9mm HRFG-03-H -HB -B -2B HRFG-04-H -HB -B -2B HRFG-05-2H","Type:3B 0.5","Japan Stationery","Lazada",1,14.29,14.29,14.29,14.29,1,2025-10-17,2025-10-17,1
"4902778272428","Uni Mitsubishi Mechanical Pencil Refill Leads 0.3/0.4/0.5/0.7/0.9 mm UL-S-0.3-25 1P","Type:B (0.3)","Japan Stationery","Lazada",1,14.20,14.20,14.20,14.20,1,2026-03-28,2026-03-28,1
"4901681416714","Zebra Mildliner Double sided Highlighter Set - Pack of 5 Colors","Color family:WKT7-5C-NC-N","Japan Stationery","Lazada",1,13.92,13.92,13.92,13.92,1,2025-08-21,2025-08-21,1
"4901681711048","Refill for Zebra Sarasa Grand JF-0.5 Gel Ink Pen Vintage Color Series 0.3mm/0.5mm","Cassis Black,0.3mm","Japan Stationery","Shopee",2,13.80,6.90,6.90,6.90,2,2026-01-14,2026-01-24,1
"4901681126910","Refill for Zebra Sarasa Grand JF-0.5 Gel Ink Pen Vintage Color Series 0.3mm/0.5mm","Black,0.5mm","Japan Stationery","Shopee",2,13.80,6.90,6.90,6.90,2,2026-05-31,2026-06-30,1
"4901480345130","Kokuyo Gloo Repositionable Adhesive Glue Tape Set Refill TA-GM410-07 GM400-08 G410-07 G400-08 GM411","Repositionable,Refill Small","Japan Stationery","Shopee",1,13.70,13.70,13.70,13.70,1,2025-09-17,2025-09-17,1
"4901681137022","Zebra Blen U pen 0.5/0.7 Japan Limited First Edition BlenU Japan Limited Edition BAS87-OLG BAS87-DNV BAS87-SABL","0.5mm Sax Blue","Japan Stationery","Shopee",1,13.70,13.70,13.70,13.70,1,2026-04-04,2026-04-04,1
"4901681137053","Zebra Blen U pen 0.5/0.7 Japan Limited First Edition BlenU Japan Limited Edition BAS87-OLG BAS87-DNV BAS87-SABL","0.5mm Dusty Pink","Japan Stationery","Shopee",1,13.70,13.70,13.70,13.70,1,2026-05-31,2026-05-31,1
"4901681244591","Refill for Zebra Sarasa Grand JF-0.5 Gel Ink Pen Vintage Color Series 0.3mm/0.5mm","Color:Blue Black, Size:0.3mm","Japan Stationery","Lazada",2,13.66,6.83,6.83,6.83,1,2025-12-02,2025-12-02,1
"4901681711048","Refill for Zebra Sarasa Grand JF-0.5 Gel Ink Pen Vintage Color Series 0.3mm/0.5mm","Color:Cassis Black, Size:0.3mm","Japan Stationery","Lazada",2,13.66,6.83,6.83,6.83,1,2025-12-02,2025-12-02,1
"4902778348796","2025 New Retreat Color Uni-ball Zento Standard Flow UMNSFT38D.1 UMNSFT38D.32 UMNSFT05D.6 UMNSFT05D.13","Std-Lotus Pink","Japan Stationery","Shopee",1,13.20,13.20,13.20,13.20,1,2025-09-25,2025-09-25,1
"4901681849291","Zebra Sarasa Series Limited Monochrome Series Clip 3C Grand Japan Limited Edition","Nano 0.38 White","Japan Stationery","Shopee",1,13.20,13.20,13.20,13.20,1,2025-12-28,2025-12-28,1
"4901681849284","Zebra Sarasa Series Limited Monochrome Series Clip 3C Grand Japan Limited Edition","Nano 0.38 Black","Japan Stationery","Shopee",1,13.20,13.20,13.20,13.20,1,2025-12-28,2025-12-28,1
"4901681131679","Zebra Snoopy Wakuwaku Delguard Mildliner Macky Sarasa Japan Limited Edition P-MA85-SN-WS-PU WKT7-SN-WS-MBP YYTS7-SN-WS-B","Marker Comic","Japan Stationery","Shopee",1,13.20,13.20,13.20,13.20,1,2026-05-01,2026-05-01,1
"4901991032604","Tombow Mono Limited Shimmer Edition 958S DPB-142A DPB-142B DPB-142C DPB-142D DPB-142E CT-PAX5C209L CT-PAX5C409L","Lead Refill,Emerald","Japan Stationery","Shopee",1,13.20,13.20,13.20,13.20,1,2026-05-10,2026-05-10,1
"4901681131693","Zebra Snoopy Wakuwaku Delguard Mildliner Macky Sarasa Japan Limited Edition P-MA85-SN-WS-PU WKT7-SN-WS-MBP YYTS7-SN-WS-B","Marker Simple","Japan Stationery","Shopee",1,13.20,13.20,13.20,13.20,1,2026-05-17,2026-05-17,1
"4901681131686","Zebra Snoopy Wakuwaku Delguard Mildliner Macky Sarasa Japan Limited Edition P-MA85-SN-WS-PU WKT7-SN-WS-MBP YYTS7-SN-WS-B","Marker Yumekawa","Japan Stationery","Shopee",1,13.20,13.20,13.20,13.20,1,2026-06-13,2026-06-13,1
"4902778364697","Uni Mitsubishi Replacement Lead Refill 2.0mm ULN","3H","Japan Stationery","Shopee",1,12.90,12.90,12.90,12.90,1,2025-12-01,2025-12-01,1
"4902778364727","Uni Mitsubishi Replacement Lead Refill 2.0mm ULN","F","Japan Stationery","Shopee",1,12.90,12.90,12.90,12.90,1,2026-01-13,2026-01-13,1
"4006856505733","Rotring Tikky Hi-Polymer Pencil Lead (0.3 0.35 0.5 0.7 0.9 1.0 2.0 mm 2H H HB B 2B)","0.7mm HB","Japan Stationery","Shopee",1,12.90,12.90,12.90,12.90,1,2026-05-02,2026-05-02,1
"4006856505719","Rotring Tikky Hi-Polymer Pencil Lead (0.3 0.35 0.5 0.7 0.9 1.0 2.0 mm 2H H HB B 2B)","Size & Grade:0.7mm 2B","Japan Stationery","Lazada",1,12.90,12.90,12.90,12.90,1,2025-07-13,2025-07-13,1
"4902778164167","0.5mm Refill for Mitsubishi Jetstream Prime Pen SXR-200-05 (0.5mm) (D1 refill size)","Color:Blue","Japan Stationery","Lazada",1,12.87,12.87,12.87,12.87,1,2025-10-13,2025-10-13,1
"4901480306421","Kokuyo Resare Eraser Color Student Art Eraser Convenient Foam Eraser Powerful Clean ケシ90N","Color:Pink","Japan Stationery","Lazada",2,12.76,6.38,6.38,6.38,1,2026-03-22,2026-03-22,1
"4901480306445","Kokuyo Resare Eraser Color Student Art Eraser Convenient Foam Eraser Powerful Clean ケシ90N","Color:Purple","Japan Stationery","Lazada",2,12.76,6.38,6.38,6.38,1,2026-03-22,2026-03-22,1
"4902778348796","2025 New Retreat Color Uni-ball Zento Standard Flow UMNSFT38D.1 UMNSFT38D.32 UMNSFT05D.6 UMNSFT05D.13","Color:Std-Lotus Pink","Japan Stationery","Lazada",1,12.73,12.73,12.73,12.73,1,2026-04-16,2026-04-16,1
"4902505674662","Pilot ILMILY 3rd Color to Color A2 Kumi Limited Edition Ballpoint Pen & Marker 0.4mm イルミリーCTC BP 04 B-GY イルミリーCTC BP 04","Olive-Mimosa (Pen)","Japan Stationery","Shopee",1,12.70,12.70,12.70,12.70,1,2025-07-17,2025-07-17,1
"4902505648991","Pilot ILMILY 3rd Color to Color A2 Kumi Limited Edition Ballpoint Pen & Marker 0.4mm イルミリーCTC BP 04 B-GY イルミリーCTC BP 04","Emerald-Mint (Pen)","Japan Stationery","Shopee",1,12.70,12.70,12.70,12.70,1,2025-08-15,2025-08-15,1
"4902778319659","Uni Mitsubishi Uni-ball One Creative Color Gel Ink Ballpoint Pen 0.38/0.5mm UMNSC38.1 UMNSC38.25 UMNSC38","ShimmerLightBlue0.5","Japan Stationery","Shopee",1,12.70,12.70,12.70,12.70,1,2025-12-14,2025-12-14,1
"4902778319598","Uni Mitsubishi Uni-ball One Creative Color Gel Ink Ballpoint Pen 0.38/0.5mm UMNSC38.1 UMNSC38.25 UMNSC38","ShimmerSoftPink0.38","Japan Stationery","Shopee",1,12.70,12.70,12.70,12.70,1,2026-01-04,2026-01-04,1
"4902778144817","Uni Mitsubishi Field Architectural  Mechanical Pencil Refill 2.0mm M20-700 1P","2H Refill","Japan Stationery","Shopee",1,12.70,12.70,12.70,12.70,1,2026-05-05,2026-05-05,1
"4902778313633","Uni Kurutoga KS Sanrio Japan Limited Edition Cinnamon Roll Pochacco Pompompurin Cinnamoroll M3KSSR1P.CCI M3KSSR1P.CPMB","H.B. Case Pink 0.5m","Japan Stationery","Shopee",1,12.70,12.70,12.70,12.70,1,2026-05-06,2026-05-06,1
"4901480364780","KOKUYO Enpitsu Sharp Mechanical Pencil Lead - HB / B / 2B ( 0.3 / 0.5 / 0.7 / 0.9 / 1.3 mm ) PSR-2B03-1P PSR-B03-1P","Option:1.3mm B (10pcs)","Japan Stationery","Lazada",1,12.54,12.54,12.54,12.54,1,2025-08-27,2025-08-27,1
"4901480364773","KOKUYO Enpitsu Sharp Mechanical Pencil Lead - HB / B / 2B ( 0.3 / 0.5 / 0.7 / 0.9 / 1.3 mm ) PSR-2B03-1P PSR-B03-1P","Option:0.9mm B (25pcs)","Japan Stationery","Lazada",1,12.54,12.54,12.54,12.54,1,2025-08-27,2025-08-27,1
"4901480364735","KOKUYO Enpitsu Sharp Mechanical Pencil Lead - HB / B / 2B ( 0.3 / 0.5 / 0.7 / 0.9 / 1.3 mm ) PSR-2B03-1P PSR-B03-1P","Option:1.3mm 2B (10pcs)","Japan Stationery","Lazada",1,12.54,12.54,12.54,12.54,1,2025-08-27,2025-08-27,1
"4901480364728","KOKUYO Enpitsu Sharp Mechanical Pencil Lead - HB / B / 2B ( 0.3 / 0.5 / 0.7 / 0.9 / 1.3 mm ) PSR-2B03-1P PSR-B03-1P","Option:0.9mm 2B (25pcs)","Japan Stationery","Lazada",1,12.53,12.53,12.53,12.53,1,2025-08-27,2025-08-27,1
"4902778339480","Uni Kurutoga KS & Switch & Replacement Lead 25-02 Limited Edition M3KS1P.WPC M5KS1P.CCM M5KS1P.MCA M5KS1P.SBM","Color:0.5 Refill Milk Tea","Japan Stationery","Lazada",1,12.43,12.43,12.43,12.43,1,2026-03-25,2026-03-25,1
"4901480632131","Kokuyo Campus Notebook 5 Colored Cover Semi-B5 Normal-Medium Line 30 Sheets 6mm 7mm ノ-3CAN-B ノ-3CBN-B","Size:6mm, Color:Green","Japan Stationery","Lazada",1,12.10,12.10,12.10,12.10,1,2026-05-30,2026-05-30,1
"4901480632162","Kokuyo Campus Notebook 5 Colored Cover Semi-B5 Normal-Medium Line 30 Sheets 6mm 7mm ノ-3CAN-B ノ-3CBN-B","Size:6mm, Color:Yellow","Japan Stationery","Lazada",1,12.09,12.09,12.09,12.09,1,2026-05-30,2026-05-30,1
"4901480091815","Kokuyo Campus Notebook 5 Colored Cover Semi-B5 Normal-Medium Line 30 Sheets 6mm 7mm ノ-3CAN-B ノ-3CBN-B","Size:7mm, Color:Pink","Japan Stationery","Lazada",1,12.00,12.00,12.00,12.00,1,2025-10-07,2025-10-07,1
"4902505676604","Pilot Neox Graphite Mechanical Pencil Refill 0.3/0.4/0.5/0.7/0.9mm HRFG-03-H -HB -B -2B HRFG-04-H -HB -B -2B HRFG-05-2H","B 0.9","Japan Stationery","Shopee",1,11.70,11.70,11.70,11.70,1,2025-10-23,2025-10-23,1
"4902505676598","Pilot Neox Graphite Mechanical Pencil Refill 0.3/0.4/0.5/0.7/0.9mm HRFG-03-H -HB -B -2B HRFG-04-H -HB -B -2B HRFG-05-2H","HB 0.9","Japan Stationery","Shopee",1,11.70,11.70,11.70,11.70,1,2026-04-13,2026-04-13,1
"4902505676499","Pilot Neox Graphite Mechanical Pencil Refill 0.3/0.4/0.5/0.7/0.9mm HRFG-03-H -HB -B -2B HRFG-04-H -HB -B -2B HRFG-05-2H","H 0.5","Japan Stationery","Shopee",1,11.70,11.70,11.70,11.70,1,2026-05-25,2026-05-25,1
"4901480364841","KOKUYO Enpitsu Sharp Mechanical Pencil Lead - HB / B / 2B ( 0.3 / 0.5 / 0.7 / 0.9 / 1.3 mm ) PSR-2B03-1P PSR-B03-1P","1.3mm red (5pcs)","Japan Stationery","Shopee",1,11.50,11.50,11.50,11.50,1,2025-10-24,2025-10-24,1
"4901480364759","KOKUYO Enpitsu Sharp Mechanical Pencil Lead - HB / B / 2B ( 0.3 / 0.5 / 0.7 / 0.9 / 1.3 mm ) PSR-2B03-1P PSR-B03-1P","0.5mm B (40pcs)","Japan Stationery","Shopee",1,11.50,11.50,11.50,11.50,1,2025-12-02,2025-12-02,1
"4901480364810","KOKUYO Enpitsu Sharp Mechanical Pencil Lead - HB / B / 2B ( 0.3 / 0.5 / 0.7 / 0.9 / 1.3 mm ) PSR-2B03-1P PSR-B03-1P","0.7mm HB (30pcs)","Japan Stationery","Shopee",1,11.50,11.50,11.50,11.50,1,2026-02-01,2026-02-01,1
"4902506406897","Japan Pentel Ain Mechanical Pencil Lead 0.2/0.3/0.4/0.5/0.7/0.9/1.3 mm","Type:0.7 2B","Japan Stationery","Lazada",1,11.49,11.49,11.49,11.49,1,2026-03-15,2026-03-15,1
"4902778258828","Refill for Jetstream Edge 0.28 mm SXR203-28","Color family:Red","Japan Stationery","Lazada",1,11.49,11.49,11.49,11.49,1,2025-11-03,2025-11-03,1
"4902778211359","Uni Nano Diamond Color Erasable Lead Mechanical Pencil - 0.5 mm","Color family:Red","Japan Stationery","Lazada",1,11.49,11.49,11.49,11.49,1,2025-08-17,2025-08-17,1
"4902778258835","Refill for Jetstream Edge 0.28 mm SXR203-28","Color family:Black","Japan Stationery","Lazada",1,11.48,11.48,11.48,11.48,1,2025-11-03,2025-11-03,1
"4902505686535","Pilot Lead Refill  Mechanical Pencil Neox Graphite Mini 0.3, 0.4, 0.5 HRFG-03-HB HRFG-0-B HRFGM-04-HB HRFGM-04-HBTAL","Lead:Graphite Mini 04 HB","Japan Stationery","Lazada",2,11.29,5.64,5.64,5.65,1,2025-10-02,2025-10-02,1
"4901480306452","Kokuyo Resare Eraser Color Student Art Eraser Convenient Foam Eraser Powerful Clean ケシ90N","Color:Light Green","Japan Stationery","Lazada",1,11.24,11.24,11.24,11.24,1,2026-06-29,2026-06-29,1
"4901480265902","KOKUYO Campus Notebook Color Cover with Dots, Ruled Width 7mm ノ-3CAT-B ノ-203CATN-B ノ-3CBT-B","paper_size:Blue-B5-30S-6mm","Japan Stationery","Lazada",1,11.23,11.23,11.23,11.23,1,2025-08-08,2025-08-08,1
"4901480265926","KOKUYO Campus Notebook Color Cover with Dots, Ruled Width 7mm ノ-3CAT-B ノ-203CATN-B ノ-3CBT-B","paper_size:Pink-B5-30S-6mm","Japan Stationery","Lazada",1,11.23,11.23,11.23,11.23,1,2025-08-08,2025-08-08,1
"4901480265933","KOKUYO Campus Notebook Color Cover with Dots, Ruled Width 7mm ノ-3CAT-B ノ-203CATN-B ノ-3CBT-B","paper_size:Purple-B5-30S-6mm","Japan Stationery","Lazada",1,11.23,11.23,11.23,11.23,1,2025-08-08,2025-08-08,1
"4902778258842","Refill for Jetstream Edge 0.28 mm SXR203-28","Color family:Blue","Japan Stationery","Lazada",1,11.18,11.18,11.18,11.18,1,2026-04-16,2026-04-16,1
"4902506406613","Japan Pentel Ain Mechanical Pencil Lead 0.2/0.3/0.4/0.5/0.7/0.9/1.3 mm","Type:0.5 HB","Japan Stationery","Lazada",1,11.07,11.07,11.07,11.07,1,2026-01-08,2026-01-08,1
"4902506406491","Japan Pentel Ain Mechanical Pencil Lead 0.2/0.3/0.4/0.5/0.7/0.9/1.3 mm","Type:0.4 B","Japan Stationery","Lazada",1,10.96,10.96,10.96,10.96,1,2025-09-13,2025-09-13,1
"4901480380971","Kokuyo Mark+ Two Tone Color Marker PM-MT100-5S","Color:Navy","Japan Stationery","Lazada",1,10.79,10.79,10.79,10.79,1,2026-04-20,2026-04-20,1
"4902505676468","Pilot Lead Refill  Mechanical Pencil Neox Graphite Mini 0.3, 0.4, 0.5 HRFG-03-HB HRFG-0-B HRFGM-04-HB HRFGM-04-HBTAL","NEO Graphite 04 B","Japan Stationery","Shopee",1,10.70,10.70,10.70,10.70,1,2025-08-02,2025-08-02,1
"4902778352779","Uni-ball Kuru toga KS & Switch & refill Cosmetics 2026 Japan Limited Edition Kurutoga M3KS1P.BRG M3KS1P.GLP M5KS1P.BRG","0.5 Refill Cheek Pal","Japan Stationery","Shopee",1,10.70,10.70,10.70,10.70,1,2026-04-04,2026-04-04,1
"4901681841172","Zebra Sarasa Series Limited Monochrome Series Clip 3C Grand Japan Limited Edition","Clip 0.5 White","Japan Stationery","Shopee",1,10.70,10.70,10.70,10.70,1,2026-04-14,2026-04-14,1
"4902778274293","Uni Mitsubishi Mechanical Pencil Refill Leads 0.3/0.4/0.5/0.7/0.9 mm UL-S-0.3-25 1P","Type:HB (0.9","Japan Stationery","Lazada",1,10.63,10.63,10.63,10.63,1,2026-01-17,2026-01-17,1
"4902778274187","Uni Mitsubishi Mechanical Pencil Refill Leads 0.3/0.4/0.5/0.7/0.9 mm UL-S-0.3-25 1P","Type:2H (0.5)","Japan Stationery","Lazada",1,10.63,10.63,10.63,10.63,1,2026-01-17,2026-01-17,1
"4902778274118","Uni Mitsubishi Mechanical Pencil Refill Leads 0.3/0.4/0.5/0.7/0.9 mm UL-S-0.3-25 1P","Type:4H (0.5)","Japan Stationery","Lazada",1,10.63,10.63,10.63,10.63,1,2026-01-17,2026-01-17,1
"4901681853519","Sarasa Clip 0.5 Limited Sanrio Characters 1st Edition JJ29-SR1-BK1 JJ29-SR1-R1 JJ29-SR1-C0BL JJ29-SR1-ROR JJ29-SR1-3CA R","Variation1:My Melody (Pink ink)","Japan Stationery","Lazada",1,10.60,10.60,10.60,10.60,1,2025-09-30,2025-09-30,1
"4902506406385","Japan Pentel Ain Mechanical Pencil Lead 0.2/0.3/0.4/0.5/0.7/0.9/1.3 mm","Type:0.3 HB","Japan Stationery","Lazada",1,10.60,10.60,10.60,10.60,1,2025-08-20,2025-08-20,1
"4901681853175","Sarasa Clip 0.5 Limited Sanrio Characters 1st Edition JJ29-SR1-BK1 JJ29-SR1-R1 JJ29-SR1-C0BL JJ29-SR1-ROR JJ29-SR1-3CA R","Variation1:Hangyodon (Green)","Japan Stationery","Lazada",1,10.59,10.59,10.59,10.59,1,2025-09-30,2025-09-30,1
"4902778322161","Uni Mitsubishi Uniball ZENTO Basic Standard Flow Gel Pens 0.38/0.5mm UBNZS38.15 UBNZS38 UBNZS05","Type:Basic Black 0.5","Japan Stationery","Lazada",1,10.55,10.55,10.55,10.55,1,2025-11-19,2025-11-19,1
"4901480367033","Kokuyo Campus Notebook Dottted B Ruled B5 A4 A5 A6 40-50 Sheets ノ-105BT-DB ノ-5BT-DB ノ-201ATN-DB  ス-T153BT-DB","Twin Ring Memo 50S","Japan Stationery","Shopee",1,10.00,10.00,10.00,10.00,1,2025-12-20,2025-12-20,1
"4901681823857","Mildliner Fragrance Japan Limited Edition Highlighter Pen Series Special Zebra WK7T-FR-MS0B WK7T","White Musk Scent","Japan Stationery","Shopee",1,9.70,9.70,9.70,9.70,1,2026-01-28,2026-01-28,1
"4901681129249","Zebra Snoopy Wakuwaku Delguard Mildliner Macky Sarasa Japan Limited Edition P-MA85-SN-WS-PU WKT7-SN-WS-MBP YYTS7-SN-WS-B","ML Coral Pink","Japan Stationery","Shopee",1,9.70,9.70,9.70,9.70,1,2026-05-03,2026-05-03,1
"4902778322215","Uni Mitsubishi Uniball ZENTO Gel Pen Refill 0.38/0.5mm UBRZ38.15 UBRZ38.24 UBRZ38 UBRZ05 UBRZ05.24","Type:Refill Blue 0.38","Japan Stationery","Lazada",1,9.61,9.61,9.61,9.61,1,2026-05-06,2026-05-06,1
"4901681823840","Mildliner Fragrance Japan Limited Edition Highlighter Pen Series Special Zebra WK7T-FR-MS0B WK7T","Color:Citrus Scent","Japan Stationery","Lazada",1,9.60,9.60,9.60,9.60,1,2025-11-03,2025-11-03,1
"4901480265926","KOKUYO Campus Notebook Color Cover with Dots, Ruled Width 7mm ノ-3CAT-B ノ-203CATN-B ノ-3CBT-B","Pink|B5|30S|6mm","Japan Stationery","Shopee",1,9.50,9.50,9.50,9.50,1,2025-07-16,2025-07-16,1
"4901480072913","Kokuyo Campus Notebook Special Ruled B5 A4 Grid, English Practice, Vertical, Plain Ruled 30-40 Sheets ノ-13S5 ノ-201S5","Grid B5","Japan Stationery","Shopee",1,9.50,9.50,9.50,9.50,1,2025-07-17,2025-07-17,1
"4901480091808","Kokuyo Campus Notebook 5 Colored Cover Semi-B5 Normal-Medium Line 30 Sheets 6mm 7mm ノ-3CAN-B ノ-3CBN-B","Green,7mm","Japan Stationery","Shopee",1,9.50,9.50,9.50,9.50,1,2025-12-02,2025-12-02,1
"4901480072876","Kokuyo Campus Notebook Special Ruled B5 A4 Grid, English Practice, Vertical, Plain Ruled 30-40 Sheets ノ-13S5 ノ-201S5","Plain B5","Japan Stationery","Shopee",1,9.50,9.50,9.50,9.50,1,2025-12-06,2025-12-06,1
"4901480632124","Kokuyo Campus Notebook 5 Colored Cover Semi-B5 Normal-Medium Line 30 Sheets 6mm 7mm ノ-3CAN-B ノ-3CBN-B","Blue,6mm","Japan Stationery","Shopee",1,9.50,9.50,9.50,9.50,1,2026-06-13,2026-06-13,1
"4901480294124","Kokuyo Campus Notebook B5 Pink / Blue / Yellow / Green / Light Blue 6mm 7mm Ruled for Drawing Chart 30 Sheets ノ-F3AKN-B","paper_size:Yellow-B5-7mm-30S","Japan Stationery","Lazada",1,9.41,9.41,9.41,9.41,1,2026-04-20,2026-04-20,1
"4901991658118","Tombow Mono Limited Shimmer Edition 958S DPB-142A DPB-142B DPB-142C DPB-142D DPB-142E CT-PAX5C209L CT-PAX5C409L","Eraser,Frozen","Japan Stationery","Shopee",1,8.70,8.70,8.70,8.70,1,2026-02-15,2026-02-15,1
"4902778272435","Uni Mitsubishi Mechanical Pencil Refill Leads 0.3/0.4/0.5/0.7/0.9 mm UL-S-0.3-25 1P","Variation1:2B (0.3)","Japan Stationery","Lazada",1,8.66,8.66,8.66,8.66,1,2025-10-11,2025-10-11,1
"4901480353999","Kokuyo Highlighter Pen 2 Tone Mark Plus Gray Type PM-MT101","Gray Green","Japan Stationery","Shopee",1,8.50,8.50,8.50,8.50,1,2025-08-16,2025-08-16,1
"4901480354019","Kokuyo Highlighter Pen 2 Tone Mark Plus Gray Type PM-MT101","Gray Purple","Japan Stationery","Shopee",1,8.50,8.50,8.50,8.50,1,2025-08-16,2025-08-16,1
"4901480032627","Kokuyo PM-MT200 Mark+ Two Way Color Highlighter Fineliner Marker PM-MT200LG PM-MT200K PM-MT200G PM-MT200DB PM-MT200P","Light Green","Japan Stationery","Shopee",1,8.50,8.50,8.50,8.50,1,2025-12-29,2025-12-29,1
"4901480365350","Kokuyo 2-Way Highlighter Marker 5 Colors Set. Mark+ Gray Type PM-MT201BM PM-MT201GM PM-MT201PM PM-MT201VM","Purple Gray","Japan Stationery","Shopee",1,8.50,8.50,8.50,8.50,1,2026-01-03,2026-01-03,1
"4901480365343","Kokuyo 2-Way Highlighter Marker 5 Colors Set. Mark+ Gray Type PM-MT201BM PM-MT201GM PM-MT201PM PM-MT201VM","Pink Gray","Japan Stationery","Shopee",1,8.50,8.50,8.50,8.50,1,2026-06-28,2026-06-28,1
"4902506323743","Pentel Art Multi 8 Mechanical Pencil Refill Leads 0.2mm CH2-A CH2-B CH2-C CH2-D CH2-E CH2-F CH2-G CH2-H CH2-K CH2-P","Brown","Japan Stationery","Shopee",1,8.20,8.20,8.20,8.20,1,2025-07-11,2025-07-11,1
"4901480321950","Kokuyo Campus Notebook Dottted B Ruled B5 A4 A5 A6 40-50 Sheets ノ-105BT-DB ノ-5BT-DB ノ-201ATN-DB  ス-T153BT-DB","Size:B5 50S","Japan Stationery","Lazada",1,8.00,8.00,8.00,8.00,1,2025-10-20,2025-10-20,1
"4901681531431","Rrefill for Zebra Blen 3C SNC-0.5 Multi-pen 0.5mm","Red","Japan Stationery","Shopee",1,7.90,7.90,7.90,7.90,1,2026-02-26,2026-02-26,1
"4901681531431","Rrefill for Zebra Blen 3C SNC-0.5 Multi-pen 0.5mm","color:Red","Japan Stationery","Lazada",1,7.90,7.90,7.90,7.90,1,2026-04-02,2026-04-02,1
"4902505649059","Pilot ILMILY 3rd Color to Color A2 Kumi Limited Edition Ballpoint Pen & Marker 0.4mm イルミリーCTC BP 04 B-GY イルミリーCTC BP 04","Type:Grape-Lavender(Marke","Japan Stationery","Lazada",1,7.52,7.52,7.52,7.52,1,2025-09-28,2025-09-28,1
"4902505674686","Pilot ILMILY 3rd Color to Color A2 Kumi Limited Edition Ballpoint Pen & Marker 0.4mm イルミリーCTC BP 04 B-GY イルミリーCTC BP 04","Type:Olive-Mimosa(Marker)","Japan Stationery","Lazada",1,7.51,7.51,7.51,7.51,1,2025-09-28,2025-09-28,1
"4902505674693","Pilot ILMILY 3rd Color to Color A2 Kumi Limited Edition Ballpoint Pen & Marker 0.4mm イルミリーCTC BP 04 B-GY イルミリーCTC BP 04","Type:Sepia-Nemophila(Mark","Japan Stationery","Lazada",1,7.51,7.51,7.51,7.51,1,2025-09-28,2025-09-28,1
"4901480306414","Kokuyo Resare Eraser Color Student Art Eraser Convenient Foam Eraser Powerful Clean ケシ90N","Color:Blue","Japan Stationery","Lazada",1,7.18,7.18,7.18,7.18,1,2025-11-03,2025-11-03,1
"4901681982189","Refill for Zebra Sarasa Grand JF-0.5 Gel Ink Pen Vintage Color Series 0.3mm/0.5mm","Camel Yellow,0.5mm","Japan Stationery","Shopee",1,6.90,6.90,6.90,6.90,1,2025-09-12,2025-09-12,1
"4901681244515","Refill for Zebra Sarasa Grand JF-0.5 Gel Ink Pen Vintage Color Series 0.3mm/0.5mm","Black,0.3mm","Japan Stationery","Shopee",1,6.90,6.90,6.90,6.90,1,2025-09-25,2025-09-25,1
"4901681244591","Refill for Zebra Sarasa Grand JF-0.5 Gel Ink Pen Vintage Color Series 0.3mm/0.5mm","Blue Black,0.3mm","Japan Stationery","Shopee",1,6.90,6.90,6.90,6.90,1,2025-09-27,2025-09-27,1
"4902778292440","Refill for Mitsubishi Multi Function Jetstream Pen SXR-80-10 (1.0mm)","Red (1.0mm)","Japan Stationery","Shopee",1,6.90,6.90,6.90,6.90,1,2026-06-08,2026-06-08,1
"4901681843916","Sarasa Clip 0.5 Limited Sanrio Characters 1st Edition JJ29-SR1-BK1 JJ29-SR1-R1 JJ29-SR1-C0BL JJ29-SR1-ROR JJ29-SR1-3CA R","Color:Refill Black","Japan Stationery","Lazada",2,5.40,2.70,2.70,2.70,1,2026-01-18,2026-01-18,1
"4901991063486","Tombow Sharp Mechanical Pencil Monowork Monograph Work 1.3mm Exam Ideas 869S Set DPB-151A DPB-161 PCB-251 ECJ-121","Color:ー, Pink","Japan Stationery","Lazada",1,5.29,5.29,5.29,5.29,1,2026-02-20,2026-02-20,1
"4901991063509","Tombow Sharp Mechanical Pencil Monowork Monograph Work 1.3mm Exam Ideas 869S Set DPB-151A DPB-161 PCB-251 ECJ-121","Color:Refill B","Japan Stationery","Lazada",1,2.82,2.82,2.82,2.82,1,2026-02-20,2026-02-20,1
